time_seconds,fetal_heart_rate
0.0,137.5
0.25,137.5
0.5,137.5
0.75,139.5
1.0,139.5
1.25,140.75
1.5,141.5
1.75,141.5
2.0,142.75
2.25,142.75
2.5,143.5
2.75,141.5
3.0,141.5
3.25,141.5
3.5,141.5
3.75,142.25
4.0,144.25
4.25,144.25
4.5,143.5
4.75,143.5
5.0,145.0
5.25,145.0
5.5,145.0
5.75,144.25
6.0,144.25
6.25,145.75
6.5,145.75
6.75,145.75
7.0,142.75
7.25,142.75
7.5,139.0
7.75,139.0
8.0,135.25
8.25,133.25
8.5,133.25
8.75,136.25
9.0,136.25
9.25,137.0
9.5,137.0
9.75,138.25
10.0,137.5
10.25,137.5
10.5,137.5
10.75,137.0
11.0,137.5
11.25,137.5
11.5,139.0
11.75,140.25
12.0,140.25
12.25,140.75
12.5,140.75
12.75,142.75
13.0,142.75
13.25,142.75
13.5,145.0
13.75,145.0
14.0,145.0
14.25,147.0
14.5,147.0
14.75,147.0
15.0,147.0
15.25,147.75
15.5,149.25
15.75,149.25
16.0,149.25
16.25,147.75
16.5,147.75
16.75,149.25
17.0,149.25
17.25,149.25
17.5,149.25
17.75,149.25
18.0,147.75
18.25,147.0
18.5,147.0
18.75,145.0
19.0,145.0
19.25,145.0
19.5,146.25
19.75,146.25
20.0,146.25
20.25,146.25
20.5,145.75
20.75,146.25
21.0,146.25
21.25,145.75
21.5,145.75
21.75,144.25
22.0,145.0
22.25,145.0
22.5,145.75
22.75,145.75
23.0,144.25
23.25,145.0
23.5,145.0
23.75,145.75
24.0,145.75
24.25,146.25
24.5,145.75
24.75,145.75
25.0,142.75
25.25,142.75
25.5,145.0
25.75,145.0
26.0,145.0
26.25,145.75
26.5,145.75
26.75,146.25
27.0,145.75
27.25,145.75
27.5,145.75
27.75,145.75
28.0,145.75
28.25,146.25
28.5,146.25
28.75,147.0
29.0,147.0
29.25,147.0
29.5,147.75
29.75,147.75
30.0,148.5
30.25,148.5
30.5,148.5
30.75,150.0
31.0,150.0
31.25,150.0
31.5,150.0
31.75,150.75
32.0,150.0
32.25,151.5
32.5,151.5
32.75,151.5
33.0,152.25
33.25,152.25
33.5,151.5
33.75,151.5
34.0,153.0
34.25,153.0
34.5,153.0
34.75,153.75
35.0,153.75
35.25,153.75
35.5,154.75
35.75,155.5
36.0,155.5
36.25,154.75
36.5,154.75
36.75,154.75
37.0,150.0
37.25,150.0
37.5,147.75
37.75,140.75
38.0,140.75
38.25,133.25
38.5,133.25
38.75,134.0
39.0,134.0
39.25,134.5
39.5,137.0
39.75,137.0
40.0,136.25
40.25,136.25
40.5,137.0
40.75,137.0
41.0,135.75
41.25,135.75
41.5,135.75
41.75,135.75
42.0,135.75
42.25,135.75
42.5,135.75
42.75,134.0
43.0,134.0
43.25,130.5
43.5,130.5
43.75,119.5
44.0,119.5
44.25,115.5
44.5,115.5
44.75,119.5
45.0,119.5
45.25,122.0
45.5,122.0
45.75,124.0
46.0,124.0
46.25,125.5
46.5,125.5
46.75,125.5
47.0,131.0
47.25,131.0
47.5,135.25
47.75,135.25
48.0,139.0
48.25,139.0
48.5,140.75
48.75,143.5
49.0,143.5
49.25,145.0
49.5,145.0
49.75,145.0
50.0,147.0
50.25,147.0
50.5,147.75
50.75,148.5
51.0,148.5
51.25,150.0
51.5,150.0
51.75,150.75
52.0,150.0
52.25,150.0
52.5,150.75
52.75,150.0
53.0,150.0
53.25,150.75
53.5,150.75
53.75,147.75
54.0,150.75
54.25,150.75
54.5,150.75
54.75,150.0
55.0,150.75
55.25,151.5
55.5,151.5
55.75,151.5
56.0,152.25
56.25,152.25
56.5,153.0
56.75,153.0
57.0,153.0
57.25,153.75
57.5,153.75
57.75,153.75
58.0,154.75
58.25,154.75
58.5,152.25
58.75,151.5
59.0,151.5
59.25,150.75
59.5,148.5
59.75,148.5
60.0,147.75
60.25,147.75
60.5,147.0
60.75,147.0
61.0,147.0
61.25,145.75
61.5,145.75
61.75,142.25
62.0,144.25
62.25,144.25
62.5,146.25
62.75,146.25
63.0,146.25
63.25,147.75
63.5,147.75
63.75,149.25
64.0,148.5
64.25,148.5
64.5,150.75
64.75,151.5
65.0,151.5
65.25,152.25
65.5,152.25
65.75,153.75
66.0,153.75
66.25,153.75
66.5,154.75
66.75,155.5
67.0,155.5
67.25,156.25
67.5,156.25
67.75,158.0
68.0,156.25
68.25,158.0
68.5,158.0
68.75,158.75
69.0,158.75
69.25,158.75
69.5,158.75
69.75,159.5
70.0,159.5
70.25,157.0
70.5,158.0
70.75,158.0
71.0,158.0
71.25,158.0
71.5,155.5
71.75,154.75
72.0,154.75
72.25,155.5
72.5,155.5
72.75,155.5
73.0,152.25
73.25,148.5
73.5,148.5
73.75,150.0
74.0,150.0
74.25,150.75
74.5,151.5
74.75,151.5
75.0,152.25
75.25,151.5
75.5,151.5
75.75,149.25
76.0,149.25
76.25,150.0
76.5,146.25
76.75,146.25
77.0,143.5
77.25,143.5
77.5,140.75
77.75,135.25
78.0,135.25
78.25,131.5
78.5,131.5
78.75,131.0
79.0,131.0
79.25,131.0
79.5,131.0
79.75,131.5
80.0,131.5
80.25,127.75
80.5,132.75
80.75,132.75
81.0,131.0
81.25,131.0
81.5,131.0
81.75,131.5
82.0,134.5
82.25,138.25
82.5,138.25
82.75,140.75
83.0,140.75
83.25,143.5
83.5,143.5
83.75,147.0
84.0,147.75
84.25,147.75
84.5,150.75
84.75,149.25
85.0,149.25
85.25,151.5
85.5,153.0
85.75,153.0
86.0,152.25
86.25,152.25
86.5,151.5
86.75,151.5
87.0,151.5
87.25,152.25
87.5,151.5
87.75,151.5
88.0,153.0
88.25,153.0
88.5,153.0
88.75,154.75
89.0,154.75
89.25,154.75
89.5,155.5
89.75,155.5
90.0,156.25
90.25,154.75
90.5,154.75
90.75,153.75
91.0,155.5
91.25,155.5
91.5,155.5
91.75,154.75
92.0,154.75
92.25,153.75
92.5,153.75
92.75,153.0
93.0,151.5
93.25,151.5
93.5,150.75
93.75,150.75
94.0,150.75
94.25,151.5
94.5,151.5
94.75,150.75
95.0,153.0
95.25,153.0
95.5,150.75
95.75,150.0
96.0,150.0
96.25,148.5
96.5,148.5
96.75,148.5
97.0,147.0
97.25,147.0
97.5,147.0
97.75,145.0
98.0,145.0
98.25,143.5
98.5,143.5
98.75,144.25
99.0,144.25
99.25,144.25
99.5,143.5
99.75,143.5
100.0,144.25
100.25,145.0
100.5,145.0
100.75,145.75
101.0,145.75
101.25,144.25
101.5,145.0
101.75,145.0
102.0,143.5
102.25,143.5
102.5,143.5
102.75,145.75
103.0,145.0
103.25,146.25
103.5,146.25
103.75,145.0
104.0,144.25
104.25,144.25
104.5,145.75
104.75,145.75
105.0,147.0
105.25,147.0
105.5,147.0
105.75,147.0
106.0,148.5
106.25,148.5
106.5,149.25
106.75,149.25
107.0,150.75
107.25,152.25
107.5,152.25
107.75,152.25
108.0,153.75
108.25,153.75
108.5,153.0
108.75,153.0
109.0,153.0
109.25,152.25
109.5,152.25
109.75,153.0
110.0,153.75
110.25,153.75
110.5,153.75
110.75,153.0
111.0,153.0
111.25,153.75
111.5,154.75
111.75,154.75
112.0,154.75
112.25,154.75
112.5,155.5
112.75,156.25
113.0,156.25
113.25,155.5
113.5,155.5
113.75,155.5
114.0,153.75
114.25,150.75
114.5,150.75
114.75,145.0
115.0,145.0
115.25,142.75
115.5,140.75
115.75,140.75
116.0,140.75
116.25,140.75
116.5,137.5
116.75,137.5
117.0,135.75
117.25,137.0
117.5,137.0
117.75,139.5
118.0,139.5
118.25,140.75
118.5,140.75
118.75,140.25
119.0,140.75
119.25,140.75
119.5,141.5
119.75,141.5
120.0,142.25
120.25,142.25
120.5,142.25
120.75,144.25
121.0,144.25
121.25,145.75
121.5,146.25
121.75,146.25
122.0,147.0
122.25,147.0
122.5,145.0
122.75,146.25
123.0,146.25
123.25,146.25
123.5,146.25
123.75,146.25
124.0,147.0
124.25,147.0
124.5,148.5
124.75,147.75
125.0,147.75
125.25,148.5
125.5,148.5
125.75,149.25
126.0,149.25
126.25,149.25
126.5,149.25
126.75,148.5
127.0,148.5
127.25,147.0
127.5,147.0
127.75,145.75
128.0,145.75
128.25,145.75
128.5,144.25
128.75,144.25
129.0,145.0
129.25,146.25
129.5,146.25
129.75,144.25
130.0,144.25
130.25,145.75
130.5,147.0
130.75,147.0
131.0,148.5
131.25,149.25
131.5,149.25
131.75,150.75
132.0,150.75
132.25,151.5
132.5,153.0
132.75,153.0
133.0,153.75
133.25,154.75
133.5,154.75
133.75,156.25
134.0,156.25
134.25,156.25
134.5,157.0
134.75,158.0
135.0,158.0
135.25,158.75
135.5,158.75
135.75,158.75
136.0,159.5
136.25,159.5
136.5,159.5
136.75,158.75
137.0,158.0
137.25,158.0
137.5,156.25
137.75,156.25
138.0,154.75
138.25,153.75
138.5,153.75
138.75,151.5
139.0,152.25
139.25,152.25
139.5,150.75
139.75,150.0
140.0,150.0
140.25,150.0
140.5,150.0
140.75,148.5
141.0,146.25
141.25,146.25
141.5,144.25
141.75,144.25
142.0,145.0
142.25,146.25
142.5,146.25
142.75,147.0
143.0,147.0
143.25,147.0
143.5,147.0
143.75,147.75
144.0,147.75
144.25,145.0
144.5,145.0
144.75,142.75
145.0,142.75
145.25,143.5
145.5,144.25
145.75,144.25
146.0,142.75
146.25,142.75
146.5,144.25
146.75,145.0
147.0,145.0
147.25,146.25
147.5,146.25
147.75,145.75
148.0,145.75
148.25,145.75
148.5,146.25
148.75,146.25
149.0,147.75
149.25,148.5
149.5,148.5
149.75,150.0
150.0,150.75
150.25,150.75
150.5,151.5
150.75,151.5
151.0,152.25
151.25,153.75
151.5,153.75
151.75,154.75
152.0,154.75
152.25,154.75
152.5,155.5
152.75,156.25
153.0,156.25
153.25,158.0
153.5,157.0
153.75,157.0
154.0,158.75
154.25,159.5
154.5,159.5
154.75,158.75
155.0,160.5
155.25,160.5
155.5,160.5
155.75,160.5
156.0,160.5
156.25,160.5
156.5,160.5
156.75,160.5
157.0,159.5
157.25,159.5
157.5,159.5
157.75,159.5
158.0,158.0
158.25,158.0
158.5,156.25
158.75,156.25
159.0,154.75
159.25,155.5
159.5,155.5
159.75,151.5
160.0,147.0
160.25,147.0
160.5,141.5
160.75,141.5
161.0,137.0
161.25,137.0
161.5,134.0
161.75,130.5
162.0,130.5
162.25,129.75
162.5,129.75
162.75,127.75
163.0,127.75
163.25,126.5
163.5,126.5
163.75,125.0
164.0,125.0
164.25,124.5
164.5,124.5
164.75,125.5
165.0,125.5
165.25,125.5
165.5,125.5
165.75,128.25
166.0,132.75
166.25,132.75
166.5,132.75
166.75,130.5
167.0,132.25
167.25,132.25
167.5,132.25
167.75,134.5
168.0,133.25
168.25,137.0
168.5,137.0
168.75,138.25
169.0,138.25
169.25,139.5
169.5,139.5
169.75,137.5
170.0,139.0
170.25,139.0
170.5,137.0
170.75,137.0
171.0,138.25
171.25,138.25
171.5,138.25
171.75,138.25
172.0,137.5
172.25,139.5
172.5,139.5
172.75,137.5
173.0,138.25
173.25,138.25
173.5,139.5
173.75,139.5
174.0,139.5
174.25,139.5
174.5,140.25
174.75,141.5
175.0,141.5
175.25,142.25
175.5,142.25
175.75,142.25
176.0,142.75
176.25,142.75
176.5,142.75
176.75,143.5
177.0,142.75
177.25,142.75
177.5,142.75
177.75,144.25
178.0,144.25
178.25,145.0
178.5,142.75
178.75,142.75
179.0,142.75
179.25,142.75
179.5,142.75
179.75,141.5
180.0,142.75
180.25,143.5
180.5,143.5
180.75,143.5
181.0,143.5
181.25,143.5
181.5,142.25
181.75,142.25
182.0,142.25
182.25,142.25
182.5,140.25
182.75,142.25
183.0,142.25
183.25,140.25
183.5,140.25
183.75,140.75
184.0,142.25
184.25,142.25
184.5,139.5
184.75,139.5
185.0,140.25
185.25,140.25
185.5,138.25
185.75,139.0
186.0,139.0
186.25,139.0
186.5,139.0
186.75,137.0
187.0,137.5
187.25,137.5
187.5,137.0
187.75,137.0
188.0,134.0
188.25,134.0
188.5,134.0
188.75,134.0
189.0,136.25
189.25,135.25
189.5,135.25
189.75,135.75
190.0,135.75
190.25,137.5
190.5,137.5
190.75,136.25
191.0,135.75
191.25,135.75
191.5,137.0
191.75,137.0
192.0,135.25
192.25,135.25
192.5,136.25
192.75,137.0
193.0,137.0
193.25,137.5
193.5,137.5
193.75,137.5
194.0,137.5
194.25,138.25
194.5,140.25
194.75,140.25
195.0,140.75
195.25,140.75
195.5,139.5
195.75,140.75
196.0,140.75
196.25,140.25
196.5,140.25
196.75,140.25
197.0,140.25
197.25,139.5
197.5,141.5
197.75,141.5
198.0,139.0
198.25,139.0
198.5,139.5
198.75,139.0
199.0,139.0
199.25,139.0
199.5,139.0
199.75,138.25
200.0,138.25
200.25,137.5
200.5,138.25
200.75,138.25
201.0,137.5
201.25,137.5
201.5,139.0
201.75,139.0
202.0,138.25
202.25,139.0
202.5,139.0
202.75,137.5
203.0,137.5
203.25,138.25
203.5,138.25
203.75,138.25
204.0,140.25
204.25,140.25
204.5,140.75
204.75,140.75
205.0,142.25
205.25,143.5
205.5,143.5
205.75,143.5
206.0,143.5
206.25,145.0
206.5,145.0
206.75,145.0
207.0,146.25
207.25,146.25
207.5,145.0
207.75,144.25
208.0,144.25
208.25,140.25
208.5,140.25
208.75,136.25
209.0,136.25
209.25,129.25
209.5,129.25
209.75,120.5
210.0,120.5
210.25,121.0
210.5,121.0
210.75,121.0
211.0,121.0
211.25,119.5
211.5,119.5
211.75,118.5
212.0,118.5
212.25,117.25
212.5,117.25
212.75,118.0
213.0,118.0
213.25,118.0
213.5,118.0
213.75,119.5
214.0,119.5
214.25,123.0
214.5,123.0
214.75,124.5
215.0,124.5
215.25,127.75
215.5,129.25
215.75,129.25
216.0,130.5
216.25,130.5
216.5,131.0
216.75,131.0
217.0,129.25
217.25,129.25
217.5,131.0
217.75,131.0
218.0,131.5
218.25,134.5
218.5,134.5
218.75,135.75
219.0,135.75
219.25,136.25
219.5,136.25
219.75,138.25
220.0,140.25
220.25,140.25
220.5,140.25
220.75,141.5
221.0,140.75
221.25,139.5
221.5,139.5
221.75,139.0
222.0,139.0
222.25,136.25
222.5,136.25
222.75,135.25
223.0,135.25
223.25,135.25
223.5,135.75
223.75,135.75
224.0,134.5
224.25,134.5
224.5,134.0
224.75,134.0
225.0,133.25
225.25,131.5
225.5,131.5
225.75,132.25
226.0,132.25
226.25,132.75
226.5,132.75
226.75,132.25
227.0,132.25
227.25,131.5
227.5,131.5
227.75,133.25
228.0,138.25
228.25,138.25
228.5,140.75
228.75,140.75
229.0,143.5
229.25,144.25
229.5,144.25
229.75,146.25
230.0,146.25
230.25,146.25
230.5,146.25
230.75,146.25
231.0,146.25
231.25,146.25
231.5,146.25
231.75,145.0
232.0,145.0
232.25,145.0
232.5,145.0
232.75,140.25
233.0,137.0
233.25,137.0
233.5,137.0
233.75,134.5
234.0,130.5
234.25,130.5
234.5,129.25
234.75,129.25
235.0,127.75
235.25,127.75
235.5,127.75
235.75,126.5
236.0,128.75
236.25,131.5
236.5,131.5
236.75,131.5
237.0,131.5
237.25,132.25
237.5,132.25
237.75,129.25
238.0,129.25
238.25,127.75
238.5,127.75
238.75,131.5
239.0,129.25
239.25,129.25
239.5,129.25
239.75,129.75
240.0,127.75
240.25,127.75
240.5,127.0
240.75,127.0
241.0,128.75
241.25,128.75
241.5,130.5
241.75,134.0
242.0,134.0
242.25,132.75
242.5,132.75
242.75,131.0
243.0,131.0
243.25,132.75
243.5,132.75
243.75,130.5
244.0,131.5
244.25,131.5
244.5,134.0
244.75,134.0
245.0,131.5
245.25,131.5
245.5,132.25
245.75,132.25
246.0,134.0
246.25,134.0
246.5,134.0
246.75,134.0
247.0,134.0
247.25,134.5
247.5,134.5
247.75,135.25
248.0,135.25
248.25,134.0
248.5,135.25
248.75,135.25
249.0,134.0
249.25,134.0
249.5,136.25
249.75,136.25
250.0,138.25
250.25,138.25
250.5,138.25
250.75,135.25
251.0,135.25
251.25,136.25
251.5,136.25
251.75,138.25
252.0,139.5
252.25,139.5
252.5,137.5
252.75,137.5
253.0,139.0
253.25,139.0
253.5,140.25
253.75,142.25
254.0,142.25
254.25,142.25
254.5,142.25
254.75,143.5
255.0,143.5
255.25,143.5
255.5,143.5
255.75,142.75
256.0,141.5
256.25,139.5
256.5,139.5
256.75,140.75
257.0,140.75
257.25,139.5
257.5,139.5
257.75,138.25
258.0,140.25
258.25,140.25
258.5,140.25
258.75,139.5
259.0,140.75
259.25,142.75
259.5,142.75
259.75,144.25
260.0,144.25
260.25,145.0
260.5,145.0
260.75,145.0
261.0,146.25
261.25,146.25
261.5,147.0
261.75,149.25
262.0,149.25
262.25,148.5
262.5,150.75
262.75,150.75
263.0,150.75
263.25,150.75
263.5,152.25
263.75,153.0
264.0,153.0
264.25,154.75
264.5,155.5
264.75,155.5
265.0,155.5
265.25,156.25
265.5,156.25
265.75,157.0
266.0,157.0
266.25,157.0
266.5,158.75
266.75,158.75
267.0,158.75
267.25,158.75
267.5,159.5
267.75,159.5
268.0,160.5
268.25,160.5
268.5,160.5
268.75,160.5
269.0,162.25
269.25,162.25
269.5,161.25
269.75,162.25
270.0,162.25
270.25,162.25
270.5,162.25
270.75,162.25
271.0,162.25
271.25,163.0
271.5,163.0
271.75,161.25
272.0,160.5
272.25,160.5
272.5,156.25
272.75,153.75
273.0,153.75
273.25,150.75
273.5,150.75
273.75,147.75
274.0,147.0
274.25,147.0
274.5,147.75
274.75,148.5
275.0,148.5
275.25,145.75
275.5,145.75
275.75,143.5
276.0,143.5
276.25,143.5
276.5,139.5
276.75,139.5
277.0,139.0
277.25,139.0
277.5,137.0
277.75,135.75
278.0,135.75
278.25,133.25
278.5,133.25
278.75,131.0
279.0,131.0
279.25,132.25
279.5,132.25
279.75,128.25
280.0,128.25
280.25,127.0
280.5,127.0
280.75,127.0
281.0,131.0
281.25,131.0
281.5,134.0
281.75,134.0
282.0,137.5
282.25,137.5
282.5,136.25
282.75,135.25
283.0,135.25
283.25,135.75
283.5,135.75
283.75,135.75
284.0,135.75
284.25,136.25
284.5,136.25
284.75,135.75
285.0,137.0
285.25,137.0
285.5,137.5
285.75,137.5
286.0,137.5
286.25,139.0
286.5,139.0
286.75,140.25
287.0,140.25
287.25,140.75
287.5,140.75
287.75,139.5
288.0,140.25
288.25,140.25
288.5,140.75
288.75,140.75
289.0,142.25
289.25,142.25
289.5,142.25
289.75,142.75
290.0,142.75
290.25,142.25
290.5,142.75
290.75,142.75
291.0,142.75
291.25,142.75
291.5,139.5
291.75,139.5
292.0,140.25
292.25,139.5
292.5,139.5
292.75,140.25
293.0,140.25
293.25,140.25
293.5,140.25
293.75,140.25
294.0,139.0
294.25,139.0
294.5,139.0
294.75,139.0
295.0,139.5
295.25,139.5
295.5,139.5
295.75,138.25
296.0,138.25
296.25,139.0
296.5,139.0
296.75,140.25
297.0,140.25
297.25,140.25
297.5,142.25
297.75,142.25
298.0,141.5
298.25,143.5
298.5,143.5
298.75,144.25
299.0,144.25
299.25,145.0
299.5,145.0
299.75,145.0
300.0,143.5
300.25,143.5
300.5,143.5
300.75,143.5
301.0,143.5
301.25,143.5
301.5,143.5
301.75,143.5
302.0,142.25
302.25,142.25
302.5,141.5
302.75,141.5
303.0,140.25
303.25,139.0
303.5,139.0
303.75,135.75
304.0,135.75
304.25,137.0
304.5,137.0
304.75,138.25
305.0,138.25
305.25,138.25
305.5,136.25
305.75,136.25
306.0,139.0
306.25,139.0
306.5,138.25
306.75,138.25
307.0,138.25
307.25,137.0
307.5,137.0
307.75,138.25
308.0,138.25
308.25,140.25
308.5,140.25
308.75,140.25
309.0,142.25
309.25,142.25
309.5,142.25
309.75,142.75
310.0,142.75
310.25,143.5
310.5,143.5
310.75,144.25
311.0,145.75
311.25,145.75
311.5,145.75
311.75,145.75
312.0,145.75
312.25,142.75
312.5,142.75
312.75,142.75
313.0,142.75
313.25,141.5
313.5,141.5
313.75,140.75
314.0,142.25
314.25,142.25
314.5,142.75
314.75,142.25
315.0,142.25
315.25,142.25
315.5,142.25
315.75,140.25
316.0,140.25
316.25,138.25
316.5,137.5
316.75,137.5
317.0,137.0
317.25,137.0
317.5,139.0
317.75,139.0
318.0,137.5
318.25,138.25
318.5,138.25
318.75,137.0
319.0,137.0
319.25,135.75
319.5,135.75
319.75,133.25
320.0,131.5
320.25,131.5
320.5,131.5
320.75,129.25
321.0,129.25
321.25,129.25
321.5,131.0
321.75,131.0
322.0,130.5
322.25,130.5
322.5,132.25
322.75,131.0
323.0,131.0
323.25,129.75
323.5,129.75
323.75,128.75
324.0,128.75
324.25,128.25
324.5,128.25
324.75,126.0
325.0,126.0
325.25,126.0
325.5,126.0
325.75,128.75
326.0,128.75
326.25,129.75
326.5,127.75
326.75,127.75
327.0,126.5
327.25,126.5
327.5,127.0
327.75,127.0
328.0,126.5
328.25,126.5
328.5,128.25
328.75,128.25
329.0,128.25
329.25,128.25
329.5,128.25
329.75,128.25
330.0,126.5
330.25,126.5
330.5,124.5
330.75,124.5
331.0,123.5
331.25,122.5
331.5,122.5
331.75,121.0
332.0,121.0
332.25,121.5
332.5,121.5
332.75,125.0
333.0,125.0
333.25,125.5
333.5,125.5
333.75,124.5
334.0,124.5
334.25,124.0
334.5,124.0
334.75,123.5
335.0,123.5
335.25,122.0
335.5,122.0
335.75,124.0
336.0,124.0
336.25,123.5
336.5,123.5
336.75,122.5
337.0,122.5
337.25,124.0
337.5,124.0
337.75,125.0
338.0,125.0
338.25,126.0
338.5,126.0
338.75,127.0
339.0,128.75
339.25,128.75
339.5,129.25
339.75,129.25
340.0,131.5
340.25,131.5
340.5,132.75
340.75,132.75
341.0,132.25
341.25,133.25
341.5,133.25
341.75,134.5
342.0,134.5
342.25,134.5
342.5,134.5
342.75,135.25
343.0,135.25
343.25,135.75
343.5,137.5
343.75,137.5
344.0,139.0
344.25,139.0
344.5,139.0
344.75,138.25
345.0,137.5
345.25,139.0
345.5,139.0
345.75,136.25
346.0,136.25
346.25,135.25
346.5,135.25
346.75,136.25
347.0,137.0
347.25,137.0
347.5,137.0
347.75,135.75
348.0,135.25
348.25,135.25
348.5,134.5
348.75,132.75
349.0,132.75
349.25,134.0
349.5,134.0
349.75,134.0
350.0,134.0
350.25,132.75
350.5,132.75
350.75,132.75
351.0,134.0
351.25,134.0
351.5,134.0
351.75,134.0
352.0,135.25
352.25,135.25
352.5,136.25
352.75,136.25
353.0,135.75
353.25,136.25
353.5,136.25
353.75,136.25
354.0,136.25
354.25,138.25
354.5,138.25
354.75,137.5
355.0,137.5
355.25,137.5
355.5,137.5
355.75,137.5
356.0,137.0
356.25,137.0
356.5,136.25
356.75,137.5
357.0,137.5
357.25,138.25
357.5,138.25
357.75,139.5
358.0,139.5
358.25,137.5
358.5,137.5
358.75,136.25
359.0,137.5
359.25,137.5
359.5,139.5
359.75,140.75
360.0,140.75
360.25,139.0
360.5,139.0
360.75,138.25
361.0,138.25
361.25,137.5
361.5,135.75
361.75,135.75
362.0,134.0
362.25,134.0
362.5,132.75
362.75,132.75
363.0,134.5
363.25,134.5
363.5,134.0
363.75,132.75
364.0,132.75
364.25,132.25
364.5,132.25
364.75,132.25
365.0,132.25
365.25,134.0
365.5,134.0
365.75,137.0
366.0,139.5
366.25,139.5
366.5,140.75
366.75,140.75
367.0,142.75
367.25,144.25
367.5,144.25
367.75,145.75
368.0,145.75
368.25,147.0
368.5,148.5
368.75,148.5
369.0,150.0
369.25,150.75
369.5,150.75
369.75,152.25
370.0,152.25
370.25,152.25
370.5,153.75
370.75,153.75
371.0,155.5
371.25,155.5
371.5,155.5
371.75,155.5
372.0,157.0
372.25,157.0
372.5,158.0
372.75,157.0
373.0,157.0
373.25,159.5
373.5,159.5
373.75,159.5
374.0,159.5
374.25,161.25
374.5,161.25
374.75,161.25
375.0,162.25
375.25,162.25
375.5,162.25
375.75,163.0
376.0,163.0
376.25,162.25
376.5,162.25
376.75,162.25
377.0,161.25
377.25,158.0
377.5,158.0
377.75,152.25
378.0,148.5
378.25,148.5
378.5,145.0
378.75,145.0
379.0,142.25
379.25,142.25
379.5,134.0
379.75,132.25
380.0,132.25
380.25,127.75
380.5,127.75
380.75,126.0
381.0,126.0
381.25,124.0
381.5,124.0
381.75,122.0
382.0,122.0
382.25,120.0
382.5,120.0
382.75,119.0
383.0,119.0
383.25,117.75
383.5,117.75
383.75,117.25
384.0,117.25
384.25,117.25
384.5,117.25
384.75,116.75
385.0,116.75
385.25,116.25
385.5,116.25
385.75,116.75
386.0,116.75
386.25,116.75
386.5,116.75
386.75,116.75
387.0,116.75
387.25,122.5
387.5,122.5
387.75,127.0
388.0,127.0
388.25,126.0
388.5,126.0
388.75,127.75
389.0,127.75
389.25,132.25
389.5,132.25
389.75,132.25
390.0,132.25
390.25,134.0
390.5,133.25
390.75,133.25
391.0,134.5
391.25,134.5
391.5,135.75
391.75,135.75
392.0,139.5
392.25,139.0
392.5,139.0
392.75,139.0
393.0,139.0
393.25,139.5
393.5,139.5
393.75,136.25
394.0,135.75
394.25,135.75
394.5,132.75
394.75,132.75
395.0,130.5
395.25,130.5
395.5,129.25
395.75,129.25
396.0,129.75
396.25,129.75
396.5,129.75
396.75,128.75
397.0,128.25
397.25,131.5
397.5,131.5
397.75,131.0
398.0,131.0
398.25,133.25
398.5,133.25
398.75,135.75
399.0,135.75
399.25,135.75
399.5,137.0
399.75,137.0
400.0,135.25
400.25,135.25
400.5,137.0
400.75,137.0
401.0,137.0
401.25,135.75
401.5,135.75
401.75,134.0
402.0,134.0
402.25,132.25
402.5,132.25
402.75,134.5
403.0,136.25
403.25,136.25
403.5,136.25
403.75,137.0
404.0,132.75
404.25,132.75
404.5,132.75
404.75,132.75
405.0,133.25
405.25,136.25
405.5,136.25
405.75,135.75
406.0,135.75
406.25,137.0
406.5,137.0
406.75,139.0
407.0,135.75
407.25,135.75
407.5,136.25
407.75,136.25
408.0,132.25
408.25,132.25
408.5,135.25
408.75,131.5
409.0,131.5
409.25,132.75
409.5,132.75
409.75,129.75
410.0,129.75
410.25,128.25
410.5,128.25
410.75,126.5
411.0,126.5
411.25,128.25
411.5,128.25
411.75,130.5
412.0,129.25
412.25,129.25
412.5,128.75
412.75,128.75
413.0,128.75
413.25,128.75
413.5,128.75
413.75,127.0
414.0,129.75
414.25,129.75
414.5,131.5
414.75,131.5
415.0,132.25
415.25,129.75
415.5,129.75
415.75,128.75
416.0,128.75
416.25,129.25
416.5,129.25
416.75,131.0
417.0,131.0
417.25,130.5
417.5,130.5
417.75,129.25
418.0,129.25
418.25,127.75
418.5,131.0
418.75,131.0
419.0,131.5
419.25,131.5
419.5,134.5
419.75,134.5
420.0,131.5
420.25,131.5
420.5,135.25
420.75,137.0
421.0,137.0
421.25,137.5
421.5,137.5
421.75,138.25
422.0,138.25
422.25,139.0
422.5,136.25
422.75,136.25
423.0,134.0
423.25,134.0
423.5,134.0
423.75,133.25
424.0,132.75
424.25,135.25
424.5,135.25
424.75,134.0
425.0,134.0
425.25,131.5
425.5,131.5
425.75,133.25
426.0,133.25
426.25,131.5
426.5,131.5
426.75,132.25
427.0,131.5
427.25,131.5
427.5,132.25
427.75,132.25
428.0,130.5
428.25,130.5
428.5,128.25
428.75,128.25
429.0,127.75
429.25,127.75
429.5,127.75
429.75,128.75
430.0,130.5
430.25,128.25
430.5,128.25
430.75,129.75
431.0,129.75
431.25,129.25
431.5,129.25
431.75,131.0
432.0,131.0
432.25,129.75
432.5,129.75
432.75,128.25
433.0,128.25
433.25,128.25
433.5,129.75
433.75,129.75
434.0,131.0
434.25,131.0
434.5,129.75
434.75,129.75
435.0,132.25
435.25,132.25
435.5,131.5
435.75,132.75
436.0,132.75
436.25,131.5
436.5,131.5
436.75,131.5
437.0,131.5
437.25,133.25
437.5,133.25
437.75,131.5
438.0,131.5
438.25,132.25
438.5,132.25
438.75,132.25
439.0,131.5
439.25,131.5
439.5,132.75
439.75,132.75
440.0,134.0
440.25,134.0
440.5,134.0
440.75,133.25
441.0,134.0
441.25,134.0
441.5,134.0
441.75,134.0
442.0,134.0
442.25,134.0
442.5,134.0
442.75,134.5
443.0,134.0
443.25,134.0
443.5,134.0
443.75,134.0
444.0,133.25
444.25,133.25
444.5,135.75
444.75,134.0
445.0,134.0
445.25,134.5
445.5,134.5
445.75,133.25
446.0,133.25
446.25,134.0
446.5,134.0
446.75,134.5
447.0,135.25
447.25,135.25
447.5,134.5
447.75,134.5
448.0,134.5
448.25,134.5
448.5,135.75
448.75,135.75
449.0,135.75
449.25,135.75
449.5,135.75
449.75,134.5
450.0,134.5
450.25,135.75
450.5,135.75
450.75,134.0
451.0,135.25
451.25,135.25
451.5,135.25
451.75,135.25
452.0,134.5
452.25,134.5
452.5,134.5
452.75,134.5
453.0,135.25
453.25,134.5
453.5,134.5
453.75,135.25
454.0,135.25
454.25,134.0
454.5,134.0
454.75,132.25
455.0,134.5
455.25,134.5
455.5,134.0
455.75,134.0
456.0,132.75
456.25,132.75
456.5,132.75
456.75,132.75
457.0,133.25
457.25,134.5
457.5,134.5
457.75,137.0
458.0,137.0
458.25,135.75
458.5,135.75
458.75,135.25
459.0,135.25
459.25,134.5
459.5,135.25
459.75,135.25
460.0,134.0
460.25,134.0
460.5,135.75
460.75,135.75
461.0,135.25
461.25,137.0
461.5,137.0
461.75,138.25
462.0,138.25
462.25,137.0
462.5,137.0
462.75,139.0
463.0,136.25
463.25,136.25
463.5,136.25
463.75,136.25
464.0,137.0
464.25,137.0
464.5,137.0
464.75,137.0
465.0,137.0
465.25,136.25
465.5,136.25
465.75,134.5
466.0,134.5
466.25,133.25
466.5,133.25
466.75,134.0
467.0,135.25
467.25,135.25
467.5,137.0
467.75,137.0
468.0,139.0
468.25,139.0
468.5,139.0
468.75,139.5
469.0,140.75
469.25,142.25
469.5,142.25
469.75,142.25
470.0,142.25
470.25,142.25
470.5,141.5
470.75,141.5
471.0,140.25
471.25,139.0
471.5,139.0
471.75,136.25
472.0,136.25
472.25,135.75
472.5,135.75
472.75,135.75
473.0,135.75
473.25,135.25
473.5,137.5
473.75,137.5
474.0,138.25
474.25,138.25
474.5,137.0
474.75,139.5
475.0,139.5
475.25,140.75
475.5,140.75
475.75,141.5
476.0,141.5
476.25,139.5
476.5,140.25
476.75,140.25
477.0,141.5
477.25,141.5
477.5,137.0
477.75,137.0
478.0,132.25
478.25,126.5
478.5,126.5
478.75,122.0
479.0,122.0
479.25,119.0
479.5,119.0
479.75,120.5
480.0,120.5
480.25,123.5
480.5,123.5
480.75,126.0
481.0,126.0
481.25,130.5
481.5,130.5
481.75,132.25
482.0,132.25
482.25,134.0
482.5,134.0
482.75,133.25
483.0,133.25
483.25,133.25
483.5,134.0
483.75,134.0
484.0,136.25
484.25,136.25
484.5,135.25
484.75,137.5
485.0,137.5
485.25,138.25
485.5,138.25
485.75,139.0
486.0,139.0
486.25,134.5
486.5,132.75
486.75,132.75
487.0,128.75
487.25,128.75
487.5,127.75
487.75,127.75
488.0,125.5
488.25,125.5
488.5,122.5
488.75,122.5
489.0,123.5
489.25,123.5
489.5,121.5
489.75,121.5
490.0,123.0
490.25,123.0
490.5,126.5
490.75,126.5
491.0,126.0
491.25,126.0
491.5,127.75
491.75,128.75
492.0,128.75
492.25,129.75
492.5,129.75
492.75,129.75
493.0,129.75
493.25,128.75
493.5,128.75
493.75,132.75
494.0,132.75
494.25,132.25
494.5,134.5
494.75,134.5
495.0,135.25
495.25,135.25
495.5,136.25
495.75,136.25
496.0,134.5
496.25,134.5
496.5,135.75
496.75,135.75
497.0,135.75
497.25,135.25
497.5,135.25
497.75,137.0
498.0,137.0
498.25,137.0
498.5,136.25
498.75,136.25
499.0,135.75
499.25,135.75
499.5,135.75
499.75,135.75
500.0,137.0
500.25,137.0
500.5,137.0
500.75,137.0
501.0,137.0
501.25,137.0
501.5,137.0
501.75,138.25
502.0,138.25
502.25,138.25
502.5,139.5
502.75,139.5
503.0,139.0
503.25,139.0
503.5,140.25
503.75,140.25
504.0,140.25
504.25,139.5
504.5,139.5
504.75,140.75
505.0,142.25
505.25,142.25
505.5,142.25
505.75,142.25
506.0,142.75
506.25,142.25
506.5,142.25
506.75,142.75
507.0,142.75
507.25,142.25
507.5,143.5
507.75,143.5
508.0,143.5
508.25,143.5
508.5,144.25
508.75,143.5
509.0,143.5
509.25,144.25
509.5,144.25
509.75,143.5
510.0,142.75
510.25,142.75
510.5,142.25
510.75,142.25
511.0,140.75
511.25,140.75
511.5,139.0
511.75,138.25
512.0,138.25
512.25,137.5
512.5,137.5
512.75,137.5
513.0,137.5
513.25,138.25
513.5,138.25
513.75,138.25
514.0,137.0
514.25,137.0
514.5,137.0
514.75,137.0
515.0,139.0
515.25,138.25
515.5,138.25
515.75,137.5
516.0,137.5
516.25,139.0
516.5,137.0
516.75,137.0
517.0,136.25
517.25,136.25
517.5,137.5
517.75,137.5
518.0,137.0
518.25,137.0
518.5,135.25
518.75,133.25
519.0,133.25
519.25,131.5
519.5,131.5
519.75,131.5
520.0,131.5
520.25,132.75
520.5,132.75
520.75,134.0
521.0,135.25
521.25,135.25
521.5,136.25
521.75,136.25
522.0,136.25
522.25,136.25
522.5,136.25
522.75,138.25
523.0,138.25
523.25,138.25
523.5,138.25
523.75,140.75
524.0,140.25
524.25,140.25
524.5,142.25
524.75,142.25
525.0,143.5
525.25,143.5
525.5,142.75
525.75,142.75
526.0,142.75
526.25,139.5
526.5,139.5
526.75,137.0
527.0,133.25
527.25,133.25
527.5,131.5
527.75,131.5
528.0,128.25
528.25,128.25
528.5,124.0
528.75,124.0
529.0,122.5
529.25,122.5
529.5,121.5
529.75,121.5
530.0,122.0
530.25,122.0
530.5,120.5
530.75,120.5
531.0,123.5
531.25,123.5
531.5,128.25
531.75,128.25
532.0,129.75
532.25,132.75
532.5,132.75
532.75,134.5
533.0,134.5
533.25,134.0
533.5,134.0
533.75,132.25
534.0,132.25
534.25,134.5
534.5,132.75
534.75,132.75
535.0,132.25
535.25,132.25
535.5,132.75
535.75,132.75
536.0,132.25
536.25,132.25
536.5,131.5
536.75,131.5
537.0,130.5
537.25,130.5
537.5,130.5
537.75,130.5
538.0,130.5
538.25,130.5
538.5,130.5
538.75,128.75
539.0,128.75
539.25,130.5
539.5,130.5
539.75,131.0
540.0,129.75
540.25,129.75
540.5,130.5
540.75,130.5
541.0,131.0
541.25,131.0
541.5,134.0
541.75,134.0
542.0,135.75
542.25,138.25
542.5,138.25
542.75,139.5
543.0,139.5
543.25,140.75
543.5,140.75
543.75,140.25
544.0,139.5
544.25,139.5
544.5,137.5
544.75,137.5
545.0,134.5
545.25,134.5
545.5,134.0
545.75,132.25
546.0,132.25
546.25,128.75
546.5,128.75
546.75,129.25
547.0,129.25
547.25,130.5
547.5,130.5
547.75,128.75
548.0,128.75
548.25,130.5
548.5,130.5
548.75,129.25
549.0,129.75
549.25,129.75
549.5,129.75
549.75,128.25
550.0,129.75
550.25,129.75
550.5,128.25
550.75,128.25
551.0,128.25
551.25,128.25
551.5,129.75
551.75,129.75
552.0,128.75
552.25,131.0
552.5,131.0
552.75,130.5
553.0,130.5
553.25,132.25
553.5,132.25
553.75,134.5
554.0,134.5
554.25,133.25
554.5,135.75
554.75,135.75
555.0,136.25
555.25,136.25
555.5,134.0
555.75,134.0
556.0,135.75
556.25,135.75
556.5,133.25
556.75,135.25
557.0,135.25
557.25,132.25
557.5,132.25
557.75,131.5
558.0,131.5
558.25,131.0
558.5,131.0
558.75,129.75
559.0,129.75
559.25,129.75
559.5,129.75
559.75,129.75
560.0,129.75
560.25,129.75
560.5,129.75
560.75,129.25
561.0,130.5
561.25,130.5
561.5,130.5
561.75,129.75
562.0,132.75
562.25,133.25
562.5,133.25
562.75,134.0
563.0,134.0
563.25,134.5
563.5,134.5
563.75,135.25
564.0,134.0
564.25,134.0
564.5,132.75
564.75,132.75
565.0,134.0
565.25,134.0
565.5,134.0
565.75,134.0
566.0,137.0
566.25,138.25
566.5,138.25
566.75,138.25
567.0,138.25
567.25,139.0
567.5,139.0
567.75,136.25
568.0,137.0
568.25,137.0
568.5,134.0
568.75,134.0
569.0,136.25
569.25,136.25
569.5,133.25
569.75,134.5
570.0,134.5
570.25,131.0
570.5,131.0
570.75,134.0
571.0,134.0
571.25,134.5
571.5,134.5
571.75,135.75
572.0,137.5
572.25,137.5
572.5,138.25
572.75,138.25
573.0,139.0
573.25,139.0
573.5,139.0
573.75,137.5
574.0,136.25
574.25,135.75
574.5,135.75
574.75,135.25
575.0,135.25
575.25,135.25
575.5,133.25
575.75,133.25
576.0,134.0
576.25,134.0
576.5,132.75
576.75,132.75
577.0,135.25
577.25,135.25
577.5,132.75
577.75,135.75
578.0,135.75
578.25,136.25
578.5,136.25
578.75,137.0
579.0,137.0
579.25,139.5
579.5,140.25
579.75,140.25
580.0,140.25
580.25,140.25
580.5,138.25
580.75,138.25
581.0,137.5
581.25,134.5
581.5,134.5
581.75,132.75
582.0,132.75
582.25,132.75
582.5,132.75
582.75,131.5
583.0,131.5
583.25,131.5
583.5,130.5
583.75,130.5
584.0,132.75
584.25,132.75
584.5,134.0
584.75,134.0
585.0,134.5
585.25,134.5
585.5,133.25
585.75,135.75
586.0,135.75
586.25,136.25
586.5,136.25
586.75,135.75
587.0,135.75
587.25,137.0
587.5,137.5
587.75,137.5
588.0,137.5
588.25,137.5
588.5,134.5
588.75,134.5
589.0,137.0
589.25,137.0
589.5,137.0
589.75,137.0
590.0,137.0
590.25,139.0
590.5,139.0
590.75,139.5
591.0,140.25
591.25,140.25
591.5,141.5
591.75,141.5
592.0,142.25
592.25,143.5
592.5,143.5
592.75,143.5
593.0,143.5
593.25,145.0
593.5,145.75
593.75,145.75
594.0,145.75
594.25,145.75
594.5,145.75
594.75,145.75
595.0,145.75
595.25,144.25
595.5,144.25
595.75,141.5
596.0,140.75
596.25,140.75
596.5,140.25
596.75,140.25
597.0,137.0
597.25,137.0
597.5,139.0
597.75,138.25
598.0,138.25
598.25,138.25
598.5,138.25
598.75,135.25
599.0,135.25
599.25,137.0
599.5,135.25
599.75,135.25
600.0,135.75
600.25,135.75
600.5,135.75
600.75,135.75
601.0,132.75
601.25,132.75
601.5,134.5
601.75,135.75
602.0,135.75
602.25,135.25
602.5,135.25
602.75,137.5
603.0,137.5
603.25,138.25
603.5,140.25
603.75,140.25
604.0,140.75
604.25,140.75
604.5,141.5
604.75,142.75
605.0,142.75
605.25,142.75
605.5,142.75
605.75,141.5
606.0,139.0
606.25,139.0
606.5,137.5
606.75,137.5
607.0,139.5
607.25,139.5
607.5,139.5
607.75,137.0
608.0,137.0
608.25,136.25
608.5,136.25
608.75,135.75
609.0,135.75
609.25,134.5
609.5,135.25
609.75,135.25
610.0,137.0
610.25,137.0
610.5,138.25
610.75,138.25
611.0,138.25
611.25,139.5
611.5,139.5
611.75,140.75
612.0,140.75
612.25,141.5
612.5,141.5
612.75,140.75
613.0,142.25
613.25,142.25
613.5,142.75
613.75,142.75
614.0,142.25
614.25,143.5
614.5,143.5
614.75,143.5
615.0,143.5
615.25,144.25
615.5,142.75
615.75,142.75
616.0,144.25
616.25,144.25
616.5,141.5
616.75,139.0
617.0,139.0
617.25,136.25
617.5,136.25
617.75,135.75
618.0,135.75
618.25,131.5
618.5,131.5
618.75,131.5
619.0,131.5
619.25,131.5
619.5,131.0
619.75,131.0
620.0,132.25
620.25,132.25
620.5,133.25
620.75,133.25
621.0,134.5
621.25,137.0
621.5,137.0
621.75,138.25
622.0,138.25
622.25,139.0
622.5,139.0
622.75,140.75
623.0,142.25
623.25,142.25
623.5,142.75
623.75,142.75
624.0,142.75
624.25,144.25
624.5,144.25
624.75,144.25
625.0,144.25
625.25,144.25
625.5,144.25
625.75,144.25
626.0,146.25
626.25,146.25
626.5,146.25
626.75,143.5
627.0,140.75
627.25,137.0
627.5,137.0
627.75,134.0
628.0,134.0
628.25,129.75
628.5,129.75
628.75,127.75
629.0,124.5
629.25,124.5
629.5,123.0
629.75,123.0
630.0,124.5
630.25,124.5
630.5,124.5
630.75,126.5
631.0,131.5
631.25,131.5
631.5,131.5
631.75,134.0
632.0,132.75
632.25,132.75
632.5,132.75
632.75,135.25
633.0,135.25
633.25,134.0
633.5,134.0
633.75,134.5
634.0,134.5
634.25,134.0
634.5,134.0
634.75,134.0
635.0,135.75
635.25,135.75
635.5,136.25
635.75,136.25
636.0,0.0
636.25,0.0
636.5,0.0
636.75,0.0
637.0,0.0
637.25,0.0
637.5,0.0
637.75,0.0
638.0,0.0
638.25,0.0
638.5,0.0
638.75,0.0
639.0,0.0
639.25,0.0
639.5,0.0
639.75,0.0
640.0,0.0
640.25,0.0
640.5,0.0
640.75,0.0
641.0,0.0
641.25,0.0
641.5,0.0
641.75,0.0
642.0,0.0
642.25,0.0
642.5,0.0
642.75,0.0
643.0,0.0
643.25,0.0
643.5,0.0
643.75,0.0
644.0,0.0
644.25,0.0
644.5,0.0
644.75,0.0
645.0,0.0
645.25,0.0
645.5,0.0
645.75,0.0
646.0,0.0
646.25,0.0
646.5,0.0
646.75,0.0
647.0,0.0
647.25,0.0
647.5,0.0
647.75,0.0
648.0,0.0
648.25,0.0
648.5,0.0
648.75,0.0
649.0,0.0
649.25,0.0
649.5,0.0
649.75,0.0
650.0,0.0
650.25,0.0
650.5,0.0
650.75,0.0
651.0,0.0
651.25,0.0
651.5,0.0
651.75,0.0
652.0,0.0
652.25,0.0
652.5,0.0
652.75,0.0
653.0,0.0
653.25,0.0
653.5,0.0
653.75,0.0
654.0,0.0
654.25,0.0
654.5,0.0
654.75,0.0
655.0,0.0
655.25,0.0
655.5,0.0
655.75,0.0
656.0,0.0
656.25,0.0
656.5,0.0
656.75,0.0
657.0,0.0
657.25,0.0
657.5,0.0
657.75,0.0
658.0,0.0
658.25,0.0
658.5,0.0
658.75,0.0
659.0,0.0
659.25,0.0
659.5,0.0
659.75,0.0
660.0,0.0
660.25,0.0
660.5,0.0
660.75,0.0
661.0,0.0
661.25,0.0
661.5,0.0
661.75,0.0
662.0,0.0
662.25,0.0
662.5,0.0
662.75,0.0
663.0,0.0
663.25,0.0
663.5,0.0
663.75,0.0
664.0,0.0
664.25,0.0
664.5,0.0
664.75,0.0
665.0,0.0
665.25,0.0
665.5,0.0
665.75,0.0
666.0,0.0
666.25,0.0
666.5,0.0
666.75,0.0
667.0,0.0
667.25,0.0
667.5,0.0
667.75,0.0
668.0,0.0
668.25,0.0
668.5,0.0
668.75,0.0
669.0,0.0
669.25,0.0
669.5,0.0
669.75,0.0
670.0,0.0
670.25,0.0
670.5,0.0
670.75,0.0
671.0,0.0
671.25,0.0
671.5,0.0
671.75,0.0
672.0,0.0
672.25,0.0
672.5,0.0
672.75,0.0
673.0,0.0
673.25,0.0
673.5,0.0
673.75,0.0
674.0,0.0
674.25,0.0
674.5,0.0
674.75,0.0
675.0,0.0
675.25,0.0
675.5,0.0
675.75,0.0
676.0,0.0
676.25,0.0
676.5,0.0
676.75,0.0
677.0,0.0
677.25,0.0
677.5,0.0
677.75,0.0
678.0,0.0
678.25,0.0
678.5,0.0
678.75,0.0
679.0,0.0
679.25,0.0
679.5,0.0
679.75,0.0
680.0,0.0
680.25,0.0
680.5,0.0
680.75,0.0
681.0,0.0
681.25,0.0
681.5,0.0
681.75,0.0
682.0,0.0
682.25,0.0
682.5,0.0
682.75,0.0
683.0,0.0
683.25,0.0
683.5,0.0
683.75,0.0
684.0,0.0
684.25,0.0
684.5,0.0
684.75,0.0
685.0,0.0
685.25,0.0
685.5,0.0
685.75,0.0
686.0,0.0
686.25,0.0
686.5,0.0
686.75,0.0
687.0,0.0
687.25,0.0
687.5,0.0
687.75,0.0
688.0,0.0
688.25,0.0
688.5,0.0
688.75,0.0
689.0,0.0
689.25,0.0
689.5,0.0
689.75,0.0
690.0,0.0
690.25,0.0
690.5,0.0
690.75,0.0
691.0,0.0
691.25,0.0
691.5,0.0
691.75,0.0
692.0,0.0
692.25,0.0
692.5,0.0
692.75,0.0
693.0,0.0
693.25,0.0
693.5,0.0
693.75,0.0
694.0,0.0
694.25,0.0
694.5,0.0
694.75,0.0
695.0,0.0
695.25,0.0
695.5,0.0
695.75,0.0
696.0,0.0
696.25,0.0
696.5,0.0
696.75,0.0
697.0,0.0
697.25,0.0
697.5,0.0
697.75,0.0
698.0,0.0
698.25,0.0
698.5,0.0
698.75,0.0
699.0,0.0
699.25,0.0
699.5,0.0
699.75,0.0
700.0,0.0
700.25,0.0
700.5,0.0
700.75,0.0
701.0,0.0
701.25,0.0
701.5,0.0
701.75,0.0
702.0,0.0
702.25,0.0
702.5,0.0
702.75,0.0
703.0,0.0
703.25,0.0
703.5,0.0
703.75,0.0
704.0,0.0
704.25,0.0
704.5,0.0
704.75,0.0
705.0,0.0
705.25,0.0
705.5,0.0
705.75,0.0
706.0,0.0
706.25,0.0
706.5,0.0
706.75,0.0
707.0,0.0
707.25,0.0
707.5,0.0
707.75,0.0
708.0,0.0
708.25,0.0
708.5,0.0
708.75,0.0
709.0,0.0
709.25,0.0
709.5,0.0
709.75,0.0
710.0,0.0
710.25,0.0
710.5,0.0
710.75,0.0
711.0,0.0
711.25,0.0
711.5,0.0
711.75,0.0
712.0,0.0
712.25,0.0
712.5,0.0
712.75,0.0
713.0,0.0
713.25,0.0
713.5,0.0
713.75,0.0
714.0,0.0
714.25,0.0
714.5,0.0
714.75,0.0
715.0,0.0
715.25,0.0
715.5,0.0
715.75,0.0
716.0,0.0
716.25,0.0
716.5,0.0
716.75,0.0
717.0,0.0
717.25,0.0
717.5,0.0
717.75,0.0
718.0,0.0
718.25,0.0
718.5,0.0
718.75,0.0
719.0,0.0
719.25,0.0
719.5,0.0
719.75,0.0
720.0,0.0
720.25,0.0
720.5,0.0
720.75,0.0
721.0,0.0
721.25,0.0
721.5,0.0
721.75,0.0
722.0,0.0
722.25,0.0
722.5,0.0
722.75,0.0
723.0,0.0
723.25,0.0
723.5,0.0
723.75,0.0
724.0,0.0
724.25,0.0
724.5,0.0
724.75,0.0
725.0,0.0
725.25,0.0
725.5,0.0
725.75,0.0
726.0,0.0
726.25,0.0
726.5,0.0
726.75,0.0
727.0,0.0
727.25,0.0
727.5,0.0
727.75,0.0
728.0,0.0
728.25,0.0
728.5,0.0
728.75,0.0
729.0,0.0
729.25,0.0
729.5,0.0
729.75,0.0
730.0,0.0
730.25,0.0
730.5,0.0
730.75,0.0
731.0,0.0
731.25,0.0
731.5,0.0
731.75,0.0
732.0,0.0
732.25,0.0
732.5,0.0
732.75,0.0
733.0,0.0
733.25,0.0
733.5,0.0
733.75,0.0
734.0,0.0
734.25,0.0
734.5,0.0
734.75,0.0
735.0,0.0
735.25,0.0
735.5,0.0
735.75,0.0
736.0,0.0
736.25,0.0
736.5,0.0
736.75,0.0
737.0,0.0
737.25,0.0
737.5,0.0
737.75,0.0
738.0,0.0
738.25,0.0
738.5,0.0
738.75,0.0
739.0,0.0
739.25,0.0
739.5,0.0
739.75,0.0
740.0,0.0
740.25,0.0
740.5,0.0
740.75,0.0
741.0,0.0
741.25,0.0
741.5,0.0
741.75,0.0
742.0,0.0
742.25,0.0
742.5,0.0
742.75,0.0
743.0,0.0
743.25,0.0
743.5,0.0
743.75,0.0
744.0,0.0
744.25,0.0
744.5,0.0
744.75,0.0
745.0,0.0
745.25,0.0
745.5,0.0
745.75,0.0
746.0,0.0
746.25,0.0
746.5,0.0
746.75,0.0
747.0,0.0
747.25,0.0
747.5,0.0
747.75,0.0
748.0,0.0
748.25,0.0
748.5,0.0
748.75,0.0
749.0,0.0
749.25,0.0
749.5,0.0
749.75,0.0
750.0,0.0
750.25,0.0
750.5,0.0
750.75,0.0
751.0,0.0
751.25,0.0
751.5,0.0
751.75,0.0
752.0,0.0
752.25,0.0
752.5,0.0
752.75,0.0
753.0,0.0
753.25,0.0
753.5,0.0
753.75,0.0
754.0,0.0
754.25,0.0
754.5,0.0
754.75,0.0
755.0,0.0
755.25,0.0
755.5,0.0
755.75,0.0
756.0,0.0
756.25,0.0
756.5,0.0
756.75,0.0
757.0,0.0
757.25,0.0
757.5,0.0
757.75,0.0
758.0,0.0
758.25,0.0
758.5,0.0
758.75,0.0
759.0,0.0
759.25,0.0
759.5,0.0
759.75,0.0
760.0,0.0
760.25,0.0
760.5,0.0
760.75,0.0
761.0,0.0
761.25,0.0
761.5,0.0
761.75,0.0
762.0,0.0
762.25,0.0
762.5,0.0
762.75,0.0
763.0,0.0
763.25,0.0
763.5,0.0
763.75,0.0
764.0,0.0
764.25,0.0
764.5,0.0
764.75,0.0
765.0,0.0
765.25,0.0
765.5,0.0
765.75,0.0
766.0,0.0
766.25,0.0
766.5,0.0
766.75,0.0
767.0,0.0
767.25,0.0
767.5,0.0
767.75,0.0
768.0,0.0
768.25,0.0
768.5,0.0
768.75,0.0
769.0,0.0
769.25,0.0
769.5,0.0
769.75,0.0
770.0,0.0
770.25,0.0
770.5,0.0
770.75,0.0
771.0,0.0
771.25,0.0
771.5,0.0
771.75,0.0
772.0,0.0
772.25,0.0
772.5,0.0
772.75,0.0
773.0,0.0
773.25,0.0
773.5,0.0
773.75,0.0
774.0,0.0
774.25,0.0
774.5,0.0
774.75,0.0
775.0,0.0
775.25,0.0
775.5,0.0
775.75,0.0
776.0,0.0
776.25,0.0
776.5,0.0
776.75,0.0
777.0,0.0
777.25,0.0
777.5,0.0
777.75,0.0
778.0,0.0
778.25,0.0
778.5,0.0
778.75,0.0
779.0,0.0
779.25,0.0
779.5,0.0
779.75,0.0
780.0,0.0
780.25,0.0
780.5,0.0
780.75,0.0
781.0,0.0
781.25,0.0
781.5,0.0
781.75,0.0
782.0,0.0
782.25,0.0
782.5,0.0
782.75,0.0
783.0,0.0
783.25,0.0
783.5,0.0
783.75,0.0
784.0,0.0
784.25,0.0
784.5,0.0
784.75,0.0
785.0,0.0
785.25,0.0
785.5,0.0
785.75,0.0
786.0,0.0
786.25,0.0
786.5,0.0
786.75,0.0
787.0,0.0
787.25,0.0
787.5,0.0
787.75,0.0
788.0,0.0
788.25,0.0
788.5,0.0
788.75,0.0
789.0,0.0
789.25,0.0
789.5,0.0
789.75,0.0
790.0,0.0
790.25,0.0
790.5,0.0
790.75,0.0
791.0,0.0
791.25,0.0
791.5,0.0
791.75,0.0
792.0,0.0
792.25,0.0
792.5,0.0
792.75,0.0
793.0,0.0
793.25,0.0
793.5,0.0
793.75,0.0
794.0,0.0
794.25,0.0
794.5,0.0
794.75,0.0
795.0,0.0
795.25,0.0
795.5,0.0
795.75,0.0
796.0,0.0
796.25,0.0
796.5,0.0
796.75,0.0
797.0,0.0
797.25,0.0
797.5,0.0
797.75,0.0
798.0,0.0
798.25,0.0
798.5,0.0
798.75,0.0
799.0,0.0
799.25,0.0
799.5,0.0
799.75,0.0
800.0,0.0
800.25,0.0
800.5,0.0
800.75,0.0
801.0,0.0
801.25,0.0
801.5,0.0
801.75,0.0
802.0,0.0
802.25,0.0
802.5,0.0
802.75,0.0
803.0,0.0
803.25,0.0
803.5,0.0
803.75,0.0
804.0,0.0
804.25,0.0
804.5,0.0
804.75,0.0
805.0,0.0
805.25,0.0
805.5,0.0
805.75,0.0
806.0,0.0
806.25,0.0
806.5,0.0
806.75,0.0
807.0,0.0
807.25,0.0
807.5,0.0
807.75,0.0
808.0,0.0
808.25,0.0
808.5,0.0
808.75,0.0
809.0,0.0
809.25,0.0
809.5,0.0
809.75,0.0
810.0,0.0
810.25,0.0
810.5,0.0
810.75,0.0
811.0,0.0
811.25,0.0
811.5,0.0
811.75,0.0
812.0,0.0
812.25,0.0
812.5,0.0
812.75,0.0
813.0,0.0
813.25,0.0
813.5,0.0
813.75,0.0
814.0,0.0
814.25,0.0
814.5,0.0
814.75,0.0
815.0,0.0
815.25,0.0
815.5,0.0
815.75,0.0
816.0,0.0
816.25,0.0
816.5,0.0
816.75,0.0
817.0,0.0
817.25,0.0
817.5,0.0
817.75,0.0
818.0,0.0
818.25,0.0
818.5,0.0
818.75,0.0
819.0,0.0
819.25,0.0
819.5,0.0
819.75,0.0
820.0,0.0
820.25,0.0
820.5,0.0
820.75,0.0
821.0,0.0
821.25,0.0
821.5,0.0
821.75,0.0
822.0,0.0
822.25,0.0
822.5,0.0
822.75,0.0
823.0,0.0
823.25,0.0
823.5,0.0
823.75,0.0
824.0,0.0
824.25,0.0
824.5,0.0
824.75,0.0
825.0,0.0
825.25,0.0
825.5,0.0
825.75,0.0
826.0,0.0
826.25,0.0
826.5,0.0
826.75,0.0
827.0,0.0
827.25,0.0
827.5,0.0
827.75,0.0
828.0,0.0
828.25,0.0
828.5,0.0
828.75,0.0
829.0,0.0
829.25,0.0
829.5,0.0
829.75,0.0
830.0,0.0
830.25,0.0
830.5,0.0
830.75,0.0
831.0,0.0
831.25,0.0
831.5,0.0
831.75,0.0
832.0,0.0
832.25,0.0
832.5,0.0
832.75,0.0
833.0,0.0
833.25,0.0
833.5,0.0
833.75,0.0
834.0,0.0
834.25,0.0
834.5,0.0
834.75,0.0
835.0,0.0
835.25,0.0
835.5,0.0
835.75,0.0
836.0,0.0
836.25,0.0
836.5,0.0
836.75,0.0
837.0,0.0
837.25,0.0
837.5,0.0
837.75,0.0
838.0,0.0
838.25,0.0
838.5,0.0
838.75,0.0
839.0,0.0
839.25,0.0
839.5,0.0
839.75,0.0
840.0,0.0
840.25,0.0
840.5,0.0
840.75,0.0
841.0,0.0
841.25,0.0
841.5,0.0
841.75,0.0
842.0,0.0
842.25,0.0
842.5,0.0
842.75,0.0
843.0,0.0
843.25,0.0
843.5,0.0
843.75,0.0
844.0,0.0
844.25,0.0
844.5,0.0
844.75,0.0
845.0,0.0
845.25,0.0
845.5,0.0
845.75,0.0
846.0,0.0
846.25,0.0
846.5,0.0
846.75,0.0
847.0,0.0
847.25,0.0
847.5,0.0
847.75,0.0
848.0,0.0
848.25,0.0
848.5,0.0
848.75,0.0
849.0,0.0
849.25,0.0
849.5,0.0
849.75,0.0
850.0,0.0
850.25,0.0
850.5,0.0
850.75,0.0
851.0,0.0
851.25,0.0
851.5,0.0
851.75,0.0
852.0,0.0
852.25,0.0
852.5,0.0
852.75,0.0
853.0,0.0
853.25,0.0
853.5,0.0
853.75,0.0
854.0,0.0
854.25,0.0
854.5,0.0
854.75,0.0
855.0,0.0
855.25,0.0
855.5,0.0
855.75,0.0
856.0,0.0
856.25,0.0
856.5,0.0
856.75,0.0
857.0,0.0
857.25,0.0
857.5,0.0
857.75,0.0
858.0,0.0
858.25,0.0
858.5,0.0
858.75,0.0
859.0,0.0
859.25,0.0
859.5,0.0
859.75,0.0
860.0,0.0
860.25,0.0
860.5,0.0
860.75,0.0
861.0,0.0
861.25,0.0
861.5,0.0
861.75,0.0
862.0,0.0
862.25,0.0
862.5,0.0
862.75,0.0
863.0,0.0
863.25,0.0
863.5,0.0
863.75,0.0
864.0,0.0
864.25,0.0
864.5,0.0
864.75,0.0
865.0,0.0
865.25,0.0
865.5,0.0
865.75,0.0
866.0,0.0
866.25,0.0
866.5,0.0
866.75,0.0
867.0,0.0
867.25,0.0
867.5,0.0
867.75,0.0
868.0,0.0
868.25,0.0
868.5,0.0
868.75,0.0
869.0,0.0
869.25,0.0
869.5,0.0
869.75,0.0
870.0,0.0
870.25,0.0
870.5,0.0
870.75,0.0
871.0,0.0
871.25,0.0
871.5,0.0
871.75,0.0
872.0,0.0
872.25,0.0
872.5,0.0
872.75,0.0
873.0,0.0
873.25,0.0
873.5,0.0
873.75,0.0
874.0,0.0
874.25,0.0
874.5,0.0
874.75,0.0
875.0,0.0
875.25,0.0
875.5,0.0
875.75,0.0
876.0,0.0
876.25,0.0
876.5,0.0
876.75,0.0
877.0,0.0
877.25,0.0
877.5,0.0
877.75,0.0
878.0,0.0
878.25,0.0
878.5,0.0
878.75,0.0
879.0,0.0
879.25,0.0
879.5,0.0
879.75,0.0
880.0,0.0
880.25,0.0
880.5,0.0
880.75,0.0
881.0,0.0
881.25,0.0
881.5,0.0
881.75,0.0
882.0,0.0
882.25,0.0
882.5,0.0
882.75,0.0
883.0,0.0
883.25,0.0
883.5,0.0
883.75,0.0
884.0,0.0
884.25,0.0
884.5,0.0
884.75,0.0
885.0,0.0
885.25,0.0
885.5,0.0
885.75,0.0
886.0,0.0
886.25,0.0
886.5,0.0
886.75,0.0
887.0,0.0
887.25,0.0
887.5,0.0
887.75,0.0
888.0,0.0
888.25,0.0
888.5,0.0
888.75,0.0
889.0,0.0
889.25,0.0
889.5,0.0
889.75,0.0
890.0,0.0
890.25,0.0
890.5,0.0
890.75,0.0
891.0,0.0
891.25,0.0
891.5,0.0
891.75,0.0
892.0,0.0
892.25,0.0
892.5,0.0
892.75,0.0
893.0,0.0
893.25,0.0
893.5,0.0
893.75,0.0
894.0,0.0
894.25,0.0
894.5,0.0
894.75,0.0
895.0,0.0
895.25,0.0
895.5,0.0
895.75,0.0
896.0,0.0
896.25,0.0
896.5,0.0
896.75,0.0
897.0,0.0
897.25,0.0
897.5,0.0
897.75,0.0
898.0,0.0
898.25,0.0
898.5,0.0
898.75,0.0
899.0,0.0
899.25,0.0
899.5,0.0
899.75,0.0
900.0,0.0
900.25,0.0
900.5,0.0
900.75,0.0
901.0,0.0
901.25,0.0
901.5,0.0
901.75,0.0
902.0,0.0
902.25,0.0
902.5,0.0
902.75,0.0
903.0,0.0
903.25,0.0
903.5,0.0
903.75,0.0
904.0,0.0
904.25,0.0
904.5,0.0
904.75,0.0
905.0,0.0
905.25,0.0
905.5,0.0
905.75,0.0
906.0,0.0
906.25,0.0
906.5,0.0
906.75,0.0
907.0,0.0
907.25,0.0
907.5,0.0
907.75,0.0
908.0,0.0
908.25,0.0
908.5,0.0
908.75,0.0
909.0,0.0
909.25,0.0
909.5,0.0
909.75,0.0
910.0,0.0
910.25,0.0
910.5,0.0
910.75,0.0
911.0,0.0
911.25,0.0
911.5,0.0
911.75,0.0
912.0,0.0
912.25,0.0
912.5,0.0
912.75,0.0
913.0,0.0
913.25,0.0
913.5,0.0
913.75,0.0
914.0,0.0
914.25,0.0
914.5,0.0
914.75,0.0
915.0,0.0
915.25,0.0
915.5,0.0
915.75,0.0
916.0,0.0
916.25,0.0
916.5,0.0
916.75,0.0
917.0,0.0
917.25,0.0
917.5,0.0
917.75,0.0
918.0,0.0
918.25,0.0
918.5,0.0
918.75,0.0
919.0,0.0
919.25,0.0
919.5,0.0
919.75,0.0
920.0,0.0
920.25,0.0
920.5,0.0
920.75,0.0
921.0,0.0
921.25,0.0
921.5,0.0
921.75,0.0
922.0,0.0
922.25,0.0
922.5,0.0
922.75,0.0
923.0,0.0
923.25,0.0
923.5,0.0
923.75,0.0
924.0,0.0
924.25,0.0
924.5,0.0
924.75,0.0
925.0,0.0
925.25,0.0
925.5,0.0
925.75,0.0
926.0,0.0
926.25,0.0
926.5,0.0
926.75,0.0
927.0,0.0
927.25,0.0
927.5,0.0
927.75,0.0
928.0,0.0
928.25,0.0
928.5,0.0
928.75,0.0
929.0,0.0
929.25,0.0
929.5,0.0
929.75,0.0
930.0,0.0
930.25,0.0
930.5,0.0
930.75,0.0
931.0,0.0
931.25,0.0
931.5,0.0
931.75,0.0
932.0,0.0
932.25,0.0
932.5,0.0
932.75,0.0
933.0,0.0
933.25,0.0
933.5,0.0
933.75,0.0
934.0,0.0
934.25,0.0
934.5,0.0
934.75,0.0
935.0,0.0
935.25,0.0
935.5,0.0
935.75,0.0
936.0,0.0
936.25,0.0
936.5,0.0
936.75,0.0
937.0,0.0
937.25,0.0
937.5,0.0
937.75,0.0
938.0,0.0
938.25,0.0
938.5,0.0
938.75,0.0
939.0,0.0
939.25,0.0
939.5,0.0
939.75,0.0
940.0,0.0
940.25,0.0
940.5,0.0
940.75,0.0
941.0,0.0
941.25,0.0
941.5,0.0
941.75,0.0
942.0,0.0
942.25,0.0
942.5,0.0
942.75,0.0
943.0,0.0
943.25,0.0
943.5,0.0
943.75,0.0
944.0,0.0
944.25,0.0
944.5,0.0
944.75,0.0
945.0,0.0
945.25,0.0
945.5,0.0
945.75,0.0
946.0,0.0
946.25,0.0
946.5,0.0
946.75,0.0
947.0,0.0
947.25,0.0
947.5,0.0
947.75,0.0
948.0,0.0
948.25,0.0
948.5,0.0
948.75,0.0
949.0,0.0
949.25,0.0
949.5,0.0
949.75,0.0
950.0,0.0
950.25,0.0
950.5,0.0
950.75,0.0
951.0,0.0
951.25,0.0
951.5,0.0
951.75,0.0
952.0,0.0
952.25,0.0
952.5,0.0
952.75,0.0
953.0,0.0
953.25,0.0
953.5,0.0
953.75,0.0
954.0,0.0
954.25,0.0
954.5,0.0
954.75,0.0
955.0,0.0
955.25,0.0
955.5,0.0
955.75,0.0
956.0,0.0
956.25,0.0
956.5,0.0
956.75,0.0
957.0,0.0
957.25,0.0
957.5,0.0
957.75,0.0
958.0,0.0
958.25,0.0
958.5,0.0
958.75,0.0
959.0,0.0
959.25,0.0
959.5,0.0
959.75,0.0
960.0,0.0
960.25,0.0
960.5,0.0
960.75,0.0
961.0,0.0
961.25,0.0
961.5,0.0
961.75,0.0
962.0,0.0
962.25,0.0
962.5,0.0
962.75,0.0
963.0,0.0
963.25,0.0
963.5,0.0
963.75,0.0
964.0,0.0
964.25,0.0
964.5,0.0
964.75,0.0
965.0,0.0
965.25,0.0
965.5,0.0
965.75,0.0
966.0,0.0
966.25,0.0
966.5,0.0
966.75,0.0
967.0,0.0
967.25,0.0
967.5,0.0
967.75,0.0
968.0,0.0
968.25,0.0
968.5,0.0
968.75,0.0
969.0,0.0
969.25,0.0
969.5,0.0
969.75,0.0
970.0,0.0
970.25,0.0
970.5,0.0
970.75,0.0
971.0,0.0
971.25,0.0
971.5,0.0
971.75,0.0
972.0,0.0
972.25,0.0
972.5,0.0
972.75,0.0
973.0,0.0
973.25,0.0
973.5,0.0
973.75,0.0
974.0,0.0
974.25,0.0
974.5,0.0
974.75,0.0
975.0,0.0
975.25,0.0
975.5,0.0
975.75,0.0
976.0,0.0
976.25,0.0
976.5,0.0
976.75,0.0
977.0,0.0
977.25,0.0
977.5,0.0
977.75,0.0
978.0,0.0
978.25,0.0
978.5,0.0
978.75,0.0
979.0,0.0
979.25,0.0
979.5,0.0
979.75,0.0
980.0,0.0
980.25,0.0
980.5,0.0
980.75,0.0
981.0,0.0
981.25,0.0
981.5,0.0
981.75,0.0
982.0,0.0
982.25,0.0
982.5,0.0
982.75,0.0
983.0,0.0
983.25,0.0
983.5,0.0
983.75,0.0
984.0,0.0
984.25,0.0
984.5,0.0
984.75,0.0
985.0,0.0
985.25,0.0
985.5,0.0
985.75,0.0
986.0,0.0
986.25,0.0
986.5,0.0
986.75,0.0
987.0,0.0
987.25,0.0
987.5,0.0
987.75,0.0
988.0,0.0
988.25,0.0
988.5,0.0
988.75,0.0
989.0,0.0
989.25,0.0
989.5,0.0
989.75,0.0
990.0,0.0
990.25,0.0
990.5,0.0
990.75,0.0
991.0,0.0
991.25,0.0
991.5,0.0
991.75,0.0
992.0,0.0
992.25,0.0
992.5,0.0
992.75,0.0
993.0,0.0
993.25,0.0
993.5,0.0
993.75,0.0
994.0,0.0
994.25,0.0
994.5,0.0
994.75,0.0
995.0,0.0
995.25,0.0
995.5,0.0
995.75,0.0
996.0,0.0
996.25,0.0
996.5,0.0
996.75,0.0
997.0,0.0
997.25,0.0
997.5,0.0
997.75,0.0
998.0,0.0
998.25,0.0
998.5,0.0
998.75,0.0
999.0,0.0
999.25,0.0
999.5,0.0
999.75,0.0
1000.0,0.0
1000.25,0.0
1000.5,0.0
1000.75,0.0
1001.0,0.0
1001.25,0.0
1001.5,0.0
1001.75,0.0
1002.0,0.0
1002.25,0.0
1002.5,0.0
1002.75,0.0
1003.0,0.0
1003.25,0.0
1003.5,0.0
1003.75,0.0
1004.0,0.0
1004.25,0.0
1004.5,0.0
1004.75,0.0
1005.0,0.0
1005.25,0.0
1005.5,0.0
1005.75,0.0
1006.0,0.0
1006.25,0.0
1006.5,0.0
1006.75,0.0
1007.0,0.0
1007.25,0.0
1007.5,0.0
1007.75,0.0
1008.0,0.0
1008.25,0.0
1008.5,0.0
1008.75,0.0
1009.0,0.0
1009.25,0.0
1009.5,0.0
1009.75,0.0
1010.0,0.0
1010.25,0.0
1010.5,0.0
1010.75,0.0
1011.0,0.0
1011.25,0.0
1011.5,0.0
1011.75,0.0
1012.0,0.0
1012.25,0.0
1012.5,0.0
1012.75,0.0
1013.0,0.0
1013.25,0.0
1013.5,0.0
1013.75,0.0
1014.0,0.0
1014.25,0.0
1014.5,0.0
1014.75,0.0
1015.0,0.0
1015.25,0.0
1015.5,0.0
1015.75,0.0
1016.0,0.0
1016.25,0.0
1016.5,0.0
1016.75,0.0
1017.0,0.0
1017.25,0.0
1017.5,0.0
1017.75,0.0
1018.0,0.0
1018.25,0.0
1018.5,0.0
1018.75,0.0
1019.0,0.0
1019.25,0.0
1019.5,0.0
1019.75,0.0
1020.0,0.0
1020.25,0.0
1020.5,0.0
1020.75,0.0
1021.0,0.0
1021.25,0.0
1021.5,0.0
1021.75,0.0
1022.0,0.0
1022.25,0.0
1022.5,0.0
1022.75,0.0
1023.0,0.0
1023.25,0.0
1023.5,0.0
1023.75,0.0
1024.0,0.0
1024.25,0.0
1024.5,0.0
1024.75,0.0
1025.0,0.0
1025.25,0.0
1025.5,0.0
1025.75,0.0
1026.0,0.0
1026.25,0.0
1026.5,0.0
1026.75,0.0
1027.0,0.0
1027.25,0.0
1027.5,0.0
1027.75,0.0
1028.0,0.0
1028.25,0.0
1028.5,0.0
1028.75,0.0
1029.0,0.0
1029.25,0.0
1029.5,0.0
1029.75,0.0
1030.0,0.0
1030.25,0.0
1030.5,0.0
1030.75,0.0
1031.0,0.0
1031.25,0.0
1031.5,0.0
1031.75,0.0
1032.0,0.0
1032.25,0.0
1032.5,0.0
1032.75,0.0
1033.0,0.0
1033.25,0.0
1033.5,0.0
1033.75,0.0
1034.0,0.0
1034.25,0.0
1034.5,0.0
1034.75,0.0
1035.0,0.0
1035.25,0.0
1035.5,0.0
1035.75,0.0
1036.0,0.0
1036.25,0.0
1036.5,0.0
1036.75,0.0
1037.0,0.0
1037.25,0.0
1037.5,0.0
1037.75,0.0
1038.0,0.0
1038.25,0.0
1038.5,0.0
1038.75,0.0
1039.0,0.0
1039.25,0.0
1039.5,0.0
1039.75,0.0
1040.0,0.0
1040.25,0.0
1040.5,0.0
1040.75,0.0
1041.0,0.0
1041.25,0.0
1041.5,0.0
1041.75,0.0
1042.0,0.0
1042.25,0.0
1042.5,0.0
1042.75,0.0
1043.0,0.0
1043.25,0.0
1043.5,0.0
1043.75,0.0
1044.0,0.0
1044.25,0.0
1044.5,0.0
1044.75,0.0
1045.0,0.0
1045.25,0.0
1045.5,0.0
1045.75,0.0
1046.0,0.0
1046.25,0.0
1046.5,0.0
1046.75,0.0
1047.0,0.0
1047.25,0.0
1047.5,0.0
1047.75,0.0
1048.0,0.0
1048.25,0.0
1048.5,0.0
1048.75,0.0
1049.0,0.0
1049.25,0.0
1049.5,0.0
1049.75,0.0
1050.0,0.0
1050.25,0.0
1050.5,0.0
1050.75,0.0
1051.0,0.0
1051.25,0.0
1051.5,0.0
1051.75,0.0
1052.0,0.0
1052.25,0.0
1052.5,0.0
1052.75,0.0
1053.0,0.0
1053.25,0.0
1053.5,0.0
1053.75,0.0
1054.0,0.0
1054.25,0.0
1054.5,0.0
1054.75,0.0
1055.0,0.0
1055.25,0.0
1055.5,0.0
1055.75,0.0
1056.0,0.0
1056.25,0.0
1056.5,0.0
1056.75,0.0
1057.0,0.0
1057.25,0.0
1057.5,0.0
1057.75,0.0
1058.0,0.0
1058.25,0.0
1058.5,0.0
1058.75,0.0
1059.0,0.0
1059.25,0.0
1059.5,0.0
1059.75,0.0
1060.0,0.0
1060.25,0.0
1060.5,0.0
1060.75,0.0
1061.0,0.0
1061.25,0.0
1061.5,0.0
1061.75,0.0
1062.0,0.0
1062.25,0.0
1062.5,0.0
1062.75,0.0
1063.0,0.0
1063.25,0.0
1063.5,0.0
1063.75,0.0
1064.0,0.0
1064.25,0.0
1064.5,0.0
1064.75,0.0
1065.0,0.0
1065.25,0.0
1065.5,0.0
1065.75,0.0
1066.0,0.0
1066.25,0.0
1066.5,0.0
1066.75,0.0
1067.0,0.0
1067.25,0.0
1067.5,0.0
1067.75,0.0
1068.0,0.0
1068.25,0.0
1068.5,0.0
1068.75,0.0
1069.0,0.0
1069.25,0.0
1069.5,0.0
1069.75,0.0
1070.0,0.0
1070.25,0.0
1070.5,0.0
1070.75,0.0
1071.0,0.0
1071.25,0.0
1071.5,0.0
1071.75,0.0
1072.0,0.0
1072.25,0.0
1072.5,0.0
1072.75,0.0
1073.0,0.0
1073.25,0.0
1073.5,0.0
1073.75,0.0
1074.0,0.0
1074.25,0.0
1074.5,0.0
1074.75,0.0
1075.0,0.0
1075.25,0.0
1075.5,0.0
1075.75,0.0
1076.0,0.0
1076.25,0.0
1076.5,0.0
1076.75,0.0
1077.0,0.0
1077.25,0.0
1077.5,0.0
1077.75,0.0
1078.0,0.0
1078.25,0.0
1078.5,0.0
1078.75,0.0
1079.0,0.0
1079.25,0.0
1079.5,0.0
1079.75,0.0
1080.0,0.0
1080.25,0.0
1080.5,0.0
1080.75,0.0
1081.0,0.0
1081.25,0.0
1081.5,0.0
1081.75,0.0
1082.0,0.0
1082.25,0.0
1082.5,0.0
1082.75,0.0
1083.0,0.0
1083.25,0.0
1083.5,0.0
1083.75,0.0
1084.0,0.0
1084.25,0.0
1084.5,0.0
1084.75,0.0
1085.0,0.0
1085.25,0.0
1085.5,0.0
1085.75,0.0
1086.0,0.0
1086.25,0.0
1086.5,0.0
1086.75,0.0
1087.0,0.0
1087.25,0.0
1087.5,0.0
1087.75,0.0
1088.0,0.0
1088.25,0.0
1088.5,0.0
1088.75,0.0
1089.0,0.0
1089.25,0.0
1089.5,0.0
1089.75,0.0
1090.0,0.0
1090.25,0.0
1090.5,0.0
1090.75,0.0
1091.0,0.0
1091.25,0.0
1091.5,0.0
1091.75,0.0
1092.0,0.0
1092.25,0.0
1092.5,0.0
1092.75,0.0
1093.0,0.0
1093.25,0.0
1093.5,0.0
1093.75,0.0
1094.0,0.0
1094.25,0.0
1094.5,0.0
1094.75,0.0
1095.0,0.0
1095.25,0.0
1095.5,0.0
1095.75,0.0
1096.0,0.0
1096.25,0.0
1096.5,0.0
1096.75,0.0
1097.0,0.0
1097.25,0.0
1097.5,0.0
1097.75,0.0
1098.0,0.0
1098.25,0.0
1098.5,0.0
1098.75,0.0
1099.0,0.0
1099.25,0.0
1099.5,0.0
1099.75,0.0
1100.0,0.0
1100.25,0.0
1100.5,0.0
1100.75,0.0
1101.0,0.0
1101.25,0.0
1101.5,0.0
1101.75,0.0
1102.0,0.0
1102.25,0.0
1102.5,0.0
1102.75,0.0
1103.0,0.0
1103.25,0.0
1103.5,0.0
1103.75,0.0
1104.0,0.0
1104.25,0.0
1104.5,0.0
1104.75,0.0
1105.0,0.0
1105.25,0.0
1105.5,0.0
1105.75,0.0
1106.0,0.0
1106.25,0.0
1106.5,0.0
1106.75,0.0
1107.0,0.0
1107.25,0.0
1107.5,0.0
1107.75,0.0
1108.0,0.0
1108.25,0.0
1108.5,0.0
1108.75,0.0
1109.0,0.0
1109.25,0.0
1109.5,0.0
1109.75,0.0
1110.0,0.0
1110.25,0.0
1110.5,0.0
1110.75,0.0
1111.0,0.0
1111.25,0.0
1111.5,0.0
1111.75,0.0
1112.0,0.0
1112.25,0.0
1112.5,0.0
1112.75,0.0
1113.0,0.0
1113.25,0.0
1113.5,0.0
1113.75,0.0
1114.0,0.0
1114.25,0.0
1114.5,0.0
1114.75,0.0
1115.0,0.0
1115.25,0.0
1115.5,0.0
1115.75,0.0
1116.0,0.0
1116.25,0.0
1116.5,0.0
1116.75,0.0
1117.0,0.0
1117.25,0.0
1117.5,0.0
1117.75,0.0
1118.0,0.0
1118.25,0.0
1118.5,0.0
1118.75,0.0
1119.0,0.0
1119.25,0.0
1119.5,0.0
1119.75,0.0
1120.0,0.0
1120.25,0.0
1120.5,0.0
1120.75,0.0
1121.0,0.0
1121.25,0.0
1121.5,0.0
1121.75,0.0
1122.0,0.0
1122.25,0.0
1122.5,0.0
1122.75,0.0
1123.0,0.0
1123.25,0.0
1123.5,0.0
1123.75,0.0
1124.0,0.0
1124.25,0.0
1124.5,0.0
1124.75,0.0
1125.0,0.0
1125.25,0.0
1125.5,0.0
1125.75,0.0
1126.0,0.0
1126.25,0.0
1126.5,0.0
1126.75,0.0
1127.0,0.0
1127.25,0.0
1127.5,0.0
1127.75,0.0
1128.0,0.0
1128.25,0.0
1128.5,0.0
1128.75,0.0
1129.0,0.0
1129.25,0.0
1129.5,0.0
1129.75,0.0
1130.0,0.0
1130.25,0.0
1130.5,0.0
1130.75,0.0
1131.0,0.0
1131.25,0.0
1131.5,0.0
1131.75,0.0
1132.0,0.0
1132.25,0.0
1132.5,0.0
1132.75,0.0
1133.0,0.0
1133.25,0.0
1133.5,0.0
1133.75,0.0
1134.0,0.0
1134.25,0.0
1134.5,0.0
1134.75,0.0
1135.0,0.0
1135.25,0.0
1135.5,0.0
1135.75,0.0
1136.0,0.0
1136.25,0.0
1136.5,0.0
1136.75,0.0
1137.0,0.0
1137.25,0.0
1137.5,0.0
1137.75,0.0
1138.0,0.0
1138.25,0.0
1138.5,0.0
1138.75,0.0
1139.0,0.0
1139.25,0.0
1139.5,0.0
1139.75,0.0
1140.0,0.0
1140.25,0.0
1140.5,0.0
1140.75,0.0
1141.0,0.0
1141.25,0.0
1141.5,0.0
1141.75,0.0
1142.0,0.0
1142.25,0.0
1142.5,0.0
1142.75,0.0
1143.0,0.0
1143.25,0.0
1143.5,0.0
1143.75,0.0
1144.0,0.0
1144.25,0.0
1144.5,0.0
1144.75,0.0
1145.0,0.0
1145.25,0.0
1145.5,0.0
1145.75,0.0
1146.0,0.0
1146.25,0.0
1146.5,0.0
1146.75,0.0
1147.0,0.0
1147.25,0.0
1147.5,0.0
1147.75,0.0
1148.0,0.0
1148.25,0.0
1148.5,0.0
1148.75,0.0
1149.0,0.0
1149.25,0.0
1149.5,0.0
1149.75,0.0
1150.0,0.0
1150.25,0.0
1150.5,0.0
1150.75,0.0
1151.0,0.0
1151.25,0.0
1151.5,0.0
1151.75,0.0
1152.0,0.0
1152.25,0.0
1152.5,0.0
1152.75,0.0
1153.0,0.0
1153.25,0.0
1153.5,0.0
1153.75,0.0
1154.0,0.0
1154.25,0.0
1154.5,0.0
1154.75,0.0
1155.0,0.0
1155.25,0.0
1155.5,0.0
1155.75,0.0
1156.0,0.0
1156.25,0.0
1156.5,0.0
1156.75,0.0
1157.0,0.0
1157.25,0.0
1157.5,0.0
1157.75,0.0
1158.0,0.0
1158.25,0.0
1158.5,0.0
1158.75,0.0
1159.0,0.0
1159.25,0.0
1159.5,0.0
1159.75,0.0
1160.0,0.0
1160.25,0.0
1160.5,0.0
1160.75,0.0
1161.0,0.0
1161.25,0.0
1161.5,0.0
1161.75,0.0
1162.0,0.0
1162.25,0.0
1162.5,0.0
1162.75,0.0
1163.0,0.0
1163.25,0.0
1163.5,0.0
1163.75,0.0
1164.0,0.0
1164.25,0.0
1164.5,0.0
1164.75,0.0
1165.0,0.0
1165.25,0.0
1165.5,0.0
1165.75,0.0
1166.0,0.0
1166.25,0.0
1166.5,0.0
1166.75,0.0
1167.0,0.0
1167.25,0.0
1167.5,0.0
1167.75,0.0
1168.0,0.0
1168.25,0.0
1168.5,0.0
1168.75,0.0
1169.0,0.0
1169.25,0.0
1169.5,0.0
1169.75,0.0
1170.0,0.0
1170.25,0.0
1170.5,0.0
1170.75,0.0
1171.0,0.0
1171.25,0.0
1171.5,0.0
1171.75,0.0
1172.0,0.0
1172.25,0.0
1172.5,0.0
1172.75,0.0
1173.0,0.0
1173.25,0.0
1173.5,0.0
1173.75,0.0
1174.0,0.0
1174.25,0.0
1174.5,0.0
1174.75,0.0
1175.0,0.0
1175.25,0.0
1175.5,0.0
1175.75,0.0
1176.0,0.0
1176.25,0.0
1176.5,0.0
1176.75,0.0
1177.0,0.0
1177.25,0.0
1177.5,0.0
1177.75,0.0
1178.0,0.0
1178.25,0.0
1178.5,0.0
1178.75,0.0
1179.0,0.0
1179.25,0.0
1179.5,0.0
1179.75,0.0
1180.0,0.0
1180.25,0.0
1180.5,0.0
1180.75,0.0
1181.0,0.0
1181.25,0.0
1181.5,0.0
1181.75,0.0
1182.0,0.0
1182.25,0.0
1182.5,0.0
1182.75,0.0
1183.0,0.0
1183.25,0.0
1183.5,0.0
1183.75,0.0
1184.0,0.0
1184.25,0.0
1184.5,0.0
1184.75,0.0
1185.0,0.0
1185.25,0.0
1185.5,0.0
1185.75,0.0
1186.0,0.0
1186.25,0.0
1186.5,0.0
1186.75,0.0
1187.0,0.0
1187.25,0.0
1187.5,0.0
1187.75,0.0
1188.0,0.0
1188.25,0.0
1188.5,0.0
1188.75,0.0
1189.0,0.0
1189.25,0.0
1189.5,0.0
1189.75,0.0
1190.0,0.0
1190.25,0.0
1190.5,0.0
1190.75,0.0
1191.0,0.0
1191.25,0.0
1191.5,0.0
1191.75,0.0
1192.0,0.0
1192.25,0.0
1192.5,0.0
1192.75,0.0
1193.0,0.0
1193.25,0.0
1193.5,0.0
1193.75,0.0
1194.0,0.0
1194.25,0.0
1194.5,0.0
1194.75,0.0
1195.0,0.0
1195.25,0.0
1195.5,0.0
1195.75,0.0
1196.0,0.0
1196.25,0.0
1196.5,0.0
1196.75,0.0
1197.0,0.0
1197.25,0.0
1197.5,0.0
1197.75,0.0
1198.0,0.0
1198.25,0.0
1198.5,0.0
1198.75,0.0
1199.0,0.0
1199.25,0.0
1199.5,0.0
1199.75,0.0
1200.0,0.0
1200.25,0.0
1200.5,0.0
1200.75,0.0
1201.0,0.0
1201.25,0.0
1201.5,0.0
1201.75,0.0
1202.0,0.0
1202.25,0.0
1202.5,0.0
1202.75,0.0
1203.0,0.0
1203.25,0.0
1203.5,0.0
1203.75,0.0
1204.0,0.0
1204.25,0.0
1204.5,0.0
1204.75,0.0
1205.0,0.0
1205.25,0.0
1205.5,0.0
1205.75,0.0
1206.0,0.0
1206.25,0.0
1206.5,0.0
1206.75,0.0
1207.0,0.0
1207.25,0.0
1207.5,0.0
1207.75,0.0
1208.0,0.0
1208.25,0.0
1208.5,0.0
1208.75,0.0
1209.0,0.0
1209.25,0.0
1209.5,0.0
1209.75,0.0
1210.0,0.0
1210.25,0.0
1210.5,0.0
1210.75,0.0
1211.0,0.0
1211.25,0.0
1211.5,0.0
1211.75,0.0
1212.0,0.0
1212.25,0.0
1212.5,0.0
1212.75,0.0
1213.0,0.0
1213.25,0.0
1213.5,0.0
1213.75,0.0
1214.0,0.0
1214.25,0.0
1214.5,0.0
1214.75,0.0
1215.0,0.0
1215.25,0.0
1215.5,0.0
1215.75,0.0
1216.0,0.0
1216.25,0.0
1216.5,0.0
1216.75,0.0
1217.0,0.0
1217.25,0.0
1217.5,0.0
1217.75,0.0
1218.0,0.0
1218.25,0.0
1218.5,0.0
1218.75,0.0
1219.0,0.0
1219.25,0.0
1219.5,0.0
1219.75,0.0
1220.0,0.0
1220.25,0.0
1220.5,0.0
1220.75,0.0
1221.0,0.0
1221.25,0.0
1221.5,0.0
1221.75,0.0
1222.0,0.0
1222.25,0.0
1222.5,0.0
1222.75,0.0
1223.0,0.0
1223.25,0.0
1223.5,0.0
1223.75,0.0
1224.0,0.0
1224.25,0.0
1224.5,0.0
1224.75,0.0
1225.0,0.0
1225.25,0.0
1225.5,0.0
1225.75,0.0
1226.0,0.0
1226.25,0.0
1226.5,0.0
1226.75,0.0
1227.0,0.0
1227.25,0.0
1227.5,0.0
1227.75,0.0
1228.0,0.0
1228.25,0.0
1228.5,0.0
1228.75,0.0
1229.0,0.0
1229.25,0.0
1229.5,0.0
1229.75,0.0
1230.0,0.0
1230.25,0.0
1230.5,0.0
1230.75,0.0
1231.0,0.0
1231.25,0.0
1231.5,0.0
1231.75,0.0
1232.0,0.0
1232.25,0.0
1232.5,0.0
1232.75,0.0
1233.0,0.0
1233.25,0.0
1233.5,0.0
1233.75,0.0
1234.0,0.0
1234.25,0.0
1234.5,0.0
1234.75,0.0
1235.0,0.0
1235.25,0.0
1235.5,0.0
1235.75,0.0
1236.0,0.0
1236.25,0.0
1236.5,0.0
1236.75,0.0
1237.0,0.0
1237.25,0.0
1237.5,0.0
1237.75,0.0
1238.0,0.0
1238.25,0.0
1238.5,0.0
1238.75,0.0
1239.0,0.0
1239.25,0.0
1239.5,0.0
1239.75,0.0
1240.0,0.0
1240.25,0.0
1240.5,0.0
1240.75,0.0
1241.0,0.0
1241.25,0.0
1241.5,0.0
1241.75,0.0
1242.0,0.0
1242.25,0.0
1242.5,0.0
1242.75,0.0
1243.0,0.0
1243.25,0.0
1243.5,0.0
1243.75,0.0
1244.0,0.0
1244.25,0.0
1244.5,0.0
1244.75,0.0
1245.0,0.0
1245.25,0.0
1245.5,0.0
1245.75,0.0
1246.0,0.0
1246.25,0.0
1246.5,0.0
1246.75,0.0
1247.0,0.0
1247.25,0.0
1247.5,0.0
1247.75,0.0
1248.0,0.0
1248.25,0.0
1248.5,0.0
1248.75,0.0
1249.0,0.0
1249.25,0.0
1249.5,0.0
1249.75,0.0
1250.0,0.0
1250.25,0.0
1250.5,0.0
1250.75,0.0
1251.0,0.0
1251.25,0.0
1251.5,0.0
1251.75,0.0
1252.0,0.0
1252.25,0.0
1252.5,0.0
1252.75,0.0
1253.0,0.0
1253.25,0.0
1253.5,0.0
1253.75,0.0
1254.0,0.0
1254.25,0.0
1254.5,0.0
1254.75,0.0
1255.0,0.0
1255.25,0.0
1255.5,0.0
1255.75,0.0
1256.0,0.0
1256.25,0.0
1256.5,0.0
1256.75,0.0
1257.0,0.0
1257.25,0.0
1257.5,0.0
1257.75,0.0
1258.0,0.0
1258.25,0.0
1258.5,0.0
1258.75,0.0
1259.0,0.0
1259.25,0.0
1259.5,0.0
1259.75,0.0
1260.0,0.0
1260.25,0.0
1260.5,0.0
1260.75,0.0
1261.0,0.0
1261.25,0.0
1261.5,0.0
1261.75,0.0
1262.0,0.0
1262.25,0.0
1262.5,0.0
1262.75,0.0
1263.0,0.0
1263.25,0.0
1263.5,0.0
1263.75,0.0
1264.0,0.0
1264.25,0.0
1264.5,0.0
1264.75,0.0
1265.0,0.0
1265.25,0.0
1265.5,0.0
1265.75,0.0
1266.0,0.0
1266.25,0.0
1266.5,0.0
1266.75,0.0
1267.0,0.0
1267.25,0.0
1267.5,0.0
1267.75,0.0
1268.0,0.0
1268.25,0.0
1268.5,0.0
1268.75,0.0
1269.0,0.0
1269.25,0.0
1269.5,0.0
1269.75,0.0
1270.0,0.0
1270.25,0.0
1270.5,0.0
1270.75,0.0
1271.0,0.0
1271.25,0.0
1271.5,0.0
1271.75,0.0
1272.0,0.0
1272.25,0.0
1272.5,0.0
1272.75,0.0
1273.0,0.0
1273.25,0.0
1273.5,0.0
1273.75,0.0
1274.0,0.0
1274.25,0.0
1274.5,0.0
1274.75,0.0
1275.0,0.0
1275.25,0.0
1275.5,0.0
1275.75,0.0
1276.0,0.0
1276.25,0.0
1276.5,0.0
1276.75,0.0
1277.0,0.0
1277.25,0.0
1277.5,0.0
1277.75,0.0
1278.0,0.0
1278.25,0.0
1278.5,0.0
1278.75,0.0
1279.0,0.0
1279.25,0.0
1279.5,0.0
1279.75,0.0
1280.0,0.0
1280.25,0.0
1280.5,0.0
1280.75,0.0
1281.0,0.0
1281.25,0.0
1281.5,0.0
1281.75,0.0
1282.0,0.0
1282.25,0.0
1282.5,0.0
1282.75,0.0
1283.0,0.0
1283.25,0.0
1283.5,0.0
1283.75,0.0
1284.0,0.0
1284.25,0.0
1284.5,0.0
1284.75,0.0
1285.0,0.0
1285.25,0.0
1285.5,0.0
1285.75,0.0
1286.0,0.0
1286.25,0.0
1286.5,0.0
1286.75,0.0
1287.0,0.0
1287.25,0.0
1287.5,0.0
1287.75,0.0
1288.0,0.0
1288.25,0.0
1288.5,0.0
1288.75,0.0
1289.0,0.0
1289.25,0.0
1289.5,0.0
1289.75,0.0
1290.0,0.0
1290.25,0.0
1290.5,0.0
1290.75,0.0
1291.0,0.0
1291.25,0.0
1291.5,0.0
1291.75,0.0
1292.0,0.0
1292.25,0.0
1292.5,0.0
1292.75,0.0
1293.0,0.0
1293.25,0.0
1293.5,0.0
1293.75,0.0
1294.0,0.0
1294.25,0.0
1294.5,0.0
1294.75,0.0
1295.0,0.0
1295.25,0.0
1295.5,0.0
1295.75,0.0
1296.0,0.0
1296.25,0.0
1296.5,121.0
1296.75,121.0
1297.0,120.0
1297.25,120.0
1297.5,120.0
1297.75,119.5
1298.0,119.5
1298.25,119.5
1298.5,119.0
1298.75,119.0
1299.0,120.5
1299.25,120.5
1299.5,121.5
1299.75,121.5
1300.0,120.5
1300.25,120.5
1300.5,120.0
1300.75,120.0
1301.0,118.5
1301.25,118.5
1301.5,118.0
1301.75,118.0
1302.0,117.75
1302.25,117.75
1302.5,117.75
1302.75,119.0
1303.0,118.0
1303.25,118.0
1303.5,117.75
1303.75,117.75
1304.0,119.0
1304.25,119.0
1304.5,118.0
1304.75,118.0
1305.0,119.0
1305.25,119.0
1305.5,118.0
1305.75,118.0
1306.0,120.5
1306.25,120.5
1306.5,122.0
1306.75,122.0
1307.0,123.5
1307.25,123.5
1307.5,122.5
1307.75,122.5
1308.0,124.0
1308.25,124.0
1308.5,127.0
1308.75,127.0
1309.0,127.75
1309.25,127.75
1309.5,126.5
1309.75,126.5
1310.0,125.5
1310.25,125.5
1310.5,125.5
1310.75,124.5
1311.0,124.5
1311.25,124.0
1311.5,124.0
1311.75,121.5
1312.0,121.5
1312.25,121.0
1312.5,121.0
1312.75,121.0
1313.0,121.0
1313.25,120.0
1313.5,120.0
1313.75,121.0
1314.0,121.0
1314.25,123.5
1314.5,123.5
1314.75,123.0
1315.0,123.0
1315.25,124.0
1315.5,124.0
1315.75,122.5
1316.0,122.5
1316.25,122.0
1316.5,122.0
1316.75,121.5
1317.0,121.5
1317.25,122.0
1317.5,122.0
1317.75,121.0
1318.0,121.0
1318.25,121.5
1318.5,121.5
1318.75,117.75
1319.0,117.75
1319.25,116.25
1319.5,116.25
1319.75,120.5
1320.0,120.5
1320.25,126.0
1320.5,126.0
1320.75,129.25
1321.0,129.25
1321.25,128.75
1321.5,128.75
1321.75,129.25
1322.0,127.75
1322.25,127.75
1322.5,125.5
1322.75,125.5
1323.0,123.5
1323.25,123.5
1323.5,125.0
1323.75,125.0
1324.0,126.5
1324.25,126.5
1324.5,125.5
1324.75,125.5
1325.0,123.5
1325.25,123.5
1325.5,123.5
1325.75,123.5
1326.0,122.0
1326.25,122.0
1326.5,123.0
1326.75,123.0
1327.0,123.5
1327.25,123.5
1327.5,123.5
1327.75,123.5
1328.0,124.0
1328.25,127.75
1328.5,127.75
1328.75,130.5
1329.0,130.5
1329.25,131.5
1329.5,131.5
1329.75,129.75
1330.0,129.75
1330.25,131.0
1330.5,131.0
1330.75,128.25
1331.0,128.25
1331.25,125.0
1331.5,125.0
1331.75,123.0
1332.0,123.0
1332.25,124.0
1332.5,124.5
1332.75,124.5
1333.0,123.0
1333.25,123.0
1333.5,124.0
1333.75,124.0
1334.0,122.5
1334.25,122.5
1334.5,122.5
1334.75,122.0
1335.0,121.0
1335.25,121.0
1335.5,119.5
1335.75,119.5
1336.0,119.5
1336.25,119.5
1336.5,120.0
1336.75,120.0
1337.0,120.5
1337.25,120.5
1337.5,119.5
1337.75,119.5
1338.0,119.5
1338.25,119.5
1338.5,118.0
1338.75,118.0
1339.0,121.0
1339.25,121.0
1339.5,123.5
1339.75,123.5
1340.0,123.0
1340.25,123.0
1340.5,120.0
1340.75,120.0
1341.0,122.5
1341.25,122.5
1341.5,122.5
1341.75,122.5
1342.0,122.0
1342.25,122.0
1342.5,121.0
1342.75,121.0
1343.0,122.5
1343.25,122.5
1343.5,121.5
1343.75,121.5
1344.0,122.0
1344.25,122.0
1344.5,122.0
1344.75,122.0
1345.0,122.0
1345.25,122.0
1345.5,121.0
1345.75,121.0
1346.0,119.5
1346.25,119.5
1346.5,119.5
1346.75,116.25
1347.0,121.5
1347.25,121.5
1347.5,124.5
1347.75,124.5
1348.0,124.0
1348.25,124.0
1348.5,124.0
1348.75,124.5
1349.0,126.5
1349.25,126.5
1349.5,125.5
1349.75,123.5
1350.0,123.5
1350.25,123.0
1350.5,123.0
1350.75,122.0
1351.0,122.0
1351.25,123.0
1351.5,123.0
1351.75,124.5
1352.0,124.5
1352.25,128.75
1352.5,128.75
1352.75,130.5
1353.0,130.5
1353.25,128.25
1353.5,128.25
1353.75,129.75
1354.0,129.75
1354.25,128.25
1354.5,127.75
1354.75,127.75
1355.0,125.5
1355.25,125.5
1355.5,125.0
1355.75,125.0
1356.0,123.5
1356.25,123.5
1356.5,123.5
1356.75,122.5
1357.0,124.0
1357.25,124.0
1357.5,122.5
1357.75,122.5
1358.0,121.5
1358.25,121.5
1358.5,121.5
1358.75,121.5
1359.0,120.5
1359.25,120.5
1359.5,121.5
1359.75,121.5
1360.0,123.5
1360.25,123.5
1360.5,124.0
1360.75,124.0
1361.0,124.0
1361.25,124.0
1361.5,124.0
1361.75,124.0
1362.0,122.0
1362.25,122.0
1362.5,121.5
1362.75,121.5
1363.0,121.0
1363.25,121.0
1363.5,122.5
1363.75,122.5
1364.0,121.0
1364.25,121.0
1364.5,120.0
1364.75,120.0
1365.0,122.5
1365.25,122.5
1365.5,123.5
1365.75,122.5
1366.0,122.5
1366.25,123.0
1366.5,123.0
1366.75,125.0
1367.0,125.0
1367.25,123.5
1367.5,123.5
1367.75,125.0
1368.0,125.0
1368.25,125.5
1368.5,125.5
1368.75,126.0
1369.0,126.0
1369.25,124.5
1369.5,124.5
1369.75,124.0
1370.0,124.0
1370.25,127.0
1370.5,127.0
1370.75,128.25
1371.0,128.25
1371.25,129.25
1371.5,127.75
1371.75,127.75
1372.0,127.75
1372.25,127.75
1372.5,129.75
1372.75,129.75
1373.0,132.75
1373.25,132.75
1373.5,134.0
1373.75,134.0
1374.0,135.25
1374.25,132.75
1374.5,132.75
1374.75,131.5
1375.0,131.5
1375.25,128.25
1375.5,128.25
1375.75,127.0
1376.0,127.0
1376.25,128.25
1376.5,128.25
1376.75,125.5
1377.0,125.5
1377.25,124.0
1377.5,124.0
1377.75,126.0
1378.0,125.0
1378.25,125.0
1378.5,125.0
1378.75,125.0
1379.0,125.0
1379.25,125.0
1379.5,126.0
1379.75,126.0
1380.0,127.75
1380.25,127.75
1380.5,128.25
1380.75,128.25
1381.0,128.25
1381.25,128.25
1381.5,128.75
1381.75,128.75
1382.0,127.0
1382.25,126.5
1382.5,126.5
1382.75,128.25
1383.0,128.25
1383.25,129.25
1383.5,129.25
1383.75,128.75
1384.0,128.75
1384.25,127.0
1384.5,127.0
1384.75,129.75
1385.0,129.75
1385.25,129.75
1385.5,131.5
1385.75,131.5
1386.0,132.75
1386.25,132.75
1386.5,132.75
1386.75,135.25
1387.0,135.25
1387.25,135.25
1387.5,133.25
1387.75,132.25
1388.0,132.25
1388.25,129.25
1388.5,129.25
1388.75,129.75
1389.0,129.75
1389.25,129.25
1389.5,129.25
1389.75,127.0
1390.0,127.0
1390.25,126.5
1390.5,126.5
1390.75,127.75
1391.0,127.75
1391.25,128.25
1391.5,128.75
1391.75,128.75
1392.0,129.75
1392.25,129.75
1392.5,129.75
1392.75,131.0
1393.0,129.25
1393.25,129.25
1393.5,129.25
1393.75,127.0
1394.0,125.0
1394.25,125.0
1394.5,128.25
1394.75,128.25
1395.0,125.5
1395.25,126.0
1395.5,126.0
1395.75,127.75
1396.0,127.75
1396.25,128.75
1396.5,128.75
1396.75,126.5
1397.0,126.5
1397.25,127.75
1397.5,127.75
1397.75,127.0
1398.0,127.0
1398.25,127.0
1398.5,127.0
1398.75,126.5
1399.0,128.25
1399.25,128.25
1399.5,128.75
1399.75,128.75
1400.0,127.75
1400.25,127.75
1400.5,129.75
1400.75,129.75
1401.0,130.5
1401.25,130.5
1401.5,132.25
1401.75,132.25
1402.0,132.75
1402.25,132.25
1402.5,132.25
1402.75,132.25
1403.0,132.25
1403.25,131.0
1403.5,131.0
1403.75,133.25
1404.0,133.25
1404.25,134.5
1404.5,134.0
1404.75,134.0
1405.0,132.75
1405.25,132.75
1405.5,132.25
1405.75,132.25
1406.0,132.25
1406.25,132.25
1406.5,129.25
1406.75,129.25
1407.0,128.75
1407.25,128.75
1407.5,128.75
1407.75,129.25
1408.0,129.25
1408.25,131.0
1408.5,131.0
1408.75,129.75
1409.0,129.75
1409.25,129.75
1409.5,129.75
1409.75,128.25
1410.0,128.25
1410.25,127.75
1410.5,128.25
1410.75,128.25
1411.0,129.25
1411.25,129.25
1411.5,129.75
1411.75,129.75
1412.0,129.25
1412.25,129.25
1412.5,129.75
1412.75,129.75
1413.0,131.0
1413.25,133.25
1413.5,133.25
1413.75,132.75
1414.0,132.75
1414.25,134.0
1414.5,134.0
1414.75,131.0
1415.0,131.0
1415.25,130.5
1415.5,130.5
1415.75,132.75
1416.0,134.0
1416.25,134.0
1416.5,135.75
1416.75,135.75
1417.0,134.0
1417.25,134.0
1417.5,133.25
1417.75,132.75
1418.0,132.75
1418.25,130.5
1418.5,130.5
1418.75,129.75
1419.0,129.75
1419.25,128.25
1419.5,128.25
1419.75,127.75
1420.0,127.75
1420.25,129.25
1420.5,129.25
1420.75,129.75
1421.0,131.0
1421.25,131.0
1421.5,129.25
1421.75,129.25
1422.0,128.75
1422.25,128.75
1422.5,128.25
1422.75,128.25
1423.0,129.75
1423.25,129.75
1423.5,129.75
1423.75,130.5
1424.0,129.25
1424.25,131.0
1424.5,131.0
1424.75,131.5
1425.0,131.5
1425.25,131.0
1425.5,131.0
1425.75,131.5
1426.0,131.5
1426.25,130.5
1426.5,130.5
1426.75,131.0
1427.0,131.0
1427.25,131.0
1427.5,130.5
1427.75,130.5
1428.0,129.75
1428.25,129.75
1428.5,129.75
1428.75,129.75
1429.0,131.5
1429.25,131.5
1429.5,132.25
1429.75,132.25
1430.0,132.25
1430.25,134.0
1430.5,134.0
1430.75,131.5
1431.0,131.5
1431.25,133.25
1431.5,133.25
1431.75,132.75
1432.0,131.0
1432.25,131.0
1432.5,130.5
1432.75,130.5
1433.0,131.0
1433.25,131.0
1433.5,131.5
1433.75,131.5
1434.0,132.25
1434.25,132.25
1434.5,132.75
1434.75,132.25
1435.0,132.25
1435.25,131.5
1435.5,131.5
1435.75,129.75
1436.0,129.75
1436.25,131.0
1436.5,131.0
1436.75,132.75
1437.0,132.75
1437.25,134.5
1437.5,136.25
1437.75,136.25
1438.0,135.75
1438.25,135.75
1438.5,136.25
1438.75,136.25
1439.0,135.25
1439.25,134.5
1439.5,134.5
1439.75,131.0
1440.0,131.0
1440.25,128.25
1440.5,128.25
1440.75,129.25
1441.0,129.25
1441.25,132.25
1441.5,132.25
1441.75,132.25
1442.0,132.75
1442.25,132.75
1442.5,132.75
1442.75,132.75
1443.0,131.0
1443.25,131.0
1443.5,131.0
1443.75,131.0
1444.0,131.5
1444.25,133.25
1444.5,133.25
1444.75,135.25
1445.0,135.25
1445.25,137.0
1445.5,137.0
1445.75,138.25
1446.0,139.0
1446.25,139.0
1446.5,140.25
1446.75,140.25
1447.0,139.5
1447.25,139.5
1447.5,140.25
1447.75,140.25
1448.0,140.25
1448.25,139.5
1448.5,139.5
1448.75,139.5
1449.0,139.0
1449.25,139.0
1449.5,140.25
1449.75,140.25
1450.0,141.5
1450.25,141.5
1450.5,142.25
1450.75,141.5
1451.0,141.5
1451.25,139.0
1451.5,139.0
1451.75,136.25
1452.0,136.25
1452.25,134.5
1452.5,132.25
1452.75,132.25
1453.0,132.25
1453.25,132.25
1453.5,130.5
1453.75,130.5
1454.0,128.75
1454.25,128.75
1454.5,127.75
1454.75,127.75
1455.0,127.75
1455.25,129.25
1455.5,129.25
1455.75,129.75
1456.0,129.75
1456.25,128.75
1456.5,128.75
1456.75,129.25
1457.0,129.25
1457.25,129.75
1457.5,129.75
1457.75,127.75
1458.0,127.75
1458.25,128.25
1458.5,128.25
1458.75,127.0
1459.0,126.0
1459.25,126.0
1459.5,126.0
1459.75,126.0
1460.0,126.0
1460.25,126.0
1460.5,126.0
1460.75,126.0
1461.0,125.5
1461.25,125.5
1461.5,126.5
1461.75,126.5
1462.0,127.0
1462.25,127.0
1462.5,127.75
1462.75,127.75
1463.0,124.5
1463.25,124.5
1463.5,124.5
1463.75,124.5
1464.0,124.0
1464.25,125.0
1464.5,125.0
1464.75,124.0
1465.0,124.0
1465.25,122.5
1465.5,122.5
1465.75,121.0
1466.0,121.0
1466.25,120.5
1466.5,120.5
1466.75,118.5
1467.0,118.5
1467.25,117.25
1467.5,117.25
1467.75,116.25
1468.0,116.25
1468.25,116.25
1468.5,116.25
1468.75,116.25
1469.0,117.75
1469.25,117.75
1469.5,119.5
1469.75,119.5
1470.0,118.0
1470.25,118.0
1470.5,116.75
1470.75,116.75
1471.0,116.75
1471.25,116.75
1471.5,113.75
1471.75,113.75
1472.0,109.5
1472.25,109.5
1472.5,107.25
1472.75,107.25
1473.0,107.5
1473.25,107.5
1473.5,107.5
1473.75,106.0
1474.0,106.0
1474.25,105.25
1474.5,105.25
1474.75,105.75
1475.0,105.75
1475.25,105.75
1475.5,106.5
1475.75,106.5
1476.0,107.5
1476.25,107.5
1476.5,109.0
1476.75,109.0
1477.0,110.75
1477.25,110.75
1477.5,115.5
1477.75,115.5
1478.0,116.25
1478.25,116.25
1478.5,115.0
1478.75,115.0
1479.0,115.0
1479.25,113.25
1479.5,113.25
1479.75,111.0
1480.0,111.0
1480.25,114.0
1480.5,114.0
1480.75,112.75
1481.0,112.75
1481.25,115.5
1481.5,115.5
1481.75,115.0
1482.0,115.0
1482.25,115.5
1482.5,115.5
1482.75,113.25
1483.0,113.25
1483.25,110.75
1483.5,110.75
1483.75,110.75
1484.0,108.25
1484.25,108.25
1484.5,106.5
1484.75,106.5
1485.0,106.75
1485.25,106.75
1485.5,108.25
1485.75,108.25
1486.0,108.25
1486.25,107.5
1486.5,107.5
1486.75,108.25
1487.0,108.25
1487.25,111.0
1487.5,111.0
1487.75,113.75
1488.0,113.75
1488.25,115.75
1488.5,115.75
1488.75,118.5
1489.0,118.5
1489.25,123.0
1489.5,123.0
1489.75,125.0
1490.0,125.0
1490.25,125.5
1490.5,125.5
1490.75,129.25
1491.0,129.25
1491.25,131.5
1491.5,131.0
1491.75,131.0
1492.0,129.75
1492.25,129.75
1492.5,127.0
1492.75,127.0
1493.0,124.5
1493.25,124.5
1493.5,124.5
1493.75,123.5
1494.0,124.0
1494.25,124.0
1494.5,123.0
1494.75,123.0
1495.0,122.5
1495.25,122.5
1495.5,122.5
1495.75,122.5
1496.0,124.0
1496.25,124.0
1496.5,126.5
1496.75,126.5
1497.0,128.75
1497.25,127.75
1497.5,127.75
1497.75,127.0
1498.0,127.0
1498.25,128.25
1498.5,128.25
1498.75,129.75
1499.0,129.75
1499.25,131.5
1499.5,131.5
1499.75,133.25
1500.0,134.0
1500.25,134.0
1500.5,135.25
1500.75,135.25
1501.0,135.25
1501.25,135.25
1501.5,132.25
1501.75,132.25
1502.0,131.5
1502.25,131.5
1502.5,132.25
1502.75,132.25
1503.0,129.25
1503.25,127.0
1503.5,127.0
1503.75,125.0
1504.0,125.0
1504.25,124.0
1504.5,124.0
1504.75,124.5
1505.0,124.5
1505.25,124.0
1505.5,124.0
1505.75,123.5
1506.0,123.5
1506.25,125.5
1506.5,125.5
1506.75,123.5
1507.0,123.5
1507.25,122.5
1507.5,122.5
1507.75,121.5
1508.0,121.5
1508.25,122.0
1508.5,122.0
1508.75,123.0
1509.0,123.0
1509.25,122.5
1509.5,122.5
1509.75,123.5
1510.0,124.5
1510.25,124.5
1510.5,125.0
1510.75,125.0
1511.0,124.0
1511.25,124.0
1511.5,124.5
1511.75,124.5
1512.0,124.5
1512.25,124.5
1512.5,124.0
1512.75,124.0
1513.0,124.5
1513.25,124.5
1513.5,125.0
1513.75,125.0
1514.0,122.5
1514.25,122.5
1514.5,122.0
1514.75,122.0
1515.0,123.5
1515.25,123.5
1515.5,124.0
1515.75,124.0
1516.0,125.5
1516.25,125.5
1516.5,125.0
1516.75,125.0
1517.0,124.0
1517.25,123.5
1517.5,123.5
1517.75,124.0
1518.0,124.0
1518.25,126.5
1518.5,126.5
1518.75,128.75
1519.0,128.75
1519.25,131.5
1519.5,131.5
1519.75,132.75
1520.0,132.75
1520.25,134.5
1520.5,134.5
1520.75,137.0
1521.0,136.25
1521.25,136.25
1521.5,136.25
1521.75,136.25
1522.0,136.25
1522.25,134.0
1522.5,134.0
1522.75,131.0
1523.0,131.0
1523.25,128.75
1523.5,128.75
1523.75,129.75
1524.0,129.75
1524.25,129.25
1524.5,129.25
1524.75,127.0
1525.0,127.0
1525.25,128.75
1525.5,128.75
1525.75,128.75
1526.0,127.75
1526.25,127.75
1526.5,128.75
1526.75,128.75
1527.0,127.75
1527.25,127.75
1527.5,124.5
1527.75,124.5
1528.0,124.5
1528.25,124.5
1528.5,124.0
1528.75,124.0
1529.0,122.5
1529.25,122.5
1529.5,121.5
1529.75,121.5
1530.0,119.5
1530.25,119.5
1530.5,121.0
1530.75,121.0
1531.0,119.5
1531.25,119.5
1531.5,121.0
1531.75,121.0
1532.0,122.0
1532.25,122.0
1532.5,122.5
1532.75,122.5
1533.0,123.0
1533.25,123.0
1533.5,123.0
1533.75,123.0
1534.0,123.0
1534.25,123.5
1534.5,123.5
1534.75,125.5
1535.0,125.5
1535.25,124.0
1535.5,124.0
1535.75,124.0
1536.0,124.0
1536.25,125.0
1536.5,125.0
1536.75,123.5
1537.0,123.5
1537.25,123.0
1537.5,123.0
1537.75,128.75
1538.0,128.75
1538.25,131.0
1538.5,131.0
1538.75,133.25
1539.0,134.0
1539.25,134.0
1539.5,135.75
1539.75,135.75
1540.0,137.0
1540.25,137.0
1540.5,138.25
1540.75,139.0
1541.0,139.0
1541.25,140.75
1541.5,140.75
1541.75,139.5
1542.0,139.5
1542.25,138.25
1542.5,138.25
1542.75,138.25
1543.0,140.75
1543.25,140.75
1543.5,140.25
1543.75,139.0
1544.0,139.0
1544.25,137.0
1544.5,137.0
1544.75,132.75
1545.0,132.75
1545.25,131.0
1545.5,131.0
1545.75,128.25
1546.0,128.25
1546.25,125.0
1546.5,125.5
1546.75,125.5
1547.0,124.0
1547.25,124.0
1547.5,124.0
1547.75,123.5
1548.0,125.0
1548.25,125.0
1548.5,125.0
1548.75,125.0
1549.0,126.5
1549.25,126.5
1549.5,124.5
1549.75,124.5
1550.0,122.0
1550.25,122.0
1550.5,122.0
1550.75,123.5
1551.0,127.0
1551.25,127.0
1551.5,127.75
1551.75,127.75
1552.0,126.0
1552.25,126.0
1552.5,125.0
1552.75,124.0
1553.0,124.0
1553.25,123.0
1553.5,123.0
1553.75,122.5
1554.0,122.5
1554.25,122.0
1554.5,122.0
1554.75,122.5
1555.0,122.5
1555.25,122.0
1555.5,122.0
1555.75,123.5
1556.0,123.5
1556.25,122.5
1556.5,122.5
1556.75,125.0
1557.0,125.0
1557.25,125.5
1557.5,125.5
1557.75,125.5
1558.0,125.5
1558.25,125.0
1558.5,125.0
1558.75,127.0
1559.0,127.0
1559.25,130.5
1559.5,132.25
1559.75,132.25
1560.0,132.25
1560.25,132.25
1560.5,134.5
1560.75,134.5
1561.0,136.25
1561.25,136.25
1561.5,133.25
1561.75,134.5
1562.0,134.5
1562.25,132.25
1562.5,132.25
1562.75,129.25
1563.0,129.25
1563.25,126.5
1563.5,126.5
1563.75,125.5
1564.0,125.5
1564.25,125.0
1564.5,125.0
1564.75,124.5
1565.0,124.5
1565.25,124.0
1565.5,124.0
1565.75,124.5
1566.0,124.0
1566.25,124.0
1566.5,124.0
1566.75,126.5
1567.0,126.5
1567.25,126.5
1567.5,126.5
1567.75,127.0
1568.0,126.5
1568.25,126.5
1568.5,125.0
1568.75,125.0
1569.0,124.0
1569.25,124.0
1569.5,124.0
1569.75,124.0
1570.0,123.5
1570.25,123.5
1570.5,123.5
1570.75,123.5
1571.0,122.5
1571.25,122.5
1571.5,122.5
1571.75,122.5
1572.0,121.0
1572.25,121.0
1572.5,122.0
1572.75,122.0
1573.0,121.5
1573.25,121.5
1573.5,123.5
1573.75,125.0
1574.0,125.0
1574.25,126.0
1574.5,126.0
1574.75,126.0
1575.0,126.0
1575.25,126.0
1575.5,126.0
1575.75,126.0
1576.0,126.0
1576.25,124.5
1576.5,124.5
1576.75,122.5
1577.0,122.5
1577.25,122.0
1577.5,122.0
1577.75,123.0
1578.0,123.0
1578.25,121.5
1578.5,121.5
1578.75,122.0
1579.0,122.0
1579.25,122.5
1579.5,122.5
1579.75,124.0
1580.0,124.0
1580.25,123.0
1580.5,123.0
1580.75,123.5
1581.0,123.5
1581.25,123.5
1581.5,126.5
1581.75,126.5
1582.0,127.0
1582.25,127.0
1582.5,125.5
1582.75,125.5
1583.0,125.5
1583.25,125.5
1583.5,125.0
1583.75,125.0
1584.0,124.5
1584.25,124.5
1584.5,126.0
1584.75,126.0
1585.0,124.0
1585.25,124.0
1585.5,123.5
1585.75,123.5
1586.0,123.5
1586.25,123.5
1586.5,124.0
1586.75,124.0
1587.0,122.5
1587.25,122.5
1587.5,123.0
1587.75,123.0
1588.0,123.5
1588.25,123.5
1588.5,123.5
1588.75,124.0
1589.0,124.0
1589.25,125.0
1589.5,125.0
1589.75,123.5
1590.0,123.5
1590.25,123.0
1590.5,123.0
1590.75,125.5
1591.0,125.5
1591.25,123.5
1591.5,123.5
1591.75,122.0
1592.0,122.0
1592.25,121.0
1592.5,121.0
1592.75,120.0
1593.0,120.0
1593.25,119.5
1593.5,119.5
1593.75,119.5
1594.0,119.5
1594.25,120.0
1594.5,120.0
1594.75,118.5
1595.0,118.5
1595.25,119.0
1595.5,119.0
1595.75,118.5
1596.0,118.5
1596.25,118.5
1596.5,118.5
1596.75,119.5
1597.0,119.5
1597.25,119.5
1597.5,119.5
1597.75,119.5
1598.0,119.5
1598.25,119.0
1598.5,119.0
1598.75,120.0
1599.0,120.0
1599.25,120.5
1599.5,120.5
1599.75,119.0
1600.0,119.0
1600.25,117.25
1600.5,117.25
1600.75,115.0
1601.0,115.0
1601.25,115.5
1601.5,115.5
1601.75,114.5
1602.0,114.5
1602.25,114.5
1602.5,113.25
1602.75,113.25
1603.0,115.5
1603.25,115.5
1603.5,116.25
1603.75,116.25
1604.0,116.75
1604.25,116.75
1604.5,117.75
1604.75,117.75
1605.0,118.0
1605.25,118.0
1605.5,120.0
1605.75,120.0
1606.0,119.0
1606.25,119.0
1606.5,120.5
1606.75,120.5
1607.0,121.5
1607.25,121.5
1607.5,123.0
1607.75,123.0
1608.0,122.5
1608.25,122.5
1608.5,121.0
1608.75,121.0
1609.0,120.0
1609.25,120.0
1609.5,119.5
1609.75,119.5
1610.0,117.75
1610.25,117.75
1610.5,122.0
1610.75,122.0
1611.0,121.0
1611.25,121.0
1611.5,121.0
1611.75,121.0
1612.0,120.5
1612.25,120.5
1612.5,122.5
1612.75,122.5
1613.0,121.5
1613.25,121.5
1613.5,122.5
1613.75,122.5
1614.0,123.0
1614.25,123.0
1614.5,121.0
1614.75,121.0
1615.0,121.5
1615.25,121.5
1615.5,122.5
1615.75,122.5
1616.0,124.0
1616.25,126.0
1616.5,126.0
1616.75,125.5
1617.0,125.5
1617.25,126.0
1617.5,126.0
1617.75,126.0
1618.0,126.0
1618.25,125.5
1618.5,125.5
1618.75,126.5
1619.0,126.5
1619.25,130.5
1619.5,130.5
1619.75,132.25
1620.0,133.25
1620.25,133.25
1620.5,132.25
1620.75,132.25
1621.0,132.75
1621.25,132.75
1621.5,131.0
1621.75,131.0
1622.0,130.5
1622.25,129.25
1622.5,129.25
1622.75,128.25
1623.0,128.25
1623.25,129.25
1623.5,129.25
1623.75,128.75
1624.0,128.75
1624.25,127.75
1624.5,127.75
1624.75,126.0
1625.0,126.0
1625.25,125.5
1625.5,125.5
1625.75,125.5
1626.0,125.5
1626.25,124.0
1626.5,124.0
1626.75,124.0
1627.0,124.5
1627.25,124.5
1627.5,128.25
1627.75,128.25
1628.0,131.5
1628.25,131.5
1628.5,132.25
1628.75,132.25
1629.0,134.0
1629.25,134.0
1629.5,133.25
1629.75,131.0
1630.0,131.0
1630.25,131.0
1630.5,131.0
1630.75,128.25
1631.0,128.25
1631.25,131.0
1631.5,131.0
1631.75,134.0
1632.0,134.0
1632.25,136.25
1632.5,138.25
1632.75,138.25
1633.0,139.5
1633.25,139.5
1633.5,141.5
1633.75,142.75
1634.0,142.75
1634.25,145.0
1634.5,145.0
1634.75,145.75
1635.0,145.0
1635.25,145.0
1635.5,142.25
1635.75,142.25
1636.0,137.5
1636.25,137.5
1636.5,133.25
1636.75,126.0
1637.0,126.0
1637.25,118.5
1637.5,118.5
1637.75,118.5
1638.0,112.75
1638.25,112.75
1638.5,114.5
1638.75,114.5
1639.0,108.75
1639.25,108.75
1639.5,109.0
1639.75,109.0
1640.0,105.0
1640.25,105.0
1640.5,105.0
1640.75,103.0
1641.0,103.0
1641.25,104.5
1641.5,104.5
1641.75,100.75
1642.0,100.75
1642.25,100.75
1642.5,100.75
1642.75,99.75
1643.0,97.75
1643.25,97.75
1643.5,97.75
1643.75,95.25
1644.0,95.25
1644.25,94.0
1644.5,94.0
1644.75,94.0
1645.0,91.75
1645.25,91.75
1645.5,91.75
1645.75,92.5
1646.0,92.5
1646.25,93.5
1646.5,93.5
1646.75,93.5
1647.0,94.25
1647.25,94.25
1647.5,94.0
1647.75,94.0
1648.0,94.0
1648.25,95.75
1648.5,95.75
1648.75,96.75
1649.0,96.75
1649.25,96.75
1649.5,98.25
1649.75,98.25
1650.0,97.0
1650.25,97.0
1650.5,99.75
1650.75,99.75
1651.0,99.75
1651.25,101.25
1651.5,101.25
1651.75,108.75
1652.0,108.75
1652.25,113.75
1652.5,113.75
1652.75,115.0
1653.0,115.0
1653.25,113.25
1653.5,113.25
1653.75,114.5
1654.0,114.5
1654.25,114.5
1654.5,114.5
1654.75,114.5
1655.0,113.75
1655.25,113.75
1655.5,115.0
1655.75,115.0
1656.0,115.75
1656.25,115.75
1656.5,115.75
1656.75,115.75
1657.0,118.5
1657.25,118.5
1657.5,118.5
1657.75,118.5
1658.0,120.5
1658.25,120.5
1658.5,118.0
1658.75,118.0
1659.0,121.0
1659.25,121.0
1659.5,121.0
1659.75,124.5
1660.0,122.5
1660.25,122.5
1660.5,123.5
1660.75,123.5
1661.0,123.5
1661.25,123.5
1661.5,125.0
1661.75,125.0
1662.0,126.0
1662.25,128.75
1662.5,128.75
1662.75,129.25
1663.0,129.25
1663.25,128.25
1663.5,128.25
1663.75,131.5
1664.0,131.5
1664.25,133.25
1664.5,133.25
1664.75,134.0
1665.0,134.0
1665.25,134.0
1665.5,134.5
1665.75,134.5
1666.0,134.0
1666.25,134.0
1666.5,137.0
1666.75,137.0
1667.0,137.0
1667.25,135.75
1667.5,135.75
1667.75,134.5
1668.0,134.5
1668.25,131.5
1668.5,131.5
1668.75,129.75
1669.0,129.75
1669.25,131.5
1669.5,135.75
1669.75,135.75
1670.0,137.5
1670.25,137.5
1670.5,138.25
1670.75,138.25
1671.0,135.75
1671.25,132.25
1671.5,132.25
1671.75,129.25
1672.0,129.25
1672.25,126.5
1672.5,126.5
1672.75,124.0
1673.0,124.0
1673.25,123.0
1673.5,123.0
1673.75,122.5
1674.0,122.5
1674.25,123.5
1674.5,123.5
1674.75,124.0
1675.0,124.0
1675.25,125.5
1675.5,125.5
1675.75,125.0
1676.0,125.0
1676.25,123.0
1676.5,123.0
1676.75,121.5
1677.0,121.5
1677.25,119.0
1677.5,119.0
1677.75,121.0
1678.0,121.0
1678.25,121.0
1678.5,121.0
1678.75,120.0
1679.0,120.0
1679.25,120.0
1679.5,120.0
1679.75,120.0
1680.0,120.0
1680.25,119.0
1680.5,119.0
1680.75,119.5
1681.0,119.5
1681.25,121.0
1681.5,121.0
1681.75,120.0
1682.0,120.0
1682.25,119.5
1682.5,119.5
1682.75,119.5
1683.0,119.5
1683.25,120.5
1683.5,120.5
1683.75,121.0
1684.0,121.0
1684.25,119.5
1684.5,119.5
1684.75,120.0
1685.0,120.0
1685.25,118.5
1685.5,118.5
1685.75,118.0
1686.0,118.0
1686.25,117.75
1686.5,117.75
1686.75,118.5
1687.0,118.5
1687.25,118.5
1687.5,118.5
1687.75,121.5
1688.0,121.5
1688.25,122.5
1688.5,122.5
1688.75,127.0
1689.0,130.5
1689.25,130.5
1689.5,132.75
1689.75,132.75
1690.0,134.0
1690.25,134.0
1690.5,132.75
1690.75,132.75
1691.0,131.0
1691.25,132.75
1691.5,132.75
1691.75,130.5
1692.0,130.5
1692.25,127.75
1692.5,127.75
1692.75,124.5
1693.0,124.5
1693.25,123.0
1693.5,123.0
1693.75,122.0
1694.0,122.0
1694.25,122.5
1694.5,122.5
1694.75,122.5
1695.0,122.5
1695.25,121.5
1695.5,121.5
1695.75,120.5
1696.0,120.5
1696.25,121.0
1696.5,121.0
1696.75,119.5
1697.0,119.5
1697.25,120.5
1697.5,120.5
1697.75,120.0
1698.0,120.0
1698.25,120.5
1698.5,120.5
1698.75,122.0
1699.0,122.0
1699.25,123.0
1699.5,123.0
1699.75,122.5
1700.0,122.5
1700.25,124.0
1700.5,124.0
1700.75,123.0
1701.0,123.0
1701.25,122.0
1701.5,122.0
1701.75,122.0
1702.0,122.0
1702.25,120.5
1702.5,120.5
1702.75,120.5
1703.0,120.5
1703.25,119.0
1703.5,119.0
1703.75,117.75
1704.0,117.75
1704.25,116.75
1704.5,116.75
1704.75,118.0
1705.0,118.0
1705.25,118.0
1705.5,118.0
1705.75,119.0
1706.0,119.0
1706.25,117.25
1706.5,117.25
1706.75,117.75
1707.0,117.75
1707.25,115.75
1707.5,115.75
1707.75,116.25
1708.0,116.25
1708.25,118.0
1708.5,118.0
1708.75,116.75
1709.0,116.75
1709.25,116.75
1709.5,116.75
1709.75,116.25
1710.0,116.25
1710.25,115.5
1710.5,115.5
1710.75,112.75
1711.0,112.75
1711.25,112.75
1711.5,113.25
1711.75,113.25
1712.0,112.0
1712.25,112.0
1712.5,110.0
1712.75,110.0
1713.0,110.75
1713.25,110.75
1713.5,110.0
1713.75,110.0
1714.0,109.5
1714.25,109.5
1714.5,109.5
1714.75,110.75
1715.0,110.75
1715.25,111.5
1715.5,111.5
1715.75,110.75
1716.0,110.75
1716.25,110.25
1716.5,110.25
1716.75,110.25
1717.0,110.25
1717.25,111.5
1717.5,111.5
1717.75,111.5
1718.0,110.75
1718.25,110.75
1718.5,110.75
1718.75,108.75
1719.0,105.75
1719.25,105.75
1719.5,101.75
1719.75,101.75
1720.0,101.75
1720.25,102.75
1720.5,102.75
1720.75,102.5
1721.0,102.5
1721.25,101.75
1721.5,101.75
1721.75,101.75
1722.0,102.0
1722.25,102.0
1722.5,102.75
1722.75,102.75
1723.0,103.5
1723.25,103.5
1723.5,103.5
1723.75,104.25
1724.0,104.25
1724.25,103.75
1724.5,103.75
1724.75,108.0
1725.0,108.0
1725.25,110.75
1725.5,110.75
1725.75,110.75
1726.0,109.5
1726.25,109.5
1726.5,109.0
1726.75,109.0
1727.0,110.75
1727.25,110.75
1727.5,110.25
1727.75,110.25
1728.0,111.0
1728.25,111.0
1728.5,110.75
1728.75,110.75
1729.0,110.75
1729.25,110.75
1729.5,110.75
1729.75,111.5
1730.0,111.5
1730.25,113.75
1730.5,113.75
1730.75,114.0
1731.0,114.0
1731.25,115.0
1731.5,115.0
1731.75,116.25
1732.0,116.25
1732.25,115.5
1732.5,115.5
1732.75,116.75
1733.0,116.75
1733.25,117.25
1733.5,117.25
1733.75,117.25
1734.0,117.25
1734.25,116.75
1734.5,116.75
1734.75,119.0
1735.0,119.0
1735.25,119.0
1735.5,118.0
1735.75,118.0
1736.0,117.75
1736.25,117.75
1736.5,121.0
1736.75,121.0
1737.0,120.5
1737.25,122.5
1737.5,122.5
1737.75,124.0
1738.0,124.0
1738.25,126.5
1738.5,126.5
1738.75,128.25
1739.0,128.25
1739.25,126.5
1739.5,126.5
1739.75,125.0
1740.0,125.0
1740.25,125.5
1740.5,125.5
1740.75,124.5
1741.0,124.5
1741.25,124.0
1741.5,124.0
1741.75,125.0
1742.0,125.0
1742.25,123.0
1742.5,123.0
1742.75,123.0
1743.0,123.0
1743.25,122.0
1743.5,122.0
1743.75,119.0
1744.0,119.0
1744.25,120.0
1744.5,120.0
1744.75,119.0
1745.0,119.0
1745.25,119.5
1745.5,119.5
1745.75,120.0
1746.0,120.0
1746.25,123.0
1746.5,125.0
1746.75,125.0
1747.0,124.5
1747.25,124.5
1747.5,122.5
1747.75,122.5
1748.0,123.5
1748.25,123.5
1748.5,124.0
1748.75,124.0
1749.0,126.5
1749.25,126.5
1749.5,125.5
1749.75,125.5
1750.0,124.5
1750.25,124.5
1750.5,124.0
1750.75,124.0
1751.0,125.5
1751.25,125.5
1751.5,125.0
1751.75,125.0
1752.0,128.25
1752.25,130.5
1752.5,130.5
1752.75,132.25
1753.0,132.25
1753.25,131.5
1753.5,131.5
1753.75,129.75
1754.0,129.75
1754.25,127.75
1754.5,127.75
1754.75,126.0
1755.0,126.0
1755.25,124.5
1755.5,124.5
1755.75,125.0
1756.0,125.0
1756.25,125.5
1756.5,125.5
1756.75,129.25
1757.0,131.0
1757.25,131.0
1757.5,134.0
1757.75,134.0
1758.0,135.25
1758.25,135.25
1758.5,134.0
1758.75,132.25
1759.0,132.25
1759.25,132.25
1759.5,132.25
1759.75,129.25
1760.0,129.25
1760.25,129.75
1760.5,129.75
1760.75,127.75
1761.0,127.75
1761.25,128.25
1761.5,128.25
1761.75,126.5
1762.0,125.0
1762.25,125.0
1762.5,126.0
1762.75,126.0
1763.0,128.25
1763.25,128.25
1763.5,127.75
1763.75,127.75
1764.0,128.75
1764.25,128.75
1764.5,131.0
1764.75,131.0
1765.0,130.5
1765.25,130.5
1765.5,129.25
1765.75,130.5
1766.0,130.5
1766.25,128.25
1766.5,128.25
1766.75,127.75
1767.0,127.75
1767.25,125.5
1767.5,125.5
1767.75,126.0
1768.0,126.0
1768.25,125.5
1768.5,125.5
1768.75,126.0
1769.0,126.0
1769.25,126.0
1769.5,126.0
1769.75,125.0
1770.0,125.0
1770.25,125.0
1770.5,125.5
1770.75,125.5
1771.0,126.0
1771.25,126.0
1771.5,125.5
1771.75,125.5
1772.0,124.0
1772.25,124.0
1772.5,123.5
1772.75,123.5
1773.0,124.0
1773.25,124.0
1773.5,125.5
1773.75,125.5
1774.0,125.5
1774.25,125.5
1774.5,125.0
1774.75,125.0
1775.0,123.5
1775.25,123.5
1775.5,126.0
1775.75,126.0
1776.0,125.0
1776.25,125.5
1776.5,125.5
1776.75,124.5
1777.0,124.5
1777.25,124.0
1777.5,124.0
1777.75,123.5
1778.0,123.5
1778.25,124.5
1778.5,124.5
1778.75,124.0
1779.0,124.0
1779.25,127.0
1779.5,127.0
1779.75,131.0
1780.0,131.0
1780.25,133.25
1780.5,135.25
1780.75,135.25
1781.0,137.0
1781.25,137.0
1781.5,137.0
1781.75,137.5
1782.0,139.5
1782.25,140.75
1782.5,140.75
1782.75,140.75
1783.0,140.75
1783.25,139.0
1783.5,139.5
1783.75,139.5
1784.0,136.25
1784.25,136.25
1784.5,136.25
1784.75,136.25
1785.0,133.25
1785.25,133.25
1785.5,131.5
1785.75,129.25
1786.0,129.25
1786.25,129.75
1786.5,129.75
1786.75,129.25
1787.0,129.25
1787.25,126.0
1787.5,126.0
1787.75,127.0
1788.0,127.0
1788.25,126.5
1788.5,126.5
1788.75,125.5
1789.0,125.5
1789.25,125.5
1789.5,125.5
1789.75,123.0
1790.0,123.0
1790.25,124.0
1790.5,124.0
1790.75,124.5
1791.0,126.0
1791.25,126.0
1791.5,125.0
1791.75,125.0
1792.0,124.5
1792.25,124.5
1792.5,126.0
1792.75,126.0
1793.0,125.0
1793.25,125.0
1793.5,125.0
1793.75,125.5
1794.0,126.0
1794.25,126.0
1794.5,128.75
1794.75,128.75
1795.0,130.5
1795.25,132.25
1795.5,132.25
1795.75,129.25
1796.0,129.25
1796.25,127.0
1796.5,127.0
1796.75,125.0
1797.0,125.0
1797.25,122.0
1797.5,122.0
1797.75,119.5
1798.0,119.5
1798.25,118.5
1798.5,118.5
1798.75,116.75
1799.0,116.75
1799.25,117.25
1799.5,117.25
1799.75,115.75
1800.0,115.75
1800.25,117.25
1800.5,117.25
1800.75,115.75
1801.0,115.75
1801.25,115.75
1801.5,115.75
1801.75,120.0
1802.0,120.0
1802.25,120.5
1802.5,120.5
1802.75,120.0
1803.0,120.0
1803.25,121.5
1803.5,121.5
1803.75,121.5
1804.0,121.5
1804.25,123.5
1804.5,123.5
1804.75,125.0
1805.0,125.0
1805.25,127.0
1805.5,127.0
1805.75,129.25
1806.0,129.25
1806.25,129.75
1806.5,129.75
1806.75,130.5
1807.0,130.5
1807.25,131.5
1807.5,132.75
1807.75,132.75
1808.0,134.5
1808.25,134.5
1808.5,132.75
1808.75,132.75
1809.0,135.75
1809.25,136.25
1809.5,136.25
1809.75,135.25
1810.0,135.25
1810.25,134.5
1810.5,134.5
1810.75,135.25
1811.0,135.25
1811.25,135.25
1811.5,133.25
1811.75,133.25
1812.0,134.0
1812.25,134.0
1812.5,132.25
1812.75,132.25
1813.0,131.0
1813.25,131.0
1813.5,130.5
1813.75,131.5
1814.0,131.5
1814.25,131.5
1814.5,131.5
1814.75,129.75
1815.0,129.75
1815.25,132.25
1815.5,132.25
1815.75,130.5
1816.0,130.5
1816.25,128.25
1816.5,128.25
1816.75,128.25
1817.0,127.75
1817.25,127.75
1817.5,131.0
1817.75,131.0
1818.0,132.75
1818.25,132.75
1818.5,132.75
1818.75,134.5
1819.0,136.25
1819.25,136.25
1819.5,136.25
1819.75,134.5
1820.0,134.5
1820.25,133.25
1820.5,133.25
1820.75,131.5
1821.0,131.5
1821.25,131.0
1821.5,130.5
1821.75,130.5
1822.0,129.75
1822.25,129.75
1822.5,127.75
1822.75,127.75
1823.0,127.0
1823.25,127.0
1823.5,126.0
1823.75,126.0
1824.0,125.5
1824.25,125.5
1824.5,125.5
1824.75,125.5
1825.0,126.0
1825.25,126.0
1825.5,126.5
1825.75,126.5
1826.0,125.0
1826.25,125.5
1826.5,125.5
1826.75,128.75
1827.0,128.75
1827.25,131.5
1827.5,131.5
1827.75,134.0
1828.0,134.0
1828.25,134.5
1828.5,134.5
1828.75,134.5
1829.0,134.0
1829.25,134.0
1829.5,134.0
1829.75,134.0
1830.0,133.25
1830.25,133.25
1830.5,131.5
1830.75,131.5
1831.0,128.75
1831.25,126.5
1831.5,126.5
1831.75,128.75
1832.0,128.75
1832.25,129.75
1832.5,129.75
1832.75,131.0
1833.0,131.0
1833.25,132.25
1833.5,132.25
1833.75,134.0
1834.0,135.75
1834.25,135.75
1834.5,135.75
1834.75,137.5
1835.0,138.25
1835.25,138.25
1835.5,139.5
1835.75,140.25
1836.0,140.25
1836.25,137.5
1836.5,137.5
1836.75,135.25
1837.0,135.25
1837.25,133.25
1837.5,131.0
1837.75,131.0
1838.0,127.75
1838.25,127.75
1838.5,125.5
1838.75,125.5
1839.0,126.5
1839.25,126.5
1839.5,126.0
1839.75,126.0
1840.0,124.5
1840.25,124.5
1840.5,124.0
1840.75,124.0
1841.0,124.5
1841.25,124.5
1841.5,125.5
1841.75,125.5
1842.0,126.5
1842.25,128.25
1842.5,128.25
1842.75,127.75
1843.0,127.75
1843.25,126.5
1843.5,126.5
1843.75,126.5
1844.0,126.5
1844.25,127.0
1844.5,127.0
1844.75,126.5
1845.0,126.5
1845.25,125.5
1845.5,125.5
1845.75,126.0
1846.0,126.0
1846.25,124.0
1846.5,124.0
1846.75,123.5
1847.0,123.5
1847.25,123.0
1847.5,123.0
1847.75,124.0
1848.0,125.5
1848.25,125.5
1848.5,126.5
1848.75,126.5
1849.0,129.75
1849.25,129.75
1849.5,129.75
1849.75,129.75
1850.0,132.75
1850.25,132.75
1850.5,135.25
1850.75,135.75
1851.0,135.75
1851.25,135.25
1851.5,135.25
1851.75,133.25
1852.0,133.25
1852.25,130.5
1852.5,130.5
1852.75,127.0
1853.0,127.0
1853.25,125.5
1853.5,125.5
1853.75,122.0
1854.0,122.0
1854.25,121.0
1854.5,121.0
1854.75,119.5
1855.0,119.5
1855.25,119.0
1855.5,119.0
1855.75,118.0
1856.0,118.0
1856.25,118.0
1856.5,118.0
1856.75,118.0
1857.0,118.0
1857.25,117.75
1857.5,117.75
1857.75,116.25
1858.0,116.25
1858.25,117.75
1858.5,117.75
1858.75,116.75
1859.0,116.75
1859.25,116.75
1859.5,116.75
1859.75,115.75
1860.0,115.75
1860.25,114.5
1860.5,114.5
1860.75,115.0
1861.0,115.0
1861.25,114.5
1861.5,114.5
1861.75,114.0
1862.0,114.0
1862.25,113.75
1862.5,113.75
1862.75,113.75
1863.0,114.0
1863.25,114.0
1863.5,112.25
1863.75,112.25
1864.0,112.0
1864.25,112.0
1864.5,112.25
1864.75,112.25
1865.0,115.5
1865.25,115.5
1865.5,114.5
1865.75,114.5
1866.0,115.5
1866.25,115.5
1866.5,118.0
1866.75,118.0
1867.0,119.0
1867.25,119.0
1867.5,119.0
1867.75,119.0
1868.0,117.25
1868.25,117.25
1868.5,117.25
1868.75,117.25
1869.0,117.25
1869.25,114.5
1869.5,114.5
1869.75,115.75
1870.0,115.75
1870.25,113.75
1870.5,113.75
1870.75,110.75
1871.0,110.75
1871.25,109.0
1871.5,109.0
1871.75,109.5
1872.0,109.5
1872.25,111.5
1872.5,111.5
1872.75,111.5
1873.0,114.0
1873.25,114.0
1873.5,113.75
1873.75,113.75
1874.0,115.5
1874.25,115.5
1874.5,117.75
1874.75,117.75
1875.0,117.75
1875.25,117.75
1875.5,117.25
1875.75,117.25
1876.0,115.75
1876.25,115.75
1876.5,116.25
1876.75,116.25
1877.0,118.0
1877.25,118.0
1877.5,119.0
1877.75,119.0
1878.0,119.5
1878.25,119.5
1878.5,119.0
1878.75,119.0
1879.0,120.0
1879.25,120.0
1879.5,121.0
1879.75,121.0
1880.0,122.0
1880.25,122.0
1880.5,120.5
1880.75,120.5
1881.0,122.0
1881.25,122.0
1881.5,123.5
1881.75,123.5
1882.0,124.0
1882.25,124.0
1882.5,123.5
1882.75,123.5
1883.0,125.5
1883.25,125.5
1883.5,124.5
1883.75,124.5
1884.0,124.0
1884.25,124.5
1884.5,124.5
1884.75,125.0
1885.0,125.0
1885.25,125.0
1885.5,125.0
1885.75,127.0
1886.0,127.0
1886.25,128.75
1886.5,128.75
1886.75,126.0
1887.0,126.0
1887.25,126.0
1887.5,126.0
1887.75,126.0
1888.0,126.0
1888.25,126.0
1888.5,126.0
1888.75,126.5
1889.0,126.5
1889.25,125.0
1889.5,124.5
1889.75,124.5
1890.0,124.0
1890.25,124.0
1890.5,128.25
1890.75,128.25
1891.0,128.25
1891.25,128.25
1891.5,128.25
1891.75,128.25
1892.0,126.5
1892.25,126.5
1892.5,127.0
1892.75,127.0
1893.0,126.0
1893.25,126.0
1893.5,126.0
1893.75,126.0
1894.0,124.0
1894.25,127.0
1894.5,127.0
1894.75,125.5
1895.0,125.5
1895.25,127.0
1895.5,127.0
1895.75,127.75
1896.0,127.75
1896.25,128.75
1896.5,128.75
1896.75,132.25
1897.0,132.25
1897.25,135.25
1897.5,136.25
1897.75,136.25
1898.0,137.0
1898.25,137.0
1898.5,135.25
1898.75,135.25
1899.0,131.5
1899.25,131.5
1899.5,125.0
1899.75,125.0
1900.0,120.0
1900.25,120.0
1900.5,116.25
1900.75,116.25
1901.0,114.0
1901.25,114.0
1901.5,114.0
1901.75,114.0
1902.0,114.5
1902.25,114.5
1902.5,113.75
1902.75,113.75
1903.0,115.0
1903.25,115.0
1903.5,117.25
1903.75,117.25
1904.0,122.0
1904.25,122.0
1904.5,123.5
1904.75,123.5
1905.0,124.5
1905.25,124.5
1905.5,129.25
1905.75,129.25
1906.0,131.5
1906.25,131.5
1906.5,133.25
1906.75,135.75
1907.0,135.75
1907.25,137.5
1907.5,137.5
1907.75,136.25
1908.0,136.25
1908.25,134.0
1908.5,132.25
1908.75,132.25
1909.0,131.0
1909.25,131.0
1909.5,131.0
1909.75,131.0
1910.0,130.5
1910.25,130.5
1910.5,128.25
1910.75,128.25
1911.0,126.5
1911.25,126.5
1911.5,124.5
1911.75,124.5
1912.0,124.5
1912.25,125.0
1912.5,125.0
1912.75,122.5
1913.0,122.5
1913.25,121.5
1913.5,121.5
1913.75,122.5
1914.0,122.5
1914.25,123.0
1914.5,123.0
1914.75,123.5
1915.0,123.5
1915.25,123.5
1915.5,123.5
1915.75,127.75
1916.0,127.75
1916.25,126.0
1916.5,126.0
1916.75,129.75
1917.0,129.75
1917.25,132.25
1917.5,135.25
1917.75,135.25
1918.0,137.0
1918.25,137.0
1918.5,138.25
1918.75,138.25
1919.0,135.75
1919.25,134.5
1919.5,134.5
1919.75,132.25
1920.0,132.25
1920.25,131.5
1920.5,131.5
1920.75,131.0
1921.0,131.0
1921.25,128.25
1921.5,128.25
1921.75,124.5
1922.0,124.5
1922.25,122.5
1922.5,122.5
1922.75,119.5
1923.0,119.5
1923.25,119.5
1923.5,119.5
1923.75,119.5
1924.0,119.5
1924.25,120.5
1924.5,120.5
1924.75,121.0
1925.0,121.0
1925.25,122.5
1925.5,122.5
1925.75,124.0
1926.0,127.75
1926.25,127.75
1926.5,127.75
1926.75,132.25
1927.0,134.5
1927.25,134.5
1927.5,136.25
1927.75,136.25
1928.0,137.5
1928.25,139.5
1928.5,139.5
1928.75,140.25
1929.0,140.25
1929.25,141.5
1929.5,142.25
1929.75,142.25
1930.0,142.75
1930.25,142.75
1930.5,142.25
1930.75,143.5
1931.0,143.5
1931.25,143.5
1931.5,143.5
1931.75,144.25
1932.0,142.25
1932.25,142.25
1932.5,143.5
1932.75,143.5
1933.0,142.25
1933.25,142.25
1933.5,140.75
1933.75,139.5
1934.0,139.5
1934.25,137.0
1934.5,137.0
1934.75,134.0
1935.0,134.0
1935.25,132.25
1935.5,131.0
1935.75,131.0
1936.0,129.25
1936.25,129.25
1936.5,127.0
1936.75,127.0
1937.0,128.75
1937.25,128.75
1937.5,125.5
1937.75,125.5
1938.0,127.0
1938.25,127.0
1938.5,125.0
1938.75,125.0
1939.0,126.5
1939.25,126.5
1939.5,127.75
1939.75,130.5
1940.0,130.5
1940.25,130.5
1940.5,130.5
1940.75,130.5
1941.0,130.5
1941.25,131.5
1941.5,131.5
1941.75,132.25
1942.0,132.25
1942.25,129.75
1942.5,129.25
1942.75,129.25
1943.0,128.25
1943.25,128.25
1943.5,126.0
1943.75,126.0
1944.0,123.5
1944.25,123.5
1944.5,124.0
1944.75,124.0
1945.0,123.0
1945.25,123.0
1945.5,126.0
1945.75,126.0
1946.0,126.0
1946.25,126.0
1946.5,129.25
1946.75,129.25
1947.0,129.25
1947.25,128.75
1947.5,128.75
1947.75,131.0
1948.0,131.0
1948.25,129.75
1948.5,129.75
1948.75,130.5
1949.0,130.5
1949.25,133.25
1949.5,135.25
1949.75,135.25
1950.0,135.75
1950.25,135.75
1950.5,135.25
1950.75,135.25
1951.0,136.25
1951.25,136.25
1951.5,135.25
1951.75,134.5
1952.0,134.5
1952.25,132.25
1952.5,132.25
1952.75,131.5
1953.0,131.5
1953.25,131.0
1953.5,131.0
1953.75,131.5
1954.0,129.75
1954.25,129.75
1954.5,129.25
1954.75,129.25
1955.0,129.75
1955.25,129.75
1955.5,129.75
1955.75,129.75
1956.0,131.5
1956.25,131.5
1956.5,132.75
1956.75,131.5
1957.0,131.5
1957.25,132.75
1957.5,132.75
1957.75,132.75
1958.0,132.75
1958.25,132.75
1958.5,132.75
1958.75,134.5
1959.0,134.5
1959.25,132.75
1959.5,134.0
1959.75,134.0
1960.0,132.75
1960.25,132.75
1960.5,133.25
1960.75,133.25
1961.0,132.75
1961.25,132.75
1961.5,132.75
1961.75,132.75
1962.0,132.75
1962.25,132.25
1962.5,132.25
1962.75,133.25
1963.0,133.25
1963.25,133.25
1963.5,133.25
1963.75,133.25
1964.0,135.25
1964.25,135.25
1964.5,135.25
1964.75,135.25
1965.0,135.25
1965.25,135.25
1965.5,135.25
1965.75,135.75
1966.0,135.25
1966.25,135.25
1966.5,135.25
1966.75,135.25
1967.0,135.25
1967.25,137.0
1967.5,138.25
1967.75,138.25
1968.0,138.25
1968.25,138.25
1968.5,138.25
1968.75,138.25
1969.0,137.5
1969.25,137.5
1969.5,137.5
1969.75,137.0
1970.0,137.0
1970.25,136.25
1970.5,136.25
1970.75,134.5
1971.0,136.25
1971.25,136.25
1971.5,134.0
1971.75,134.0
1972.0,134.0
1972.25,134.0
1972.5,134.5
1972.75,134.5
1973.0,134.0
1973.25,136.25
1973.5,136.25
1973.75,135.25
1974.0,135.25
1974.25,135.25
1974.5,135.25
1974.75,137.5
1975.0,138.25
1975.25,138.25
1975.5,137.5
1975.75,137.5
1976.0,139.0
1976.25,139.0
1976.5,137.5
1976.75,137.0
1977.0,137.0
1977.25,137.5
1977.5,137.5
1977.75,137.5
1978.0,137.5
1978.25,135.75
1978.5,135.75
1978.75,135.75
1979.0,135.75
1979.25,135.75
1979.5,134.5
1979.75,134.5
1980.0,134.5
1980.25,134.5
1980.5,136.25
1980.75,134.5
1981.0,134.5
1981.25,136.25
1981.5,136.25
1981.75,135.75
1982.0,135.75
1982.25,137.5
1982.5,137.5
1982.75,137.5
1983.0,138.25
1983.25,138.25
1983.5,137.5
1983.75,137.5
1984.0,139.0
1984.25,139.0
1984.5,139.0
1984.75,138.25
1985.0,138.25
1985.25,137.5
1985.5,136.25
1985.75,136.25
1986.0,136.25
1986.25,136.25
1986.5,135.75
1986.75,135.75
1987.0,134.5
1987.25,134.5
1987.5,132.75
1987.75,133.25
1988.0,133.25
1988.25,133.25
1988.5,133.25
1988.75,134.0
1989.0,134.0
1989.25,134.0
1989.5,134.0
1989.75,132.25
1990.0,131.5
1990.25,131.5
1990.5,132.75
1990.75,132.75
1991.0,131.5
1991.25,131.5
1991.5,131.5
1991.75,131.5
1992.0,131.5
1992.25,131.5
1992.5,131.5
1992.75,130.5
1993.0,130.5
1993.25,129.75
1993.5,129.75
1993.75,130.5
1994.0,130.5
1994.25,131.0
1994.5,131.0
1994.75,132.75
1995.0,132.75
1995.25,132.25
1995.5,132.75
1995.75,132.75
1996.0,131.0
1996.25,131.0
1996.5,131.0
1996.75,131.0
1997.0,132.25
1997.25,132.25
1997.5,132.25
1997.75,131.0
1998.0,131.0
1998.25,131.5
1998.5,131.5
1998.75,131.5
1999.0,131.5
1999.25,131.5
1999.5,131.5
1999.75,129.75
2000.0,129.75
2000.25,129.25
2000.5,129.75
2000.75,129.75
2001.0,129.25
2001.25,129.25
2001.5,131.0
2001.75,131.0
2002.0,128.25
2002.25,128.25
2002.5,129.25
2002.75,129.25
2003.0,128.75
2003.25,128.75
2003.5,127.0
2003.75,127.0
2004.0,127.75
2004.25,128.25
2004.5,128.25
2004.75,131.0
2005.0,131.0
2005.25,132.25
2005.5,132.25
2005.75,131.5
2006.0,131.5
2006.25,131.5
2006.5,131.5
2006.75,132.25
2007.0,130.5
2007.25,130.5
2007.5,130.5
2007.75,130.5
2008.0,131.0
2008.25,131.0
2008.5,129.75
2008.75,129.75
2009.0,129.75
2009.25,129.75
2009.5,132.25
2009.75,132.25
2010.0,132.25
2010.25,132.75
2010.5,132.75
2010.75,131.5
2011.0,131.5
2011.25,132.75
2011.5,132.75
2011.75,131.5
2012.0,130.5
2012.25,130.5
2012.5,130.5
2012.75,129.75
2013.0,132.25
2013.25,132.25
2013.5,131.5
2013.75,131.5
2014.0,129.25
2014.25,129.25
2014.5,129.25
2014.75,130.5
2015.0,128.25
2015.25,129.75
2015.5,129.75
2015.75,131.5
2016.0,131.5
2016.25,130.5
2016.5,130.5
2016.75,130.5
2017.0,130.5
2017.25,129.75
2017.5,129.75
2017.75,129.25
2018.0,128.75
2018.25,128.75
2018.5,127.75
2018.75,127.75
2019.0,128.75
2019.25,128.75
2019.5,128.75
2019.75,128.75
2020.0,129.25
2020.25,129.25
2020.5,127.75
2020.75,127.75
2021.0,127.0
2021.25,127.0
2021.5,127.0
2021.75,128.25
2022.0,127.0
2022.25,128.25
2022.5,128.25
2022.75,128.75
2023.0,128.75
2023.25,129.25
2023.5,129.25
2023.75,128.75
2024.0,128.75
2024.25,129.25
2024.5,129.25
2024.75,129.25
2025.0,130.5
2025.25,130.5
2025.5,131.0
2025.75,131.0
2026.0,130.5
2026.25,130.5
2026.5,129.75
2026.75,129.75
2027.0,129.25
2027.25,129.25
2027.5,128.75
2027.75,128.75
2028.0,128.25
2028.25,130.5
2028.5,130.5
2028.75,129.75
2029.0,129.75
2029.25,130.5
2029.5,130.5
2029.75,130.5
2030.0,130.5
2030.25,129.75
2030.5,129.75
2030.75,129.75
2031.0,128.75
2031.25,128.75
2031.5,131.0
2031.75,131.0
2032.0,130.5
2032.25,130.5
2032.5,129.75
2032.75,129.75
2033.0,129.25
2033.25,129.25
2033.5,130.5
2033.75,130.5
2034.0,129.75
2034.25,130.5
2034.5,130.5
2034.75,131.0
2035.0,131.0
2035.25,129.25
2035.5,129.25
2035.75,129.75
2036.0,129.75
2036.25,129.25
2036.5,129.25
2036.75,129.75
2037.0,129.75
2037.25,129.75
2037.5,131.0
2037.75,131.0
2038.0,129.25
2038.25,129.25
2038.5,131.0
2038.75,131.0
2039.0,131.0
2039.25,131.0
2039.5,132.75
2039.75,131.0
2040.0,131.0
2040.25,129.75
2040.5,129.75
2040.75,128.75
2041.0,128.75
2041.25,131.0
2041.5,131.0
2041.75,129.75
2042.0,129.75
2042.25,129.75
2042.5,129.75
2042.75,130.5
2043.0,129.25
2043.25,129.25
2043.5,131.0
2043.75,131.0
2044.0,129.75
2044.25,129.75
2044.5,126.5
2044.75,126.5
2045.0,128.75
2045.25,128.75
2045.5,128.75
2045.75,128.75
2046.0,130.5
2046.25,129.25
2046.5,129.25
2046.75,132.25
2047.0,132.25
2047.25,131.0
2047.5,131.0
2047.75,129.25
2048.0,129.25
2048.25,129.75
2048.5,129.75
2048.75,129.25
2049.0,129.25
2049.25,129.25
2049.5,129.75
2049.75,129.75
2050.0,128.25
2050.25,128.25
2050.5,127.75
2050.75,127.75
2051.0,129.75
2051.25,129.75
2051.5,129.25
2051.75,129.25
2052.0,128.25
2052.25,128.25
2052.5,127.0
2052.75,127.75
2053.0,127.75
2053.25,129.25
2053.5,129.25
2053.75,130.5
2054.0,130.5
2054.25,128.75
2054.5,128.75
2054.75,128.75
2055.0,128.75
2055.25,127.75
2055.5,127.75
2055.75,127.0
2056.0,128.75
2056.25,128.75
2056.5,127.0
2056.75,127.0
2057.0,127.0
2057.25,127.0
2057.5,126.0
2057.75,126.0
2058.0,126.5
2058.25,126.5
2058.5,126.5
2058.75,126.5
2059.0,126.0
2059.25,126.0
2059.5,126.5
2059.75,126.5
2060.0,125.0
2060.25,125.0
2060.5,126.5
2060.75,125.5
2061.0,125.5
2061.25,125.0
2061.5,125.0
2061.75,125.0
2062.0,125.0
2062.25,126.0
2062.5,126.0
2062.75,125.5
2063.0,125.5
2063.25,125.5
2063.5,125.5
2063.75,124.0
2064.0,124.0
2064.25,125.0
2064.5,125.0
2064.75,123.5
2065.0,123.5
2065.25,126.0
2065.5,126.0
2065.75,125.5
2066.0,125.5
2066.25,126.0
2066.5,126.5
2066.75,126.5
2067.0,127.0
2067.25,127.0
2067.5,127.75
2067.75,127.75
2068.0,129.25
2068.25,129.25
2068.5,128.75
2068.75,128.75
2069.0,128.75
2069.25,128.75
2069.5,127.75
2069.75,127.75
2070.0,131.0
2070.25,132.25
2070.5,132.25
2070.75,132.75
2071.0,132.75
2071.25,133.25
2071.5,133.25
2071.75,132.75
2072.0,132.75
2072.25,132.25
2072.5,132.75
2072.75,132.75
2073.0,129.75
2073.25,129.75
2073.5,128.75
2073.75,128.75
2074.0,128.75
2074.25,128.75
2074.5,130.5
2074.75,130.5
2075.0,131.5
2075.25,131.0
2075.5,131.0
2075.75,130.5
2076.0,130.5
2076.25,129.25
2076.5,129.25
2076.75,129.25
2077.0,129.25
2077.25,126.0
2077.5,126.0
2077.75,125.0
2078.0,125.0
2078.25,123.5
2078.5,123.5
2078.75,121.0
2079.0,121.0
2079.25,117.25
2079.5,117.25
2079.75,113.75
2080.0,113.75
2080.25,113.75
2080.5,113.75
2080.75,110.75
2081.0,110.75
2081.25,110.0
2081.5,110.0
2081.75,110.0
2082.0,107.25
2082.25,107.25
2082.5,105.25
2082.75,105.25
2083.0,103.0
2083.25,103.0
2083.5,103.0
2083.75,100.25
2084.0,100.25
2084.25,98.0
2084.5,98.0
2084.75,98.25
2085.0,98.25
2085.25,98.25
2085.5,97.0
2085.75,97.0
2086.0,95.5
2086.25,95.5
2086.5,95.5
2086.75,92.5
2087.0,92.5
2087.25,92.5
2087.5,92.0
2087.75,92.0
2088.0,91.25
2088.25,91.25
2088.5,91.25
2088.75,90.25
2089.0,90.25
2089.25,90.25
2089.5,90.0
2089.75,90.0
2090.0,91.0
2090.25,91.0
2090.5,91.0
2090.75,91.25
2091.0,91.25
2091.25,91.25
2091.5,91.5
2091.75,91.5
2092.0,91.75
2092.25,91.75
2092.5,91.75
2092.75,93.0
2093.0,93.0
2093.25,93.25
2093.5,93.25
2093.75,93.25
2094.0,93.25
2094.25,93.25
2094.5,95.0
2094.75,95.0
2095.0,95.0
2095.25,95.5
2095.5,95.5
2095.75,96.25
2096.0,96.25
2096.25,96.25
2096.5,97.0
2096.75,97.0
2097.0,97.75
2097.25,97.75
2097.5,97.75
2097.75,98.25
2098.0,98.25
2098.25,98.25
2098.5,98.25
2098.75,98.25
2099.0,98.75
2099.25,98.75
2099.5,97.75
2099.75,97.75
2100.0,97.75
2100.25,99.0
2100.5,99.0
2100.75,100.0
2101.0,100.0
2101.25,100.75
2101.5,100.75
2101.75,100.75
2102.0,101.25
2102.25,101.25
2102.5,105.0
2102.75,105.0
2103.0,105.75
2103.25,105.75
2103.5,108.0
2103.75,108.0
2104.0,108.0
2104.25,107.5
2104.5,107.5
2104.75,108.25
2105.0,108.25
2105.25,109.5
2105.5,109.5
2105.75,109.0
2106.0,109.0
2106.25,109.0
2106.5,107.25
2106.75,107.25
2107.0,110.25
2107.25,110.25
2107.5,110.75
2107.75,110.75
2108.0,110.25
2108.25,110.25
2108.5,112.0
2108.75,112.0
2109.0,112.0
2109.25,112.0
2109.5,114.0
2109.75,114.0
2110.0,114.0
2110.25,113.75
2110.5,113.75
2110.75,115.75
2111.0,115.75
2111.25,114.0
2111.5,114.0
2111.75,112.0
2112.0,112.0
2112.25,108.75
2112.5,108.75
2112.75,109.5
2113.0,109.5
2113.25,109.5
2113.5,107.5
2113.75,107.5
2114.0,107.5
2114.25,107.5
2114.5,107.5
2114.75,107.5
2115.0,108.75
2115.25,108.75
2115.5,109.5
2115.75,109.5
2116.0,109.5
2116.25,108.25
2116.5,108.25
2116.75,105.25
2117.0,105.25
2117.25,109.0
2117.5,109.0
2117.75,110.25
2118.0,110.25
2118.25,112.0
2118.5,112.0
2118.75,112.0
2119.0,111.5
2119.25,111.5
2119.5,112.0
2119.75,112.0
2120.0,111.0
2120.25,111.0
2120.5,113.75
2120.75,113.75
2121.0,111.0
2121.25,111.0
2121.5,113.25
2121.75,113.25
2122.0,112.0
2122.25,112.0
2122.5,112.0
2122.75,111.5
2123.0,111.5
2123.25,111.0
2123.5,111.0
2123.75,110.75
2124.0,110.75
2124.25,110.25
2124.5,110.25
2124.75,111.0
2125.0,111.0
2125.25,110.25
2125.5,110.25
2125.75,110.25
2126.0,110.25
2126.25,110.25
2126.5,110.75
2126.75,110.75
2127.0,112.75
2127.25,112.75
2127.5,111.5
2127.75,111.5
2128.0,113.75
2128.25,113.75
2128.5,112.75
2128.75,112.75
2129.0,111.0
2129.25,111.0
2129.5,111.0
2129.75,112.75
2130.0,112.75
2130.25,112.0
2130.5,112.0
2130.75,112.0
2131.0,112.0
2131.25,111.5
2131.5,111.5
2131.75,110.75
2132.0,110.75
2132.25,109.0
2132.5,109.0
2132.75,109.0
2133.0,108.75
2133.25,108.75
2133.5,110.0
2133.75,110.0
2134.0,109.0
2134.25,109.0
2134.5,109.0
2134.75,110.25
2135.0,112.0
2135.25,112.0
2135.5,110.0
2135.75,110.0
2136.0,110.0
2136.25,110.0
2136.5,110.0
2136.75,111.0
2137.0,111.0
2137.25,112.75
2137.5,112.75
2137.75,110.75
2138.0,110.75
2138.25,112.0
2138.5,112.0
2138.75,112.25
2139.0,112.25
2139.25,112.25
2139.5,112.25
2139.75,112.25
2140.0,113.75
2140.25,113.75
2140.5,114.0
2140.75,114.0
2141.0,111.0
2141.25,111.0
2141.5,113.25
2141.75,113.25
2142.0,115.75
2142.25,115.75
2142.5,114.0
2142.75,114.0
2143.0,112.75
2143.25,112.75
2143.5,111.5
2143.75,111.5
2144.0,111.5
2144.25,109.0
2144.5,109.0
2144.75,108.75
2145.0,108.75
2145.25,109.0
2145.5,109.0
2145.75,110.25
2146.0,110.25
2146.25,110.0
2146.5,110.0
2146.75,110.0
2147.0,111.5
2147.25,111.5
2147.5,111.0
2147.75,111.0
2148.0,110.25
2148.25,110.25
2148.5,111.5
2148.75,111.5
2149.0,112.25
2149.25,112.25
2149.5,112.0
2149.75,112.0
2150.0,112.0
2150.25,112.0
2150.5,112.0
2150.75,112.0
2151.0,112.0
2151.25,112.25
2151.5,112.25
2151.75,114.5
2152.0,114.5
2152.25,116.25
2152.5,116.25
2152.75,118.5
2153.0,118.5
2153.25,118.5
2153.5,118.5
2153.75,117.75
2154.0,117.75
2154.25,115.5
2154.5,115.5
2154.75,117.25
2155.0,117.25
2155.25,116.75
2155.5,116.75
2155.75,116.75
2156.0,116.75
2156.25,116.75
2156.5,116.75
2156.75,116.25
2157.0,116.25
2157.25,116.25
2157.5,116.25
2157.75,117.25
2158.0,117.25
2158.25,117.25
2158.5,118.5
2158.75,118.5
2159.0,117.75
2159.25,117.75
2159.5,118.5
2159.75,118.5
2160.0,116.75
2160.25,116.75
2160.5,118.0
2160.75,118.0
2161.0,117.25
2161.25,117.25
2161.5,115.75
2161.75,115.75
2162.0,115.75
2162.25,115.75
2162.5,117.75
2162.75,117.75
2163.0,117.75
2163.25,117.75
2163.5,117.75
2163.75,117.75
2164.0,118.0
2164.25,118.0
2164.5,118.5
2164.75,118.5
2165.0,117.75
2165.25,117.75
2165.5,120.5
2165.75,120.5
2166.0,121.5
2166.25,121.5
2166.5,122.0
2166.75,122.0
2167.0,121.0
2167.25,121.0
2167.5,119.5
2167.75,119.5
2168.0,117.25
2168.25,117.25
2168.5,116.25
2168.75,116.25
2169.0,115.0
2169.25,115.0
2169.5,114.5
2169.75,114.5
2170.0,115.75
2170.25,115.75
2170.5,116.25
2170.75,116.25
2171.0,118.0
2171.25,118.0
2171.5,118.0
2171.75,118.0
2172.0,119.5
2172.25,119.5
2172.5,119.5
2172.75,118.0
2173.0,118.0
2173.25,118.5
2173.5,118.5
2173.75,118.0
2174.0,118.0
2174.25,117.75
2174.5,117.75
2174.75,119.0
2175.0,119.0
2175.25,120.0
2175.5,120.0
2175.75,120.0
2176.0,120.0
2176.25,118.5
2176.5,118.5
2176.75,118.0
2177.0,118.0
2177.25,118.5
2177.5,118.5
2177.75,122.0
2178.0,122.0
2178.25,121.0
2178.5,121.0
2178.75,119.5
2179.0,119.5
2179.25,117.75
2179.5,117.75
2179.75,118.0
2180.0,118.0
2180.25,117.75
2180.5,117.75
2180.75,118.5
2181.0,118.5
2181.25,119.5
2181.5,119.5
2181.75,121.5
2182.0,121.5
2182.25,124.0
2182.5,124.0
2182.75,122.5
2183.0,122.5
2183.25,121.0
2183.5,121.0
2183.75,121.0
2184.0,121.0
2184.25,121.5
2184.5,121.5
2184.75,121.5
2185.0,121.5
2185.25,121.0
2185.5,121.0
2185.75,120.0
2186.0,120.0
2186.25,120.0
2186.5,120.0
2186.75,119.5
2187.0,119.5
2187.25,120.0
2187.5,120.0
2187.75,121.0
2188.0,121.0
2188.25,120.5
2188.5,120.5
2188.75,121.0
2189.0,121.0
2189.25,121.0
2189.5,121.0
2189.75,121.0
2190.0,121.0
2190.25,120.0
2190.5,120.0
2190.75,120.0
2191.0,120.0
2191.25,120.5
2191.5,120.5
2191.75,121.0
2192.0,121.0
2192.25,120.5
2192.5,122.5
2192.75,122.5
2193.0,124.0
2193.25,124.0
2193.5,125.5
2193.75,125.5
2194.0,128.75
2194.25,128.75
2194.5,128.25
2194.75,128.25
2195.0,131.5
2195.25,131.5
2195.5,131.5
2195.75,131.5
2196.0,132.75
2196.25,133.25
2196.5,133.25
2196.75,133.25
2197.0,133.25
2197.25,133.25
2197.5,133.25
2197.75,135.25
2198.0,132.75
2198.25,132.75
2198.5,130.5
2198.75,130.5
2199.0,128.25
2199.25,128.25
2199.5,126.0
2199.75,126.0
2200.0,124.0
2200.25,124.0
2200.5,124.0
2200.75,124.0
2201.0,122.0
2201.25,122.0
2201.5,121.5
2201.75,121.5
2202.0,123.0
2202.25,123.0
2202.5,120.0
2202.75,120.0
2203.0,120.0
2203.25,120.0
2203.5,119.5
2203.75,119.5
2204.0,119.0
2204.25,119.0
2204.5,119.0
2204.75,119.0
2205.0,120.0
2205.25,120.0
2205.5,121.0
2205.75,121.0
2206.0,121.0
2206.25,121.0
2206.5,122.5
2206.75,122.5
2207.0,122.5
2207.25,122.5
2207.5,123.5
2207.75,123.5
2208.0,123.0
2208.25,123.0
2208.5,123.0
2208.75,121.5
2209.0,122.0
2209.25,122.0
2209.5,120.5
2209.75,120.5
2210.0,120.5
2210.25,120.5
2210.5,121.0
2210.75,121.0
2211.0,121.5
2211.25,121.5
2211.5,121.5
2211.75,121.5
2212.0,121.0
2212.25,121.0
2212.5,122.0
2212.75,123.0
2213.0,123.0
2213.25,122.0
2213.5,122.0
2213.75,123.0
2214.0,123.0
2214.25,123.5
2214.5,123.5
2214.75,123.5
2215.0,123.5
2215.25,123.0
2215.5,123.0
2215.75,122.5
2216.0,122.5
2216.25,120.0
2216.5,120.0
2216.75,120.5
2217.0,120.5
2217.25,123.0
2217.5,123.0
2217.75,123.5
2218.0,123.5
2218.25,124.0
2218.5,124.0
2218.75,123.5
2219.0,123.5
2219.25,123.0
2219.5,123.0
2219.75,124.5
2220.0,124.5
2220.25,125.0
2220.5,125.0
2220.75,126.5
2221.0,126.5
2221.25,127.75
2221.5,128.25
2221.75,128.25
2222.0,125.5
2222.25,125.5
2222.5,125.5
2222.75,125.5
2223.0,124.5
2223.25,124.5
2223.5,125.0
2223.75,125.0
2224.0,123.5
2224.25,123.5
2224.5,124.0
2224.75,124.0
2225.0,124.0
2225.25,124.0
2225.5,125.0
2225.75,125.0
2226.0,127.75
2226.25,127.75
2226.5,128.75
2226.75,128.75
2227.0,128.75
2227.25,128.75
2227.5,128.75
2227.75,127.75
2228.0,127.75
2228.25,127.0
2228.5,127.0
2228.75,125.5
2229.0,125.5
2229.25,125.5
2229.5,125.5
2229.75,125.0
2230.0,125.0
2230.25,124.5
2230.5,124.5
2230.75,126.0
2231.0,126.0
2231.25,126.0
2231.5,128.25
2231.75,128.25
2232.0,127.75
2232.25,127.75
2232.5,129.75
2232.75,129.75
2233.0,126.5
2233.25,126.5
2233.5,128.25
2233.75,128.25
2234.0,127.75
2234.25,127.75
2234.5,127.75
2234.75,127.0
2235.0,128.25
2235.25,127.0
2235.5,127.0
2235.75,126.0
2236.0,126.0
2236.25,126.0
2236.5,126.0
2236.75,124.0
2237.0,124.0
2237.25,123.0
2237.5,123.0
2237.75,124.0
2238.0,124.0
2238.25,123.5
2238.5,123.5
2238.75,124.5
2239.0,124.5
2239.25,125.0
2239.5,125.0
2239.75,126.5
2240.0,126.5
2240.25,127.0
2240.5,127.0
2240.75,126.0
2241.0,127.75
2241.25,127.75
2241.5,126.5
2241.75,126.5
2242.0,125.5
2242.25,125.5
2242.5,126.0
2242.75,126.0
2243.0,126.0
2243.25,126.0
2243.5,127.75
2243.75,127.75
2244.0,128.25
2244.25,128.25
2244.5,128.25
2244.75,128.75
2245.0,128.25
2245.25,131.5
2245.5,131.5
2245.75,129.75
2246.0,129.75
2246.25,131.0
2246.5,131.0
2246.75,131.0
2247.0,131.0
2247.25,127.0
2247.5,127.0
2247.75,129.75
2248.0,132.75
2248.25,132.75
2248.5,133.25
2248.75,133.25
2249.0,132.75
2249.25,132.75
2249.5,132.25
2249.75,132.25
2250.0,129.25
2250.25,129.25
2250.5,127.75
2250.75,126.0
2251.0,126.0
2251.25,126.0
2251.5,126.0
2251.75,124.0
2252.0,124.0
2252.25,124.0
2252.5,124.0
2252.75,124.5
2253.0,124.5
2253.25,125.0
2253.5,125.0
2253.75,124.5
2254.0,124.5
2254.25,124.5
2254.5,124.5
2254.75,126.5
2255.0,126.5
2255.25,126.5
2255.5,126.5
2255.75,124.5
2256.0,124.5
2256.25,125.5
2256.5,125.0
2256.75,125.0
2257.0,124.0
2257.25,124.0
2257.5,124.0
2257.75,124.0
2258.0,122.0
2258.25,122.0
2258.5,122.5
2258.75,122.5
2259.0,122.0
2259.25,122.0
2259.5,123.5
2259.75,123.5
2260.0,121.5
2260.25,121.5
2260.5,122.0
2260.75,122.0
2261.0,122.0
2261.25,122.0
2261.5,124.0
2261.75,124.0
2262.0,123.5
2262.25,123.5
2262.5,122.5
2262.75,122.5
2263.0,123.5
2263.25,123.5
2263.5,122.5
2263.75,122.5
2264.0,122.5
2264.25,122.5
2264.5,121.0
2264.75,121.0
2265.0,121.5
2265.25,121.5
2265.5,122.5
2265.75,122.5
2266.0,121.0
2266.25,121.0
2266.5,120.5
2266.75,120.5
2267.0,122.0
2267.25,122.0
2267.5,121.0
2267.75,121.0
2268.0,120.5
2268.25,120.5
2268.5,123.5
2268.75,123.5
2269.0,122.0
2269.25,122.0
2269.5,121.5
2269.75,121.5
2270.0,119.5
2270.25,119.5
2270.5,119.0
2270.75,119.0
2271.0,116.75
2271.25,116.75
2271.5,118.0
2271.75,118.0
2272.0,119.5
2272.25,119.5
2272.5,118.0
2272.75,118.0
2273.0,118.0
2273.25,118.0
2273.5,116.25
2273.75,116.25
2274.0,117.75
2274.25,117.75
2274.5,117.75
2274.75,119.5
2275.0,117.25
2275.25,117.25
2275.5,117.25
2275.75,116.25
2276.0,116.25
2276.25,116.25
2276.5,116.25
2276.75,116.25
2277.0,116.25
2277.25,116.25
2277.5,119.0
2277.75,119.0
2278.0,118.0
2278.25,118.0
2278.5,119.0
2278.75,119.0
2279.0,117.25
2279.25,117.25
2279.5,116.25
2279.75,116.25
2280.0,115.5
2280.25,115.5
2280.5,119.0
2280.75,119.0
2281.0,120.0
2281.25,120.0
2281.5,120.5
2281.75,120.5
2282.0,121.0
2282.25,121.0
2282.5,120.5
2282.75,120.5
2283.0,120.5
2283.25,120.5
2283.5,120.5
2283.75,121.0
2284.0,120.5
2284.25,120.5
2284.5,120.5
2284.75,120.0
2285.0,117.75
2285.25,117.75
2285.5,117.25
2285.75,117.25
2286.0,117.25
2286.25,117.25
2286.5,117.25
2286.75,118.5
2287.0,118.5
2287.25,120.5
2287.5,123.0
2287.75,123.0
2288.0,124.0
2288.25,124.0
2288.5,124.0
2288.75,124.5
2289.0,123.0
2289.25,123.0
2289.5,123.0
2289.75,122.0
2290.0,121.5
2290.25,121.5
2290.5,121.5
2290.75,123.0
2291.0,123.5
2291.25,123.5
2291.5,125.0
2291.75,125.0
2292.0,124.0
2292.25,124.0
2292.5,124.5
2292.75,124.5
2293.0,124.5
2293.25,124.5
2293.5,124.5
2293.75,124.5
2294.0,124.0
2294.25,124.0
2294.5,124.0
2294.75,124.0
2295.0,123.5
2295.25,123.5
2295.5,122.5
2295.75,122.5
2296.0,122.0
2296.25,123.5
2296.5,123.5
2296.75,124.0
2297.0,124.0
2297.25,123.0
2297.5,123.0
2297.75,122.5
2298.0,122.5
2298.25,124.5
2298.5,124.5
2298.75,124.0
2299.0,124.0
2299.25,125.0
2299.5,125.0
2299.75,124.0
2300.0,124.0
2300.25,124.0
2300.5,124.0
2300.75,125.0
2301.0,125.0
2301.25,126.0
2301.5,126.0
2301.75,125.5
2302.0,125.5
2302.25,126.0
2302.5,126.0
2302.75,125.0
2303.0,125.0
2303.25,125.0
2303.5,123.0
2303.75,123.0
2304.0,123.5
2304.25,123.5
2304.5,124.0
2304.75,124.0
2305.0,124.5
2305.25,124.5
2305.5,124.5
2305.75,124.5
2306.0,125.0
2306.25,125.0
2306.5,124.0
2306.75,124.0
2307.0,124.5
2307.25,124.5
2307.5,124.5
2307.75,124.5
2308.0,126.0
2308.25,126.0
2308.5,126.5
2308.75,126.5
2309.0,124.5
2309.25,125.0
2309.5,125.0
2309.75,124.5
2310.0,124.5
2310.25,124.0
2310.5,124.0
2310.75,122.5
2311.0,122.5
2311.25,121.5
2311.5,121.5
2311.75,125.0
2312.0,125.0
2312.25,127.0
2312.5,127.0
2312.75,128.25
2313.0,128.25
2313.25,126.5
2313.5,126.5
2313.75,128.25
2314.0,128.25
2314.25,127.75
2314.5,127.75
2314.75,128.75
2315.0,126.5
2315.25,126.5
2315.5,125.0
2315.75,125.0
2316.0,125.0
2316.25,125.0
2316.5,126.5
2316.75,126.5
2317.0,126.0
2317.25,126.0
2317.5,127.0
2317.75,127.0
2318.0,126.0
2318.25,126.0
2318.5,126.0
2318.75,126.0
2319.0,126.5
2319.25,126.5
2319.5,126.0
2319.75,126.0
2320.0,126.5
2320.25,127.75
2320.5,127.75
2320.75,127.75
2321.0,127.75
2321.25,128.75
2321.5,128.75
2321.75,128.25
2322.0,128.25
2322.25,127.0
2322.5,127.0
2322.75,127.75
2323.0,127.75
2323.25,127.75
2323.5,125.5
2323.75,125.5
2324.0,125.0
2324.25,125.0
2324.5,125.0
2324.75,125.5
2325.0,125.5
2325.25,125.5
2325.5,127.0
2325.75,127.0
2326.0,128.25
2326.25,128.25
2326.5,127.75
2326.75,127.75
2327.0,128.75
2327.25,128.75
2327.5,127.75
2327.75,128.25
2328.0,128.25
2328.25,126.5
2328.5,126.5
2328.75,127.0
2329.0,127.0
2329.25,128.25
2329.5,128.25
2329.75,130.5
2330.0,130.5
2330.25,130.5
2330.5,130.5
2330.75,129.75
2331.0,131.0
2331.25,131.0
2331.5,129.25
2331.75,129.25
2332.0,129.75
2332.25,129.75
2332.5,128.75
2332.75,128.75
2333.0,129.25
2333.25,129.25
2333.5,127.0
2333.75,127.0
2334.0,128.25
2334.25,128.25
2334.5,128.25
2334.75,129.25
2335.0,129.25
2335.25,128.25
2335.5,128.25
2335.75,128.75
2336.0,128.75
2336.25,128.75
2336.5,128.75
2336.75,127.0
2337.0,127.0
2337.25,126.5
2337.5,126.5
2337.75,128.75
2338.0,129.75
2338.25,129.75
2338.5,129.75
2338.75,129.75
2339.0,129.75
2339.25,129.75
2339.5,128.25
2339.75,128.25
2340.0,127.75
2340.25,127.75
2340.5,127.0
2340.75,127.0
2341.0,126.5
2341.25,126.5
2341.5,126.0
2341.75,126.0
2342.0,126.5
2342.25,126.5
2342.5,126.5
2342.75,125.5
2343.0,125.5
2343.25,128.75
2343.5,128.75
2343.75,129.75
2344.0,129.75
2344.25,130.5
2344.5,130.5
2344.75,128.75
2345.0,128.75
2345.25,131.0
2345.5,129.75
2345.75,129.75
2346.0,129.75
2346.25,129.75
2346.5,129.75
2346.75,128.75
2347.0,127.75
2347.25,127.75
2347.5,127.75
2347.75,127.75
2348.0,126.5
2348.25,126.5
2348.5,127.75
2348.75,127.75
2349.0,126.5
2349.25,126.5
2349.5,126.5
2349.75,126.5
2350.0,126.5
2350.25,127.0
2350.5,127.0
2350.75,127.0
2351.0,127.0
2351.25,129.75
2351.5,129.75
2351.75,131.0
2352.0,131.0
2352.25,129.75
2352.5,129.75
2352.75,128.75
2353.0,127.75
2353.25,127.75
2353.5,127.0
2353.75,127.0
2354.0,127.75
2354.25,127.75
2354.5,127.0
2354.75,127.0
2355.0,127.0
2355.25,127.0
2355.5,127.75
2355.75,127.75
2356.0,128.25
2356.25,128.25
2356.5,128.25
2356.75,130.5
2357.0,129.75
2357.25,130.5
2357.5,130.5
2357.75,129.25
2358.0,129.25
2358.25,128.75
2358.5,128.75
2358.75,127.0
2359.0,127.0
2359.25,127.75
2359.5,127.75
2359.75,129.25
2360.0,127.75
2360.25,127.75
2360.5,127.75
2360.75,127.75
2361.0,127.75
2361.25,127.75
2361.5,128.25
2361.75,128.25
2362.0,128.75
2362.25,128.75
2362.5,130.5
2362.75,130.5
2363.0,129.25
2363.25,130.5
2363.5,130.5
2363.75,128.75
2364.0,128.75
2364.25,129.75
2364.5,129.75
2364.75,128.25
2365.0,128.25
2365.25,127.0
2365.5,127.0
2365.75,127.75
2366.0,127.75
2366.25,128.75
2366.5,128.75
2366.75,128.75
2367.0,127.75
2367.25,127.75
2367.5,127.75
2367.75,127.75
2368.0,127.0
2368.25,127.0
2368.5,128.25
2368.75,128.25
2369.0,128.75
2369.25,128.75
2369.5,129.25
2369.75,129.25
2370.0,128.75
2370.25,128.75
2370.5,128.75
2370.75,128.25
2371.0,128.25
2371.25,128.75
2371.5,128.75
2371.75,128.25
2372.0,128.25
2372.25,127.75
2372.5,127.75
2372.75,127.0
2373.0,127.0
2373.25,128.25
2373.5,128.25
2373.75,128.75
2374.0,128.75
2374.25,128.75
2374.5,127.75
2374.75,127.75
2375.0,128.25
2375.25,128.25
2375.5,129.25
2375.75,129.25
2376.0,128.25
2376.25,128.25
2376.5,127.0
2376.75,127.0
2377.0,127.0
2377.25,127.0
2377.5,127.75
2377.75,127.75
2378.0,126.5
2378.25,127.0
2378.5,127.0
2378.75,126.5
2379.0,126.5
2379.25,126.5
2379.5,126.5
2379.75,127.0
2380.0,127.0
2380.25,127.75
2380.5,127.75
2380.75,127.0
2381.0,127.0
2381.25,126.5
2381.5,126.5
2381.75,126.5
2382.0,126.5
2382.25,126.0
2382.5,125.0
2382.75,125.0
2383.0,128.25
2383.25,128.25
2383.5,129.25
2383.75,129.25
2384.0,129.25
2384.25,129.25
2384.5,129.25
2384.75,129.25
2385.0,128.75
2385.25,128.75
2385.5,129.25
2385.75,129.25
2386.0,127.75
2386.25,127.0
2386.5,127.0
2386.75,127.75
2387.0,127.75
2387.25,126.0
2387.5,126.0
2387.75,127.75
2388.0,127.75
2388.25,125.0
2388.5,125.0
2388.75,125.5
2389.0,125.5
2389.25,126.0
2389.5,126.0
2389.75,127.75
2390.0,127.75
2390.25,126.0
2390.5,126.0
2390.75,125.5
2391.0,126.0
2391.25,126.0
2391.5,124.5
2391.75,124.5
2392.0,124.5
2392.25,124.5
2392.5,124.0
2392.75,124.0
2393.0,123.5
2393.25,123.5
2393.5,126.0
2393.75,126.0
2394.0,127.0
2394.25,127.0
2394.5,125.0
2394.75,125.0
2395.0,125.5
2395.25,125.5
2395.5,124.5
2395.75,124.5
2396.0,123.5
2396.25,123.5
2396.5,122.5
2396.75,122.5
2397.0,121.5
2397.25,121.5
2397.5,122.0
2397.75,122.0
2398.0,120.5
2398.25,123.5
2398.5,123.5
2398.75,123.5
2399.0,123.5
2399.25,122.5
2399.5,122.5
2399.75,121.5
2400.0,121.5
2400.25,122.5
2400.5,122.5
2400.75,121.0
2401.0,121.0
2401.25,119.0
2401.5,119.0
2401.75,117.25
2402.0,117.25
2402.25,116.75
2402.5,116.75
2402.75,116.25
2403.0,116.25
2403.25,116.25
2403.5,116.25
2403.75,116.75
2404.0,119.0
2404.25,119.0
2404.5,117.75
2404.75,117.75
2405.0,119.5
2405.25,119.5
2405.5,122.0
2405.75,122.0
2406.0,121.0
2406.25,121.0
2406.5,121.5
2406.75,121.5
2407.0,120.5
2407.25,120.5
2407.5,120.0
2407.75,120.0
2408.0,119.5
2408.25,119.5
2408.5,119.0
2408.75,119.0
2409.0,120.5
2409.25,120.5
2409.5,120.5
2409.75,120.5
2410.0,120.5
2410.25,120.5
2410.5,121.5
2410.75,121.5
2411.0,120.5
2411.25,120.5
2411.5,120.5
2411.75,122.0
2412.0,122.0
2412.25,121.5
2412.5,121.5
2412.75,123.5
2413.0,123.5
2413.25,123.5
2413.5,123.5
2413.75,124.5
2414.0,124.5
2414.25,124.0
2414.5,124.0
2414.75,125.0
2415.0,125.0
2415.25,124.5
2415.5,124.5
2415.75,123.0
2416.0,123.0
2416.25,121.5
2416.5,121.5
2416.75,122.0
2417.0,122.0
2417.25,120.5
2417.5,120.5
2417.75,121.5
2418.0,121.5
2418.25,122.0
2418.5,122.0
2418.75,122.5
2419.0,122.5
2419.25,123.5
2419.5,123.5
2419.75,124.5
2420.0,124.5
2420.25,124.5
2420.5,124.5
2420.75,123.5
2421.0,125.5
2421.25,125.5
2421.5,125.0
2421.75,125.0
2422.0,126.0
2422.25,126.0
2422.5,125.5
2422.75,125.5
2423.0,124.5
2423.25,124.5
2423.5,125.0
2423.75,125.0
2424.0,126.5
2424.25,126.5
2424.5,128.75
2424.75,128.75
2425.0,129.75
2425.25,129.75
2425.5,128.75
2425.75,128.75
2426.0,128.75
2426.25,128.25
2426.5,128.25
2426.75,127.0
2427.0,127.0
2427.25,127.75
2427.5,127.75
2427.75,127.0
2428.0,127.0
2428.25,126.0
2428.5,126.0
2428.75,127.0
2429.0,127.0
2429.25,127.0
2429.5,131.5
2429.75,131.5
2430.0,132.75
2430.25,132.75
2430.5,133.25
2430.75,133.25
2431.0,133.25
2431.25,133.25
2431.5,131.0
2431.75,131.0
2432.0,131.5
2432.25,129.75
2432.5,129.75
2432.75,129.75
2433.0,129.75
2433.25,128.75
2433.5,128.75
2433.75,127.75
2434.0,127.75
2434.25,126.0
2434.5,126.0
2434.75,125.0
2435.0,125.0
2435.25,125.0
2435.5,125.0
2435.75,124.5
2436.0,124.5
2436.25,124.0
2436.5,124.0
2436.75,124.0
2437.0,124.5
2437.25,124.5
2437.5,126.0
2437.75,126.0
2438.0,127.75
2438.25,127.75
2438.5,127.0
2438.75,127.0
2439.0,127.75
2439.25,127.75
2439.5,127.0
2439.75,127.0
2440.0,126.5
2440.25,126.5
2440.5,127.0
2440.75,127.0
2441.0,125.5
2441.25,125.0
2441.5,125.0
2441.75,125.0
2442.0,125.0
2442.25,125.0
2442.5,125.0
2442.75,125.5
2443.0,125.5
2443.25,127.75
2443.5,127.75
2443.75,129.75
2444.0,129.75
2444.25,131.5
2444.5,131.5
2444.75,131.5
2445.0,131.5
2445.25,131.5
2445.5,131.0
2445.75,131.0
2446.0,132.25
2446.25,132.25
2446.5,130.5
2446.75,130.5
2447.0,128.75
2447.25,128.75
2447.5,129.25
2447.75,129.25
2448.0,126.5
2448.25,127.75
2448.5,127.75
2448.75,128.25
2449.0,128.25
2449.25,129.25
2449.5,129.25
2449.75,128.75
2450.0,128.75
2450.25,129.25
2450.5,129.25
2450.75,128.25
2451.0,128.25
2451.25,128.75
2451.5,129.75
2451.75,129.75
2452.0,132.25
2452.25,132.25
2452.5,135.75
2452.75,135.75
2453.0,135.75
2453.25,135.75
2453.5,137.5
2453.75,137.5
2454.0,137.5
2454.25,137.0
2454.5,137.0
2454.75,135.75
2455.0,135.75
2455.25,132.75
2455.5,129.75
2455.75,129.75
2456.0,128.25
2456.25,128.25
2456.5,125.5
2456.75,125.5
2457.0,123.0
2457.25,123.0
2457.5,123.0
2457.75,123.0
2458.0,123.0
2458.25,123.0
2458.5,124.5
2458.75,124.5
2459.0,125.5
2459.25,125.5
2459.5,125.0
2459.75,125.0
2460.0,126.0
2460.25,126.0
2460.5,126.5
2460.75,126.5
2461.0,125.0
2461.25,127.75
2461.5,127.75
2461.75,127.0
2462.0,127.0
2462.25,126.5
2462.5,126.5
2462.75,127.0
2463.0,127.0
2463.25,127.0
2463.5,127.0
2463.75,127.0
2464.0,127.0
2464.25,128.75
2464.5,128.75
2464.75,129.75
2465.0,129.75
2465.25,129.75
2465.5,128.75
2465.75,128.75
2466.0,128.75
2466.25,128.75
2466.5,131.5
2466.75,131.5
2467.0,131.5
2467.25,131.5
2467.5,131.5
2467.75,134.0
2468.0,132.25
2468.25,131.0
2468.5,131.0
2468.75,130.5
2469.0,130.5
2469.25,131.0
2469.5,131.0
2469.75,131.0
2470.0,131.0
2470.25,131.5
2470.5,130.5
2470.75,130.5
2471.0,129.75
2471.25,129.75
2471.5,129.75
2471.75,129.75
2472.0,129.25
2472.25,129.25
2472.5,129.75
2472.75,129.75
2473.0,129.75
2473.25,129.75
2473.5,130.5
2473.75,131.5
2474.0,131.5
2474.25,131.5
2474.5,131.5
2474.75,133.25
2475.0,133.25
2475.25,134.0
2475.5,134.0
2475.75,133.25
2476.0,132.25
2476.25,132.25
2476.5,131.0
2476.75,131.0
2477.0,131.5
2477.25,131.5
2477.5,131.5
2477.75,131.5
2478.0,132.25
2478.25,132.75
2478.5,132.75
2478.75,134.0
2479.0,134.0
2479.25,132.75
2479.5,132.75
2479.75,133.25
2480.0,133.25
2480.25,131.5
2480.5,131.5
2480.75,130.5
2481.0,130.5
2481.25,130.5
2481.5,130.5
2481.75,130.5
2482.0,129.25
2482.25,129.25
2482.5,129.25
2482.75,129.25
2483.0,130.5
2483.25,130.5
2483.5,130.5
2483.75,131.5
2484.0,131.5
2484.25,131.5
2484.5,131.5
2484.75,131.0
2485.0,131.0
2485.25,130.5
2485.5,130.5
2485.75,131.0
2486.0,131.0
2486.25,132.75
2486.5,132.25
2486.75,132.25
2487.0,132.25
2487.25,132.25
2487.5,131.5
2487.75,131.5
2488.0,130.5
2488.25,130.5
2488.5,131.5
2488.75,131.5
2489.0,130.5
2489.25,131.0
2489.5,131.0
2489.75,130.5
2490.0,130.5
2490.25,130.5
2490.5,130.5
2490.75,132.25
2491.0,132.25
2491.25,132.75
2491.5,132.75
2491.75,132.25
2492.0,130.5
2492.25,130.5
2492.5,132.25
2492.75,132.25
2493.0,132.75
2493.25,132.75
2493.5,133.25
2493.75,133.25
2494.0,131.5
2494.25,131.5
2494.5,131.5
2494.75,132.25
2495.0,132.25
2495.25,131.0
2495.5,131.0
2495.75,130.5
2496.0,130.5
2496.25,129.75
2496.5,129.75
2496.75,129.75
2497.0,128.75
2497.25,128.75
2497.5,128.75
2497.75,131.5
2498.0,131.0
2498.25,131.0
2498.5,132.25
2498.75,132.25
2499.0,130.5
2499.25,130.5
2499.5,130.5
2499.75,131.0
2500.0,129.75
2500.25,129.75
2500.5,129.75
2500.75,130.5
2501.0,130.5
2501.25,130.5
2501.5,130.5
2501.75,130.5
2502.0,130.5
2502.25,129.25
2502.5,129.25
2502.75,129.75
2503.0,131.5
2503.25,131.5
2503.5,131.0
2503.75,131.0
2504.0,131.5
2504.25,131.5
2504.5,129.75
2504.75,129.75
2505.0,127.0
2505.25,127.0
2505.5,132.75
2505.75,134.5
2506.0,134.5
2506.25,135.25
2506.5,135.25
2506.75,136.25
2507.0,136.25
2507.25,135.75
2507.5,136.25
2507.75,136.25
2508.0,135.25
2508.25,135.25
2508.5,133.25
2508.75,133.25
2509.0,132.25
2509.25,132.25
2509.5,130.5
2509.75,129.75
2510.0,129.75
2510.25,130.5
2510.5,130.5
2510.75,129.25
2511.0,129.25
2511.25,127.75
2511.5,127.75
2511.75,127.75
2512.0,127.75
2512.25,127.0
2512.5,127.0
2512.75,128.25
2513.0,128.25
2513.25,130.5
2513.5,130.5
2513.75,130.5
2514.0,131.0
2514.25,131.0
2514.5,131.0
2514.75,131.0
2515.0,130.5
2515.25,130.5
2515.5,129.75
2515.75,129.75
2516.0,128.75
2516.25,129.25
2516.5,129.25
2516.75,129.75
2517.0,129.75
2517.25,129.25
2517.5,129.25
2517.75,128.75
2518.0,128.75
2518.25,128.75
2518.5,128.75
2518.75,128.25
2519.0,128.25
2519.25,127.75
2519.5,127.75
2519.75,127.75
2520.0,127.75
2520.25,127.75
2520.5,127.75
2520.75,126.5
2521.0,126.5
2521.25,126.5
2521.5,125.0
2521.75,125.0
2522.0,123.5
2522.25,123.5
2522.5,124.0
2522.75,124.0
2523.0,123.0
2523.25,123.0
2523.5,125.0
2523.75,125.0
2524.0,126.0
2524.25,126.0
2524.5,127.75
2524.75,127.75
2525.0,127.75
2525.25,126.5
2525.5,126.5
2525.75,126.0
2526.0,126.0
2526.25,124.0
2526.5,124.0
2526.75,122.0
2527.0,122.0
2527.25,121.5
2527.5,121.5
2527.75,120.5
2528.0,120.5
2528.25,120.5
2528.5,120.5
2528.75,118.5
2529.0,118.5
2529.25,116.75
2529.5,116.75
2529.75,117.25
2530.0,117.25
2530.25,116.75
2530.5,116.75
2530.75,116.75
2531.0,116.75
2531.25,117.75
2531.5,117.75
2531.75,117.75
2532.0,116.25
2532.25,116.25
2532.5,114.0
2532.75,114.0
2533.0,114.5
2533.25,114.5
2533.5,112.0
2533.75,112.0
2534.0,112.0
2534.25,112.0
2534.5,109.0
2534.75,109.0
2535.0,107.5
2535.25,107.5
2535.5,107.5
2535.75,107.5
2536.0,107.5
2536.25,107.5
2536.5,107.5
2536.75,105.75
2537.0,105.75
2537.25,106.5
2537.5,106.5
2537.75,106.5
2538.0,105.25
2538.25,105.25
2538.5,105.75
2538.75,105.75
2539.0,105.25
2539.25,105.25
2539.5,105.25
2539.75,103.5
2540.0,103.5
2540.25,101.75
2540.5,101.75
2540.75,98.0
2541.0,98.0
2541.25,98.0
2541.5,98.25
2541.75,98.25
2542.0,98.25
2542.25,98.25
2542.5,98.25
2542.75,97.0
2543.0,97.0
2543.25,97.0
2543.5,97.0
2543.75,97.0
2544.0,97.0
2544.25,97.0
2544.5,98.25
2544.75,98.25
2545.0,98.25
2545.25,97.5
2545.5,97.5
2545.75,98.25
2546.0,98.25
2546.25,99.25
2546.5,99.25
2546.75,99.25
2547.0,98.0
2547.25,98.0
2547.5,98.25
2547.75,98.25
2548.0,98.25
2548.25,98.25
2548.5,98.25
2548.75,99.75
2549.0,99.75
2549.25,99.75
2549.5,98.75
2549.75,98.75
2550.0,100.25
2550.25,100.25
2550.5,101.0
2550.75,101.0
2551.0,101.0
2551.25,101.25
2551.5,101.25
2551.75,101.75
2552.0,101.75
2552.25,101.75
2552.5,101.75
2552.75,101.75
2553.0,101.75
2553.25,101.75
2553.5,104.5
2553.75,104.5
2554.0,105.0
2554.25,105.0
2554.5,105.0
2554.75,107.25
2555.0,107.25
2555.25,109.0
2555.5,109.0
2555.75,110.75
2556.0,110.75
2556.25,110.25
2556.5,110.25
2556.75,110.25
2557.0,110.25
2557.25,110.25
2557.5,112.0
2557.75,112.0
2558.0,110.25
2558.25,110.25
2558.5,110.0
2558.75,110.0
2559.0,108.25
2559.25,108.25
2559.5,109.5
2559.75,109.5
2560.0,109.5
2560.25,109.5
2560.5,109.5
2560.75,113.75
2561.0,113.75
2561.25,115.0
2561.5,115.0
2561.75,115.5
2562.0,115.5
2562.25,116.75
2562.5,116.75
2562.75,117.25
2563.0,117.25
2563.25,118.0
2563.5,118.0
2563.75,120.0
2564.0,120.0
2564.25,120.0
2564.5,120.0
2564.75,122.0
2565.0,122.0
2565.25,123.5
2565.5,123.5
2565.75,123.0
2566.0,123.0
2566.25,122.5
2566.5,122.5
2566.75,125.5
2567.0,125.5
2567.25,125.0
2567.5,125.0
2567.75,125.0
2568.0,123.5
2568.25,123.5
2568.5,123.5
2568.75,123.5
2569.0,124.5
2569.25,124.5
2569.5,123.5
2569.75,123.5
2570.0,125.5
2570.25,125.5
2570.5,122.5
2570.75,122.5
2571.0,122.5
2571.25,122.5
2571.5,122.0
2571.75,122.0
2572.0,123.5
2572.25,123.5
2572.5,124.5
2572.75,124.5
2573.0,127.0
2573.25,127.0
2573.5,126.0
2573.75,126.0
2574.0,127.0
2574.25,127.0
2574.5,125.5
2574.75,127.0
2575.0,127.0
2575.25,126.0
2575.5,126.0
2575.75,125.0
2576.0,125.0
2576.25,125.5
2576.5,125.5
2576.75,125.5
2577.0,125.5
2577.25,124.5
2577.5,124.5
2577.75,124.0
2578.0,124.0
2578.25,124.5
2578.5,124.5
2578.75,125.0
2579.0,125.0
2579.25,124.0
2579.5,124.0
2579.75,124.0
2580.0,124.0
2580.25,125.0
2580.5,125.0
2580.75,123.0
2581.0,125.5
2581.25,125.5
2581.5,125.5
2581.75,125.5
2582.0,125.5
2582.25,125.5
2582.5,125.0
2582.75,125.0
2583.0,125.5
2583.25,125.5
2583.5,125.5
2583.75,125.5
2584.0,126.0
2584.25,126.0
2584.5,127.75
2584.75,127.75
2585.0,126.5
2585.25,126.5
2585.5,126.0
2585.75,126.0
2586.0,126.0
2586.25,124.5
2586.5,124.5
2586.75,125.5
2587.0,125.5
2587.25,126.0
2587.5,126.0
2587.75,126.5
2588.0,126.5
2588.25,126.5
2588.5,126.5
2588.75,125.0
2589.0,125.0
2589.25,124.5
2589.5,124.5
2589.75,125.0
2590.0,125.0
2590.25,126.0
2590.5,126.0
2590.75,124.5
2591.0,124.5
2591.25,124.0
2591.5,123.0
2591.75,123.0
2592.0,123.5
2592.25,123.5
2592.5,124.0
2592.75,124.0
2593.0,123.5
2593.25,123.5
2593.5,125.0
2593.75,125.0
2594.0,125.0
2594.25,125.0
2594.5,126.5
2594.75,126.5
2595.0,127.75
2595.25,127.75
2595.5,127.75
2595.75,127.75
2596.0,127.75
2596.25,127.75
2596.5,127.0
2596.75,127.75
2597.0,127.75
2597.25,125.0
2597.5,125.0
2597.75,124.5
2598.0,124.5
2598.25,124.0
2598.5,124.0
2598.75,125.0
2599.0,125.0
2599.25,125.0
2599.5,125.0
2599.75,126.5
2600.0,126.5
2600.25,127.0
2600.5,127.0
2600.75,128.25
2601.0,128.25
2601.25,126.5
2601.5,126.5
2601.75,126.5
2602.0,128.25
2602.25,128.25
2602.5,126.5
2602.75,126.5
2603.0,129.25
2603.25,129.25
2603.5,128.75
2603.75,128.75
2604.0,127.75
2604.25,127.75
2604.5,127.75
2604.75,126.5
2605.0,125.0
2605.25,125.0
2605.5,125.0
2605.75,125.0
2606.0,125.0
2606.25,127.0
2606.5,127.0
2606.75,127.75
2607.0,127.75
2607.25,127.0
2607.5,127.0
2607.75,127.0
2608.0,127.0
2608.25,127.75
2608.5,127.75
2608.75,126.5
2609.0,126.5
2609.25,125.0
2609.5,125.0
2609.75,126.0
2610.0,126.0
2610.25,125.0
2610.5,125.0
2610.75,125.0
2611.0,126.0
2611.25,126.0
2611.5,124.5
2611.75,124.5
2612.0,125.5
2612.25,125.5
2612.5,127.0
2612.75,127.0
2613.0,126.5
2613.25,126.5
2613.5,127.75
2613.75,127.75
2614.0,127.0
2614.25,127.0
2614.5,127.0
2614.75,128.25
2615.0,127.0
2615.25,129.75
2615.5,129.75
2615.75,128.25
2616.0,128.25
2616.25,128.25
2616.5,128.25
2616.75,128.25
2617.0,128.25
2617.25,127.75
2617.5,127.75
2617.75,126.0
2618.0,126.0
2618.25,126.5
2618.5,126.5
2618.75,126.5
2619.0,126.5
2619.25,126.5
2619.5,126.5
2619.75,127.0
2620.0,129.25
2620.25,129.25
2620.5,128.75
2620.75,128.75
2621.0,127.75
2621.25,127.75
2621.5,127.0
2621.75,127.0
2622.0,127.0
2622.25,127.0
2622.5,127.0
2622.75,127.0
2623.0,126.0
2623.25,126.0
2623.5,126.0
2623.75,127.0
2624.0,127.0
2624.25,128.25
2624.5,128.25
2624.75,128.25
2625.0,128.25
2625.25,128.25
2625.5,128.25
2625.75,127.0
2626.0,127.0
2626.25,128.25
2626.5,128.25
2626.75,129.25
2627.0,129.25
2627.25,129.25
2627.5,128.25
2627.75,128.25
2628.0,127.75
2628.25,127.75
2628.5,128.25
2628.75,128.25
2629.0,129.25
2629.25,129.25
2629.5,128.75
2629.75,128.75
2630.0,127.75
2630.25,127.75
2630.5,128.25
2630.75,127.75
2631.0,127.75
2631.25,128.25
2631.5,128.25
2631.75,127.0
2632.0,127.0
2632.25,128.75
2632.5,128.75
2632.75,129.25
2633.0,129.25
2633.25,128.75
2633.5,128.75
2633.75,128.25
2634.0,128.25
2634.25,129.75
2634.5,129.75
2634.75,130.5
2635.0,129.75
2635.25,129.75
2635.5,129.75
2635.75,129.75
2636.0,131.0
2636.25,131.0
2636.5,128.25
2636.75,128.25
2637.0,131.5
2637.25,134.0
2637.5,134.0
2637.75,135.25
2638.0,135.25
2638.25,135.25
2638.5,135.25
2638.75,135.25
2639.0,133.25
2639.25,133.25
2639.5,132.75
2639.75,132.75
2640.0,129.75
2640.25,129.75
2640.5,129.75
2640.75,128.25
2641.0,127.0
2641.25,127.0
2641.5,127.0
2641.75,125.0
2642.0,125.0
2642.25,125.0
2642.5,124.0
2642.75,124.0
2643.0,126.0
2643.25,127.0
2643.5,127.0
2643.75,126.5
2644.0,126.5
2644.25,128.25
2644.5,128.25
2644.75,126.5
2645.0,126.5
2645.25,126.0
2645.5,126.0
2645.75,126.0
2646.0,126.0
2646.25,126.5
2646.5,126.5
2646.75,127.0
2647.0,127.0
2647.25,128.25
2647.5,128.25
2647.75,127.0
2648.0,126.5
2648.25,126.5
2648.5,126.0
2648.75,126.0
2649.0,129.25
2649.25,129.25
2649.5,128.75
2649.75,128.75
2650.0,128.25
2650.25,128.25
2650.5,127.75
2650.75,127.75
2651.0,127.75
2651.25,127.75
2651.5,127.0
2651.75,126.5
2652.0,126.5
2652.25,127.75
2652.5,127.75
2652.75,126.5
2653.0,126.5
2653.25,126.0
2653.5,126.0
2653.75,128.25
2654.0,128.25
2654.25,128.25
2654.5,128.25
2654.75,128.75
2655.0,128.75
2655.25,130.5
2655.5,131.5
2655.75,131.5
2656.0,132.25
2656.25,132.25
2656.5,132.25
2656.75,132.25
2657.0,129.75
2657.25,129.75
2657.5,129.25
2657.75,129.25
2658.0,128.75
2658.25,127.75
2658.5,127.75
2658.75,127.0
2659.0,127.0
2659.25,127.0
2659.5,127.0
2659.75,125.5
2660.0,125.5
2660.25,126.5
2660.5,126.5
2660.75,128.75
2661.0,128.75
2661.25,131.0
2661.5,131.0
2661.75,129.75
2662.0,129.25
2662.25,129.25
2662.5,128.75
2662.75,128.75
2663.0,127.0
2663.25,127.0
2663.5,125.5
2663.75,125.5
2664.0,126.5
2664.25,126.5
2664.5,124.5
2664.75,124.5
2665.0,125.5
2665.25,125.5
2665.5,125.0
2665.75,125.0
2666.0,125.5
2666.25,125.5
2666.5,126.0
2666.75,127.75
2667.0,127.75
2667.25,127.75
2667.5,127.75
2667.75,128.75
2668.0,128.75
2668.25,128.75
2668.5,128.75
2668.75,127.75
2669.0,127.75
2669.25,128.25
2669.5,128.25
2669.75,127.75
2670.0,127.75
2670.25,127.75
2670.5,127.0
2670.75,127.0
2671.0,128.25
2671.25,128.25
2671.5,127.0
2671.75,127.0
2672.0,126.5
2672.25,126.5
2672.5,126.5
2672.75,126.5
2673.0,127.0
2673.25,127.0
2673.5,126.5
2673.75,126.5
2674.0,129.25
2674.25,129.25
2674.5,129.25
2674.75,131.0
2675.0,131.0
2675.25,131.0
2675.5,131.0
2675.75,129.75
2676.0,129.75
2676.25,128.25
2676.5,128.25
2676.75,126.5
2677.0,126.5
2677.25,126.5
2677.5,126.5
2677.75,127.75
2678.0,127.0
2678.25,127.0
2678.5,128.75
2678.75,128.75
2679.0,130.5
2679.25,130.5
2679.5,127.0
2679.75,127.0
2680.0,126.5
2680.25,126.5
2680.5,127.0
2680.75,127.0
2681.0,126.0
2681.25,126.0
2681.5,127.0
2681.75,127.0
2682.0,127.75
2682.25,127.75
2682.5,127.75
2682.75,127.75
2683.0,127.75
2683.25,127.75
2683.5,127.75
2683.75,127.0
2684.0,127.0
2684.25,126.5
2684.5,126.5
2684.75,126.5
2685.0,126.5
2685.25,127.75
2685.5,127.75
2685.75,127.0
2686.0,128.75
2686.25,128.75
2686.5,128.25
2686.75,128.25
2687.0,127.75
2687.25,127.75
2687.5,127.75
2687.75,127.75
2688.0,127.75
2688.25,127.75
2688.5,129.25
2688.75,129.25
2689.0,129.25
2689.25,129.25
2689.5,129.25
2689.75,129.25
2690.0,129.25
2690.25,129.75
2690.5,129.75
2690.75,128.75
2691.0,128.75
2691.25,129.75
2691.5,129.75
2691.75,129.25
2692.0,129.25
2692.25,129.25
2692.5,129.25
2692.75,129.25
2693.0,129.75
2693.25,129.75
2693.5,131.5
2693.75,131.5
2694.0,131.0
2694.25,131.0
2694.5,129.75
2694.75,129.75
2695.0,129.75
2695.25,129.75
2695.5,129.25
2695.75,127.75
2696.0,127.75
2696.25,127.0
2696.5,127.0
2696.75,127.0
2697.0,127.0
2697.25,126.5
2697.5,126.5
2697.75,127.0
2698.0,127.0
2698.25,129.75
2698.5,129.75
2698.75,129.25
2699.0,129.25
2699.25,130.5
2699.5,128.75
2699.75,128.75
2700.0,128.75
2700.25,128.75
2700.5,127.0
2700.75,127.0
2701.0,127.0
2701.25,127.0
2701.5,127.0
2701.75,127.0
2702.0,128.25
2702.25,128.25
2702.5,127.75
2702.75,127.75
2703.0,129.25
2703.25,129.75
2703.5,129.75
2703.75,129.25
2704.0,129.25
2704.25,128.75
2704.5,128.75
2704.75,127.75
2705.0,127.75
2705.25,128.25
2705.5,128.25
2705.75,127.75
2706.0,127.75
2706.25,128.75
2706.5,128.75
2706.75,126.5
2707.0,129.25
2707.25,129.25
2707.5,131.5
2707.75,131.5
2708.0,131.0
2708.25,131.0
2708.5,129.75
2708.75,129.75
2709.0,128.75
2709.25,128.75
2709.5,127.75
2709.75,127.75
2710.0,127.75
2710.25,126.5
2710.5,126.5
2710.75,126.5
2711.0,126.5
2711.25,126.0
2711.5,126.0
2711.75,125.5
2712.0,125.5
2712.25,126.0
2712.5,126.0
2712.75,127.0
2713.0,127.0
2713.25,126.5
2713.5,126.5
2713.75,127.0
2714.0,127.0
2714.25,128.75
2714.5,129.75
2714.75,129.75
2715.0,129.75
2715.25,129.75
2715.5,132.25
2715.75,132.25
2716.0,129.25
2716.25,129.25
2716.5,129.75
2716.75,129.75
2717.0,130.5
2717.25,128.25
2717.5,128.25
2717.75,128.25
2718.0,128.25
2718.25,126.5
2718.5,126.5
2718.75,126.5
2719.0,126.5
2719.25,126.0
2719.5,126.0
2719.75,124.5
2720.0,124.5
2720.25,127.0
2720.5,127.0
2720.75,127.75
2721.0,127.75
2721.25,128.25
2721.5,127.75
2721.75,127.75
2722.0,127.75
2722.25,127.75
2722.5,128.75
2722.75,128.75
2723.0,127.75
2723.25,127.75
2723.5,127.75
2723.75,130.5
2724.0,130.5
2724.25,130.5
2724.5,129.75
2724.75,129.75
2725.0,129.75
2725.25,129.75
2725.5,129.75
2725.75,131.5
2726.0,131.5
2726.25,135.25
2726.5,135.25
2726.75,137.0
2727.0,138.25
2727.25,138.25
2727.5,140.25
2727.75,140.25
2728.0,142.25
2728.25,142.25
2728.5,143.5
2728.75,144.25
2729.0,144.25
2729.25,142.75
2729.5,142.75
2729.75,139.5
2730.0,139.5
2730.25,139.5
2730.5,139.5
2730.75,134.5
2731.0,130.5
2731.25,130.5
2731.5,126.0
2731.75,126.0
2732.0,123.0
2732.25,123.0
2732.5,119.5
2732.75,119.5
2733.0,121.5
2733.25,121.5
2733.5,121.5
2733.75,121.5
2734.0,121.5
2734.25,121.5
2734.5,121.5
2734.75,119.5
2735.0,118.5
2735.25,118.5
2735.5,115.5
2735.75,115.5
2736.0,112.75
2736.25,112.75
2736.5,110.0
2736.75,110.0
2737.0,107.25
2737.25,107.25
2737.5,107.25
2737.75,104.25
2738.0,104.25
2738.25,102.5
2738.5,102.5
2738.75,101.25
2739.0,101.25
2739.25,101.25
2739.5,99.0
2739.75,99.0
2740.0,99.25
2740.25,99.25
2740.5,99.25
2740.75,98.25
2741.0,98.25
2741.25,98.25
2741.5,98.25
2741.75,98.25
2742.0,97.5
2742.25,97.5
2742.5,98.0
2742.75,98.0
2743.0,98.0
2743.25,98.0
2743.5,98.0
2743.75,97.5
2744.0,97.5
2744.25,96.25
2744.5,96.25
2744.75,96.25
2745.0,97.0
2745.25,97.0
2745.5,97.0
2745.75,97.0
2746.0,97.0
2746.25,97.0
2746.5,97.0
2746.75,98.0
2747.0,98.0
2747.25,98.0
2747.5,98.75
2747.75,98.75
2748.0,99.25
2748.25,99.25
2748.5,99.25
2748.75,100.25
2749.0,100.25
2749.25,101.75
2749.5,101.75
2749.75,102.5
2750.0,102.5
2750.25,102.5
2750.5,102.75
2750.75,102.75
2751.0,102.75
2751.25,102.75
2751.5,103.0
2751.75,103.0
2752.0,103.0
2752.25,102.75
2752.5,102.75
2752.75,102.0
2753.0,102.0
2753.25,102.0
2753.5,102.0
2753.75,102.0
2754.0,102.75
2754.25,102.75
2754.5,103.5
2754.75,103.5
2755.0,104.25
2755.25,104.25
2755.5,104.25
2755.75,105.0
2756.0,105.0
2756.25,107.5
2756.5,107.5
2756.75,108.0
2757.0,108.0
2757.25,108.25
2757.5,108.25
2757.75,108.25
2758.0,108.25
2758.25,108.25
2758.5,105.75
2758.75,105.75
2759.0,107.5
2759.25,107.5
2759.5,108.25
2759.75,108.25
2760.0,110.0
2760.25,110.0
2760.5,110.0
2760.75,109.5
2761.0,109.5
2761.25,109.5
2761.5,109.5
2761.75,110.75
2762.0,110.75
2762.25,108.75
2762.5,108.75
2762.75,109.0
2763.0,109.0
2763.25,108.75
2763.5,108.75
2763.75,108.75
2764.0,110.25
2764.25,110.25
2764.5,109.5
2764.75,109.5
2765.0,110.0
2765.25,110.0
2765.5,110.75
2765.75,110.75
2766.0,112.0
2766.25,112.0
2766.5,112.75
2766.75,112.75
2767.0,112.75
2767.25,113.25
2767.5,113.25
2767.75,115.5
2768.0,115.5
2768.25,114.5
2768.5,114.5
2768.75,114.0
2769.0,114.0
2769.25,114.0
2769.5,114.0
2769.75,114.5
2770.0,114.5
2770.25,115.0
2770.5,115.0
2770.75,114.5
2771.0,114.5
2771.25,112.75
2771.5,112.75
2771.75,113.75
2772.0,113.75
2772.25,113.75
2772.5,114.5
2772.75,114.5
2773.0,116.25
2773.25,116.25
2773.5,116.75
2773.75,116.75
2774.0,118.0
2774.25,118.0
2774.5,117.75
2774.75,117.75
2775.0,119.5
2775.25,119.5
2775.5,117.25
2775.75,117.25
2776.0,116.25
2776.25,116.25
2776.5,115.75
2776.75,115.75
2777.0,116.75
2777.25,116.75
2777.5,118.0
2777.75,118.0
2778.0,119.5
2778.25,119.5
2778.5,118.0
2778.75,118.0
2779.0,120.0
2779.25,120.0
2779.5,120.5
2779.75,120.5
2780.0,120.0
2780.25,120.0
2780.5,118.5
2780.75,118.5
2781.0,118.0
2781.25,118.0
2781.5,116.75
2781.75,116.75
2782.0,116.25
2782.25,116.25
2782.5,117.25
2782.75,117.25
2783.0,117.75
2783.25,117.75
2783.5,118.5
2783.75,118.5
2784.0,120.5
2784.25,120.5
2784.5,120.5
2784.75,120.5
2785.0,121.0
2785.25,121.0
2785.5,120.0
2785.75,120.0
2786.0,120.0
2786.25,120.0
2786.5,119.5
2786.75,119.5
2787.0,119.0
2787.25,119.0
2787.5,117.75
2787.75,117.75
2788.0,117.75
2788.25,117.75
2788.5,118.0
2788.75,118.0
2789.0,118.0
2789.25,118.0
2789.5,118.0
2789.75,118.5
2790.0,118.5
2790.25,118.0
2790.5,118.0
2790.75,119.5
2791.0,119.5
2791.25,120.0
2791.5,120.0
2791.75,120.0
2792.0,120.0
2792.25,120.0
2792.5,120.0
2792.75,121.0
2793.0,121.0
2793.25,119.0
2793.5,119.0
2793.75,119.0
2794.0,119.0
2794.25,118.5
2794.5,118.5
2794.75,117.25
2795.0,117.25
2795.25,118.0
2795.5,118.0
2795.75,122.0
2796.0,122.0
2796.25,122.0
2796.5,122.0
2796.75,124.5
2797.0,124.5
2797.25,122.0
2797.5,122.0
2797.75,121.5
2798.0,121.5
2798.25,120.5
2798.5,120.5
2798.75,118.5
2799.0,118.5
2799.25,118.0
2799.5,118.0
2799.75,117.75
2800.0,117.75
2800.25,117.75
2800.5,117.75
2800.75,118.5
2801.0,118.5
2801.25,118.5
2801.5,118.5
2801.75,119.5
2802.0,119.5
2802.25,119.0
2802.5,119.0
2802.75,120.5
2803.0,120.5
2803.25,121.0
2803.5,121.0
2803.75,121.0
2804.0,121.0
2804.25,120.0
2804.5,120.0
2804.75,120.0
2805.0,120.0
2805.25,121.5
2805.5,121.5
2805.75,122.0
2806.0,122.0
2806.25,122.0
2806.5,122.0
2806.75,121.0
2807.0,121.0
2807.25,120.5
2807.5,120.5
2807.75,121.5
2808.0,121.5
2808.25,121.0
2808.5,121.0
2808.75,120.0
2809.0,120.0
2809.25,119.0
2809.5,119.0
2809.75,120.0
2810.0,120.0
2810.25,118.0
2810.5,118.0
2810.75,118.0
2811.0,118.0
2811.25,120.0
2811.5,120.0
2811.75,120.0
2812.0,120.0
2812.25,120.5
2812.5,120.5
2812.75,124.5
2813.0,125.0
2813.25,125.0
2813.5,124.5
2813.75,124.5
2814.0,122.5
2814.25,122.5
2814.5,123.0
2814.75,123.0
2815.0,120.5
2815.25,120.5
2815.5,120.5
2815.75,120.5
2816.0,120.0
2816.25,120.0
2816.5,121.0
2816.75,121.0
2817.0,120.5
2817.25,120.5
2817.5,120.5
2817.75,121.5
2818.0,122.5
2818.25,122.5
2818.5,122.5
2818.75,123.5
2819.0,123.0
2819.25,123.0
2819.5,123.0
2819.75,123.0
2820.0,123.0
2820.25,123.0
2820.5,122.5
2820.75,122.5
2821.0,121.5
2821.25,121.5
2821.5,120.5
2821.75,120.5
2822.0,122.5
2822.25,122.5
2822.5,122.0
2822.75,122.0
2823.0,121.5
2823.25,121.5
2823.5,121.5
2823.75,120.5
2824.0,120.5
2824.25,120.5
2824.5,120.5
2824.75,120.5
2825.0,122.5
2825.25,122.5
2825.5,124.5
2825.75,124.5
2826.0,123.5
2826.25,123.5
2826.5,120.5
2826.75,120.5
2827.0,122.0
2827.25,126.0
2827.5,126.0
2827.75,127.0
2828.0,127.0
2828.25,125.5
2828.5,125.5
2828.75,125.0
2829.0,125.0
2829.25,123.5
2829.5,123.5
2829.75,123.0
2830.0,123.0
2830.25,122.0
2830.5,122.0
2830.75,123.0
2831.0,123.0
2831.25,124.0
2831.5,124.0
2831.75,124.5
2832.0,124.5
2832.25,124.0
2832.5,124.0
2832.75,124.0
2833.0,124.0
2833.25,124.0
2833.5,124.0
2833.75,124.0
2834.0,124.0
2834.25,123.0
2834.5,123.0
2834.75,121.5
2835.0,121.5
2835.25,121.0
2835.5,121.0
2835.75,122.0
2836.0,121.5
2836.25,121.5
2836.5,121.0
2836.75,121.0
2837.0,123.0
2837.25,123.0
2837.5,123.0
2837.75,123.0
2838.0,124.0
2838.25,124.0
2838.5,124.0
2838.75,124.0
2839.0,125.0
2839.25,125.0
2839.5,124.5
2839.75,124.5
2840.0,125.5
2840.25,125.5
2840.5,125.5
2840.75,125.5
2841.0,125.0
2841.25,125.0
2841.5,124.0
2841.75,124.0
2842.0,124.5
2842.25,124.5
2842.5,124.5
2842.75,124.5
2843.0,124.0
2843.25,124.5
2843.5,124.5
2843.75,123.5
2844.0,123.5
2844.25,125.0
2844.5,125.0
2844.75,124.0
2845.0,124.0
2845.25,124.5
2845.5,124.5
2845.75,125.0
2846.0,125.0
2846.25,124.5
2846.5,124.5
2846.75,124.0
2847.0,124.0
2847.25,123.5
2847.5,123.5
2847.75,123.0
2848.0,123.0
2848.25,122.0
2848.5,122.0
2848.75,124.0
2849.0,124.0
2849.25,125.5
2849.5,125.5
2849.75,125.5
2850.0,125.5
2850.25,125.5
2850.5,125.5
2850.75,125.5
2851.0,126.0
2851.25,126.0
2851.5,126.5
2851.75,126.5
2852.0,127.0
2852.25,127.0
2852.5,127.0
2852.75,127.0
2853.0,125.0
2853.25,125.0
2853.5,125.5
2853.75,125.5
2854.0,125.0
2854.25,125.0
2854.5,125.0
2854.75,124.5
2855.0,124.5
2855.25,124.5
2855.5,124.0
2855.75,124.0
2856.0,124.0
2856.25,121.0
2856.5,121.0
2856.75,123.0
2857.0,123.0
2857.25,124.5
2857.5,124.5
2857.75,125.0
2858.0,125.0
2858.25,124.5
2858.5,124.5
2858.75,123.5
2859.0,123.5
2859.25,123.0
2859.5,123.0
2859.75,123.5
2860.0,123.5
2860.25,123.0
2860.5,123.0
2860.75,124.5
2861.0,124.5
2861.25,123.5
2861.5,123.5
2861.75,122.0
2862.0,122.0
2862.25,121.0
2862.5,121.0
2862.75,122.0
2863.0,122.0
2863.25,122.0
2863.5,122.0
2863.75,122.0
2864.0,122.0
2864.25,122.5
2864.5,122.5
2864.75,121.5
2865.0,121.5
2865.25,123.0
2865.5,123.0
2865.75,123.0
2866.0,123.0
2866.25,123.5
2866.5,123.5
2866.75,123.5
2867.0,123.0
2867.25,123.0
2867.5,123.5
2867.75,123.5
2868.0,124.5
2868.25,124.5
2868.5,124.5
2868.75,123.0
2869.0,123.5
2869.25,123.5
2869.5,123.5
2869.75,122.0
2870.0,123.0
2870.25,123.0
2870.5,121.0
2870.75,121.0
2871.0,120.0
2871.25,120.0
2871.5,120.0
2871.75,118.5
2872.0,119.5
2872.25,119.5
2872.5,118.5
2872.75,118.5
2873.0,119.5
2873.25,119.5
2873.5,120.0
2873.75,120.0
2874.0,118.0
2874.25,118.0
2874.5,118.0
2874.75,118.0
2875.0,119.0
2875.25,119.0
2875.5,119.0
2875.75,119.0
2876.0,119.5
2876.25,119.5
2876.5,120.0
2876.75,120.0
2877.0,120.0
2877.25,120.0
2877.5,119.5
2877.75,119.5
2878.0,120.5
2878.25,120.5
2878.5,120.5
2878.75,118.5
2879.0,119.5
2879.25,119.5
2879.5,118.0
2879.75,118.0
2880.0,118.5
2880.25,118.5
2880.5,115.5
2880.75,115.5
2881.0,116.75
2881.25,116.75
2881.5,116.75
2881.75,115.0
2882.0,115.0
2882.25,113.75
2882.5,113.75
2882.75,115.75
2883.0,115.75
2883.25,116.75
2883.5,116.75
2883.75,116.75
2884.0,116.75
2884.25,116.75
2884.5,116.75
2884.75,115.75
2885.0,115.75
2885.25,116.75
2885.5,116.75
2885.75,117.25
2886.0,117.25
2886.25,115.75
2886.5,115.75
2886.75,116.25
2887.0,116.25
2887.25,113.75
2887.5,113.75
2887.75,113.25
2888.0,113.25
2888.25,113.25
2888.5,115.0
2888.75,115.0
2889.0,119.5
2889.25,119.5
2889.5,120.0
2889.75,120.0
2890.0,119.5
2890.25,119.5
2890.5,120.0
2890.75,120.0
2891.0,121.0
2891.25,121.0
2891.5,121.5
2891.75,121.5
2892.0,121.0
2892.25,121.0
2892.5,121.0
2892.75,121.0
2893.0,119.0
2893.25,119.0
2893.5,117.25
2893.75,117.25
2894.0,115.5
2894.25,115.5
2894.5,115.5
2894.75,113.25
2895.0,114.5
2895.25,114.5
2895.5,114.5
2895.75,115.75
2896.0,116.25
2896.25,116.25
2896.5,117.25
2896.75,117.25
2897.0,117.25
2897.25,117.25
2897.5,119.5
2897.75,119.5
2898.0,118.0
2898.25,118.0
2898.5,117.25
2898.75,117.25
2899.0,118.0
2899.25,118.0
2899.5,119.0
2899.75,119.0
2900.0,121.0
2900.25,121.0
2900.5,121.0
2900.75,121.0
2901.0,120.5
2901.25,120.5
2901.5,120.0
2901.75,120.0
2902.0,119.0
2902.25,119.0
2902.5,120.0
2902.75,120.0
2903.0,119.0
2903.25,119.0
2903.5,122.0
2903.75,122.0
2904.0,121.5
2904.25,121.5
2904.5,123.5
2904.75,123.5
2905.0,123.5
2905.25,123.5
2905.5,124.0
2905.75,124.0
2906.0,125.0
2906.25,125.0
2906.5,125.0
2906.75,125.5
2907.0,125.5
2907.25,125.5
2907.5,125.5
2907.75,125.5
2908.0,125.5
2908.25,126.0
2908.5,126.0
2908.75,126.0
2909.0,126.0
2909.25,126.0
2909.5,126.0
2909.75,127.75
2910.0,127.75
2910.25,129.75
2910.5,129.75
2910.75,128.75
2911.0,128.75
2911.25,129.75
2911.5,129.75
2911.75,128.75
2912.0,126.0
2912.25,126.0
2912.5,126.5
2912.75,126.5
2913.0,126.5
2913.25,126.5
2913.5,125.0
2913.75,125.0
2914.0,124.5
2914.25,124.5
2914.5,125.5
2914.75,125.5
2915.0,126.5
2915.25,126.5
2915.5,127.0
2915.75,127.0
2916.0,126.5
2916.25,126.5
2916.5,126.0
2916.75,126.0
2917.0,125.0
2917.25,125.5
2917.5,125.5
2917.75,125.5
2918.0,125.5
2918.25,126.5
2918.5,126.5
2918.75,125.5
2919.0,125.5
2919.25,126.5
2919.5,126.5
2919.75,128.75
2920.0,128.75
2920.25,129.25
2920.5,129.25
2920.75,128.75
2921.0,128.75
2921.25,128.25
2921.5,128.25
2921.75,128.25
2922.0,127.75
2922.25,127.75
2922.5,129.75
2922.75,129.75
2923.0,129.25
2923.25,129.25
2923.5,130.5
2923.75,130.5
2924.0,129.25
2924.25,129.25
2924.5,128.75
2924.75,128.75
2925.0,128.75
2925.25,130.5
2925.5,130.5
2925.75,130.5
2926.0,130.5
2926.25,129.25
2926.5,129.25
2926.75,129.75
2927.0,129.75
2927.25,130.5
2927.5,130.5
2927.75,130.5
2928.0,131.0
2928.25,131.0
2928.5,130.5
2928.75,130.5
2929.0,130.5
2929.25,130.5
2929.5,131.0
2929.75,131.0
2930.0,131.0
2930.25,131.0
2930.5,131.0
2930.75,130.5
2931.0,130.5
2931.25,127.75
2931.5,127.75
2931.75,129.75
2932.0,129.75
2932.25,131.0
2932.5,131.0
2932.75,131.0
2933.0,131.0
2933.25,131.5
2933.5,131.5
2933.75,131.5
2934.0,131.0
2934.25,131.0
2934.5,131.0
2934.75,131.5
2935.0,131.5
2935.25,131.5
2935.5,132.25
2935.75,133.25
2936.0,133.25
2936.25,133.25
2936.5,133.25
2936.75,132.75
2937.0,132.75
2937.25,132.75
2937.5,132.75
2937.75,133.25
2938.0,132.75
2938.25,132.75
2938.5,131.0
2938.75,131.0
2939.0,131.0
2939.25,131.0
2939.5,131.0
2939.75,131.0
2940.0,132.75
2940.25,132.75
2940.5,134.0
2940.75,134.5
2941.0,134.5
2941.25,134.0
2941.5,134.0
2941.75,133.25
2942.0,133.25
2942.25,132.75
2942.5,132.75
2942.75,131.0
2943.0,131.0
2943.25,131.0
2943.5,129.25
2943.75,129.25
2944.0,129.25
2944.25,129.25
2944.5,129.25
2944.75,129.25
2945.0,131.0
2945.25,131.0
2945.5,131.5
2945.75,132.25
2946.0,132.25
2946.25,131.5
2946.5,131.5
2946.75,132.25
2947.0,132.25
2947.25,130.5
2947.5,130.5
2947.75,131.5
2948.0,131.5
2948.25,132.25
2948.5,131.0
2948.75,131.0
2949.0,131.5
2949.25,131.5
2949.5,131.0
2949.75,131.0
2950.0,132.75
2950.25,132.75
2950.5,134.0
2950.75,135.25
2951.0,135.25
2951.25,135.75
2951.5,135.75
2951.75,134.5
2952.0,134.5
2952.25,134.0
2952.5,134.0
2952.75,134.0
2953.0,133.25
2953.25,133.25
2953.5,132.25
2953.75,132.25
2954.0,132.25
2954.25,132.25
2954.5,131.5
2954.75,131.5
2955.0,132.75
2955.25,132.75
2955.5,132.75
2955.75,131.5
2956.0,131.5
2956.25,133.25
2956.5,133.25
2956.75,132.25
2957.0,132.25
2957.25,131.0
2957.5,131.0
2957.75,131.5
2958.0,131.0
2958.25,131.0
2958.5,132.25
2958.75,132.25
2959.0,132.25
2959.25,132.25
2959.5,134.5
2959.75,134.5
2960.0,134.0
2960.25,135.75
2960.5,135.75
2960.75,135.25
2961.0,135.25
2961.25,134.5
2961.5,134.5
2961.75,134.0
2962.0,134.0
2962.25,134.0
2962.5,132.25
2962.75,132.25
2963.0,132.25
2963.25,132.25
2963.5,131.5
2963.75,131.5
2964.0,130.5
2964.25,130.5
2964.5,130.5
2964.75,129.75
2965.0,129.75
2965.25,130.5
2965.5,130.5
2965.75,132.25
2966.0,132.25
2966.25,132.25
2966.5,132.25
2966.75,132.25
2967.0,132.25
2967.25,131.5
2967.5,131.5
2967.75,131.5
2968.0,132.25
2968.25,132.25
2968.5,133.25
2968.75,133.25
2969.0,133.25
2969.25,133.25
2969.5,132.25
2969.75,131.5
2970.0,131.5
2970.25,130.5
2970.5,130.5
2970.75,130.5
2971.0,130.5
2971.25,131.0
2971.5,131.0
2971.75,130.5
2972.0,130.5
2972.25,131.5
2972.5,132.25
2972.75,132.25
2973.0,131.5
2973.25,131.5
2973.5,133.25
2973.75,133.25
2974.0,132.25
2974.25,132.25
2974.5,131.5
2974.75,131.5
2975.0,132.75
2975.25,132.25
2975.5,132.25
2975.75,133.25
2976.0,133.25
2976.25,134.0
2976.5,134.0
2976.75,133.25
2977.0,133.25
2977.25,134.0
2977.5,133.25
2977.75,133.25
2978.0,134.0
2978.25,134.0
2978.5,134.0
2978.75,134.0
2979.0,134.5
2979.25,134.0
2979.5,134.0
2979.75,132.75
2980.0,132.75
2980.25,131.5
2980.5,131.5
2980.75,131.5
2981.0,131.5
2981.25,131.0
2981.5,131.0
2981.75,130.5
2982.0,130.5
2982.25,130.5
2982.5,130.5
2982.75,130.5
2983.0,130.5
2983.25,130.5
2983.5,132.25
2983.75,132.25
2984.0,134.0
2984.25,134.0
2984.5,135.25
2984.75,135.75
2985.0,135.75
2985.25,137.0
2985.5,137.0
2985.75,137.5
2986.0,137.5
2986.25,136.25
2986.5,135.75
2986.75,135.75
2987.0,134.0
2987.25,134.0
2987.5,131.5
2987.75,131.5
2988.0,127.0
2988.25,127.0
2988.5,126.0
2988.75,126.0
2989.0,122.5
2989.25,122.5
2989.5,122.5
2989.75,122.5
2990.0,122.0
2990.25,122.0
2990.5,122.0
2990.75,123.5
2991.0,123.5
2991.25,122.0
2991.5,122.0
2991.75,123.0
2992.0,123.0
2992.25,122.5
2992.5,122.5
2992.75,122.0
2993.0,122.0
2993.25,122.5
2993.5,122.5
2993.75,118.0
2994.0,118.0
2994.25,117.75
2994.5,117.75
2994.75,115.0
2995.0,115.0
2995.25,115.0
2995.5,112.25
2995.75,112.25
2996.0,110.0
2996.25,110.0
2996.5,108.75
2996.75,108.75
2997.0,107.25
2997.25,107.25
2997.5,107.25
2997.75,105.75
2998.0,105.75
2998.25,103.75
2998.5,103.75
2998.75,102.75
2999.0,102.75
2999.25,102.75
2999.5,102.75
2999.75,100.25
3000.0,98.0
3000.25,98.0
3000.5,98.0
3000.75,98.0
3001.0,98.0
3001.25,98.0
3001.5,98.0
3001.75,96.5
3002.0,96.5
3002.25,96.5
3002.5,94.75
3002.75,94.75
3003.0,93.5
3003.25,93.5
3003.5,93.5
3003.75,91.75
3004.0,91.75
3004.25,91.75
3004.5,92.0
3004.75,92.0
3005.0,87.0
3005.25,87.0
3005.5,87.0
3005.75,89.0
3006.0,89.0
3006.25,89.0
3006.5,88.5
3006.75,88.5
3007.0,88.5
3007.25,88.0
3007.5,88.0
3007.75,87.75
3008.0,87.75
3008.25,87.75
3008.5,88.5
3008.75,88.5
3009.0,88.5
3009.25,86.5
3009.5,86.5
3009.75,86.5
3010.0,87.25
3010.25,87.25
3010.5,88.5
3010.75,88.5
3011.0,88.5
3011.25,89.25
3011.5,89.25
3011.75,89.25
3012.0,88.75
3012.25,88.75
3012.5,88.75
3012.75,89.0
3013.0,89.0
3013.25,89.5
3013.5,89.5
3013.75,89.5
3014.0,91.5
3014.25,91.5
3014.5,92.0
3014.75,92.0
3015.0,92.0
3015.25,93.5
3015.5,93.5
3015.75,95.0
3016.0,95.0
3016.25,95.0
3016.5,96.5
3016.75,96.5
3017.0,98.75
3017.25,98.75
3017.5,98.75
3017.75,102.5
3018.0,102.5
3018.25,101.25
3018.5,101.25
3018.75,100.75
3019.0,100.75
3019.25,100.75
3019.5,102.5
3019.75,102.5
3020.0,102.75
3020.25,102.75
3020.5,102.5
3020.75,102.5
3021.0,102.5
3021.25,105.0
3021.5,105.0
3021.75,105.0
3022.0,105.0
3022.25,105.0
3022.5,105.0
3022.75,105.0
3023.0,105.75
3023.25,105.75
3023.5,103.75
3023.75,103.75
3024.0,102.75
3024.25,102.75
3024.5,105.25
3024.75,105.25
3025.0,105.25
3025.25,108.25
3025.5,108.25
3025.75,113.25
3026.0,113.25
3026.25,114.0
3026.5,114.0
3026.75,118.0
3027.0,118.0
3027.25,117.75
3027.5,117.75
3027.75,121.0
3028.0,121.0
3028.25,117.75
3028.5,117.75
3028.75,115.0
3029.0,115.0
3029.25,115.5
3029.5,115.5
3029.75,115.5
3030.0,115.5
3030.25,122.0
3030.5,122.0
3030.75,122.0
3031.0,122.0
3031.25,121.5
3031.5,121.5
3031.75,119.5
3032.0,119.5
3032.25,117.75
3032.5,117.75
3032.75,117.25
3033.0,117.25
3033.25,113.25
3033.5,113.25
3033.75,113.25
3034.0,112.0
3034.25,112.0
3034.5,111.0
3034.75,111.0
3035.0,111.5
3035.25,111.5
3035.5,112.0
3035.75,112.0
3036.0,110.75
3036.25,110.75
3036.5,111.0
3036.75,111.0
3037.0,112.75
3037.25,112.75
3037.5,112.75
3037.75,113.75
3038.0,113.75
3038.25,114.0
3038.5,114.0
3038.75,112.0
3039.0,112.0
3039.25,114.0
3039.5,114.0
3039.75,115.75
3040.0,115.75
3040.25,115.0
3040.5,115.0
3040.75,115.75
3041.0,115.75
3041.25,115.5
3041.5,115.5
3041.75,115.75
3042.0,115.75
3042.25,115.75
3042.5,115.75
3042.75,115.0
3043.0,115.0
3043.25,115.0
3043.5,114.0
3043.75,114.0
3044.0,114.0
3044.25,114.0
3044.5,116.25
3044.75,116.25
3045.0,118.5
3045.25,118.5
3045.5,119.5
3045.75,119.5
3046.0,119.0
3046.25,119.0
3046.5,119.0
3046.75,117.75
3047.0,118.0
3047.25,118.0
3047.5,118.0
3047.75,116.25
3048.0,115.5
3048.25,115.5
3048.5,113.75
3048.75,113.75
3049.0,115.5
3049.25,115.5
3049.5,115.5
3049.75,117.25
3050.0,118.0
3050.25,118.0
3050.5,119.5
3050.75,119.5
3051.0,121.0
3051.25,121.0
3051.5,120.5
3051.75,120.5
3052.0,119.5
3052.25,119.5
3052.5,119.5
3052.75,119.0
3053.0,119.0
3053.25,119.0
3053.5,117.25
3053.75,117.25
3054.0,118.0
3054.25,118.0
3054.5,117.25
3054.75,117.25
3055.0,117.75
3055.25,117.75
3055.5,118.5
3055.75,118.5
3056.0,120.5
3056.25,120.5
3056.5,121.5
3056.75,121.5
3057.0,119.0
3057.25,119.0
3057.5,120.5
3057.75,120.5
3058.0,120.0
3058.25,120.0
3058.5,120.0
3058.75,121.5
3059.0,124.0
3059.25,124.0
3059.5,126.0
3059.75,126.0
3060.0,123.5
3060.25,123.5
3060.5,122.5
3060.75,122.5
3061.0,121.0
3061.25,121.0
3061.5,121.0
3061.75,120.5
3062.0,118.5
3062.25,118.5
3062.5,119.0
3062.75,119.0
3063.0,120.0
3063.25,120.0
3063.5,121.0
3063.75,121.0
3064.0,120.5
3064.25,120.5
3064.5,120.5
3064.75,120.5
3065.0,120.5
3065.25,120.5
3065.5,120.5
3065.75,120.0
3066.0,119.5
3066.25,119.5
3066.5,120.5
3066.75,120.5
3067.0,119.0
3067.25,119.0
3067.5,119.0
3067.75,120.0
3068.0,119.5
3068.25,119.5
3068.5,121.5
3068.75,121.5
3069.0,121.5
3069.25,121.5
3069.5,121.5
3069.75,121.5
3070.0,120.0
3070.25,120.0
3070.5,122.0
3070.75,122.0
3071.0,121.5
3071.25,121.5
3071.5,120.5
3071.75,120.5
3072.0,119.0
3072.25,119.0
3072.5,122.0
3072.75,122.0
3073.0,122.5
3073.25,122.5
3073.5,121.5
3073.75,121.5
3074.0,122.0
3074.25,122.0
3074.5,122.5
3074.75,122.5
3075.0,122.0
3075.25,122.0
3075.5,122.5
3075.75,122.5
3076.0,123.0
3076.25,123.0
3076.5,124.0
3076.75,124.0
3077.0,122.5
3077.25,122.5
3077.5,122.5
3077.75,122.5
3078.0,122.0
3078.25,122.0
3078.5,122.5
3078.75,122.5
3079.0,122.5
3079.25,123.0
3079.5,123.0
3079.75,125.0
3080.0,125.0
3080.25,126.0
3080.5,126.0
3080.75,128.25
3081.0,128.25
3081.25,129.25
3081.5,129.25
3081.75,132.75
3082.0,132.75
3082.25,131.0
3082.5,131.0
3082.75,128.25
3083.0,126.5
3083.25,126.5
3083.5,125.5
3083.75,125.5
3084.0,127.0
3084.25,127.0
3084.5,128.25
3084.75,128.25
3085.0,126.0
3085.25,126.0
3085.5,125.5
3085.75,125.5
3086.0,124.5
3086.25,124.5
3086.5,124.5
3086.75,122.5
3087.0,122.5
3087.25,122.5
3087.5,123.0
3087.75,123.0
3088.0,124.0
3088.25,124.0
3088.5,122.5
3088.75,122.5
3089.0,124.0
3089.25,123.5
3089.5,123.5
3089.75,124.0
3090.0,124.0
3090.25,124.0
3090.5,124.0
3090.75,125.0
3091.0,125.0
3091.25,124.0
3091.5,124.0
3091.75,124.5
3092.0,124.5
3092.25,124.0
3092.5,124.0
3092.75,126.0
3093.0,126.0
3093.25,125.5
3093.5,125.5
3093.75,126.0
3094.0,126.0
3094.25,126.0
3094.5,126.0
3094.75,124.5
3095.0,124.5
3095.25,126.5
3095.5,125.0
3095.75,125.0
3096.0,125.0
3096.25,125.0
3096.5,125.5
3096.75,125.5
3097.0,124.5
3097.25,124.5
3097.5,124.5
3097.75,126.5
3098.0,128.75
3098.25,128.75
3098.5,129.25
3098.75,129.25
3099.0,128.25
3099.25,128.25
3099.5,128.75
3099.75,127.75
3100.0,127.75
3100.25,125.0
3100.5,125.0
3100.75,126.5
3101.0,126.5
3101.25,126.0
3101.5,126.0
3101.75,126.0
3102.0,126.0
3102.25,127.0
3102.5,127.0
3102.75,126.0
3103.0,126.0
3103.25,125.5
3103.5,125.5
3103.75,126.0
3104.0,126.0
3104.25,125.0
3104.5,125.0
3104.75,125.0
3105.0,126.5
3105.25,126.5
3105.5,126.5
3105.75,126.5
3106.0,127.75
3106.25,127.75
3106.5,126.0
3106.75,126.0
3107.0,126.0
3107.25,126.0
3107.5,125.5
3107.75,125.5
3108.0,126.5
3108.25,126.5
3108.5,126.5
3108.75,126.5
3109.0,126.0
3109.25,126.0
3109.5,126.0
3109.75,126.5
3110.0,126.5
3110.25,127.75
3110.5,127.75
3110.75,129.75
3111.0,129.75
3111.25,131.5
3111.5,131.5
3111.75,128.75
3112.0,128.75
3112.25,127.75
3112.5,127.75
3112.75,129.25
3113.0,128.25
3113.25,128.25
3113.5,127.75
3113.75,127.75
3114.0,127.75
3114.25,127.75
3114.5,126.0
3114.75,126.0
3115.0,125.0
3115.25,125.0
3115.5,126.0
3115.75,126.0
3116.0,128.25
3116.25,128.25
3116.5,127.75
3116.75,127.75
3117.0,128.75
3117.25,129.75
3117.5,129.75
3117.75,129.25
3118.0,129.25
3118.25,128.75
3118.5,128.75
3118.75,128.75
3119.0,128.75
3119.25,129.25
3119.5,129.25
3119.75,128.75
3120.0,128.75
3120.25,128.75
3120.5,128.25
3120.75,128.25
3121.0,128.75
3121.25,128.75
3121.5,127.75
3121.75,127.75
3122.0,128.25
3122.25,128.25
3122.5,128.75
3122.75,128.75
3123.0,127.75
3123.25,127.75
3123.5,129.75
3123.75,129.75
3124.0,129.75
3124.25,130.5
3124.5,130.5
3124.75,128.75
3125.0,128.75
3125.25,128.25
3125.5,128.25
3125.75,128.25
3126.0,128.25
3126.25,128.75
3126.5,128.75
3126.75,127.0
3127.0,127.0
3127.25,127.75
3127.5,128.25
3127.75,128.25
3128.0,129.25
3128.25,129.25
3128.5,128.25
3128.75,128.25
3129.0,127.0
3129.25,127.0
3129.5,127.75
3129.75,127.75
3130.0,127.75
3130.25,127.75
3130.5,131.5
3130.75,130.5
3131.0,130.5
3131.25,131.0
3131.5,131.0
3131.75,129.75
3132.0,129.75
3132.25,131.0
3132.5,131.0
3132.75,129.75
3133.0,129.75
3133.25,130.5
3133.5,130.5
3133.75,127.75
3134.0,127.75
3134.25,127.75
3134.5,127.75
3134.75,127.75
3135.0,127.75
3135.25,127.75
3135.5,127.75
3135.75,128.25
3136.0,128.25
3136.25,128.25
3136.5,130.5
3136.75,130.5
3137.0,129.75
3137.25,131.0
3137.5,131.0
3137.75,131.0
3138.0,131.0
3138.25,129.25
3138.5,129.25
3138.75,129.25
3139.0,129.25
3139.25,128.75
3139.5,128.75
3139.75,126.5
3140.0,126.5
3140.25,127.0
3140.5,127.0
3140.75,127.0
3141.0,128.25
3141.25,128.25
3141.5,129.75
3141.75,129.75
3142.0,129.25
3142.25,129.25
3142.5,129.25
3142.75,129.75
3143.0,130.5
3143.25,130.5
3143.5,129.75
3143.75,129.75
3144.0,129.75
3144.25,128.25
3144.5,128.25
3144.75,129.25
3145.0,129.25
3145.25,127.75
3145.5,127.75
3145.75,128.75
3146.0,128.75
3146.25,127.75
3146.5,127.75
3146.75,128.75
3147.0,128.75
3147.25,128.75
3147.5,128.75
3147.75,128.75
3148.0,128.75
3148.25,128.75
3148.5,128.75
3148.75,128.75
3149.0,128.75
3149.25,128.75
3149.5,128.75
3149.75,128.75
3150.0,128.75
3150.25,128.75
3150.5,127.75
3150.75,127.75
3151.0,127.0
3151.25,128.25
3151.5,128.25
3151.75,129.25
3152.0,129.25
3152.25,128.75
3152.5,128.75
3152.75,127.0
3153.0,127.0
3153.25,128.25
3153.5,128.25
3153.75,127.75
3154.0,127.75
3154.25,128.25
3154.5,128.25
3154.75,127.0
3155.0,127.0
3155.25,127.0
3155.5,127.0
3155.75,126.5
3156.0,127.0
3156.25,127.0
3156.5,126.0
3156.75,126.0
3157.0,126.5
3157.25,126.5
3157.5,126.5
3157.75,126.5
3158.0,127.75
3158.25,127.75
3158.5,127.75
3158.75,125.5
3159.0,126.5
3159.25,126.5
3159.5,126.5
3159.75,128.25
3160.0,128.25
3160.25,128.75
3160.5,128.75
3160.75,128.25
3161.0,128.25
3161.25,129.25
3161.5,129.25
3161.75,128.75
3162.0,128.75
3162.25,128.25
3162.5,128.25
3162.75,129.75
3163.0,131.0
3163.25,131.0
3163.5,129.75
3163.75,129.75
3164.0,132.25
3164.25,132.25
3164.5,132.25
3164.75,132.25
3165.0,134.0
3165.25,133.25
3165.5,133.25
3165.75,132.25
3166.0,132.25
3166.25,131.0
3166.5,131.0
3166.75,129.75
3167.0,129.75
3167.25,128.75
3167.5,128.75
3167.75,128.25
3168.0,128.25
3168.25,127.0
3168.5,125.5
3168.75,125.5
3169.0,124.5
3169.25,124.5
3169.5,123.5
3169.75,123.5
3170.0,123.5
3170.25,123.5
3170.5,124.0
3170.75,124.0
3171.0,126.0
3171.25,126.0
3171.5,127.75
3171.75,127.75
3172.0,126.5
3172.25,126.5
3172.5,124.5
3172.75,124.5
3173.0,122.5
3173.25,122.5
3173.5,122.5
3173.75,120.0
3174.0,119.0
3174.25,119.0
3174.5,117.25
3174.75,117.25
3175.0,115.75
3175.25,115.75
3175.5,113.75
3175.75,113.75
3176.0,111.0
3176.25,111.0
3176.5,111.5
3176.75,111.5
3177.0,111.5
3177.25,110.25
3177.5,110.25
3177.75,111.0
3178.0,111.0
3178.25,110.75
3178.5,110.75
3178.75,109.0
3179.0,109.0
3179.25,108.0
3179.5,108.0
3179.75,108.0
3180.0,106.75
3180.25,106.75
3180.5,105.75
3180.75,105.75
3181.0,104.5
3181.25,104.5
3181.5,103.5
3181.75,103.5
3182.0,103.5
3182.25,103.5
3182.5,103.5
3182.75,102.75
3183.0,102.75
3183.25,102.5
3183.5,102.5
3183.75,102.5
3184.0,102.75
3184.25,102.75
3184.5,103.0
3184.75,103.0
3185.0,103.5
3185.25,103.5
3185.5,103.5
3185.75,104.25
3186.0,104.25
3186.25,105.0
3186.5,105.0
3186.75,110.0
3187.0,110.0
3187.25,109.0
3187.5,109.0
3187.75,109.0
3188.0,109.0
3188.25,109.0
3188.5,109.0
3188.75,109.0
3189.0,108.75
3189.25,108.75
3189.5,106.0
3189.75,106.0
3190.0,106.0
3190.25,106.0
3190.5,106.0
3190.75,106.75
3191.0,106.75
3191.25,105.25
3191.5,105.25
3191.75,108.75
3192.0,108.75
3192.25,110.25
3192.5,110.25
3192.75,110.25
3193.0,112.25
3193.25,112.25
3193.5,111.0
3193.75,111.0
3194.0,112.0
3194.25,112.0
3194.5,112.0
3194.75,112.0
3195.0,112.25
3195.25,112.25
3195.5,114.0
3195.75,114.0
3196.0,114.0
3196.25,114.0
3196.5,118.0
3196.75,118.0
3197.0,117.75
3197.25,117.75
3197.5,118.5
3197.75,118.5
3198.0,117.75
3198.25,117.75
3198.5,117.75
3198.75,115.75
3199.0,115.75
3199.25,113.25
3199.5,113.25
3199.75,110.0
3200.0,110.0
3200.25,108.25
3200.5,108.25
3200.75,106.75
3201.0,106.75
3201.25,106.75
3201.5,105.75
3201.75,105.75
3202.0,107.25
3202.25,107.25
3202.5,106.75
3202.75,106.75
3203.0,108.0
3203.25,108.0
3203.5,108.0
3203.75,107.5
3204.0,107.5
3204.25,109.0
3204.5,109.0
3204.75,108.75
3205.0,108.75
3205.25,109.0
3205.5,109.0
3205.75,112.0
3206.0,112.0
3206.25,114.0
3206.5,114.0
3206.75,115.5
3207.0,115.5
3207.25,115.5
3207.5,117.25
3207.75,117.25
3208.0,117.75
3208.25,117.75
3208.5,118.5
3208.75,118.5
3209.0,121.0
3209.25,121.0
3209.5,120.0
3209.75,120.0
3210.0,121.0
3210.25,121.0
3210.5,121.0
3210.75,121.0
3211.0,117.75
3211.25,117.75
3211.5,117.75
3211.75,119.0
3212.0,117.75
3212.25,117.75
3212.5,115.5
3212.75,115.5
3213.0,117.25
3213.25,117.25
3213.5,117.25
3213.75,117.25
3214.0,118.5
3214.25,118.5
3214.5,119.5
3214.75,119.5
3215.0,121.5
3215.25,121.5
3215.5,121.5
3215.75,122.0
3216.0,123.0
3216.25,123.0
3216.5,124.5
3216.75,124.5
3217.0,126.0
3217.25,129.25
3217.5,129.25
3217.75,132.25
3218.0,132.25
3218.25,133.25
3218.5,133.25
3218.75,137.0
3219.0,137.0
3219.25,139.0
3219.5,139.0
3219.75,139.0
3220.0,138.25
3220.25,138.25
3220.5,134.5
3220.75,134.5
3221.0,135.25
3221.25,132.25
3221.5,132.25
3221.75,131.0
3222.0,131.0
3222.25,128.25
3222.5,128.25
3222.75,131.0
3223.0,131.0
3223.25,134.0
3223.5,135.75
3223.75,135.75
3224.0,137.0
3224.25,137.0
3224.5,137.5
3224.75,137.5
3225.0,136.25
3225.25,134.5
3225.5,134.5
3225.75,137.0
3226.0,137.0
3226.25,139.5
3226.5,139.5
3226.75,142.25
3227.0,143.5
3227.25,143.5
3227.5,144.25
3227.75,144.25
3228.0,141.5
3228.25,137.0
3228.5,137.0
3228.75,134.0
3229.0,134.0
3229.25,134.5
3229.5,134.5
3229.75,132.25
3230.0,132.25
3230.25,129.25
3230.5,129.25
3230.75,126.0
3231.0,126.0
3231.25,121.0
3231.5,127.0
3231.75,127.0
3232.0,133.25
3232.25,133.25
3232.5,134.5
3232.75,134.5
3233.0,135.25
3233.25,135.25
3233.5,131.0
3233.75,131.0
3234.0,129.25
3234.25,124.0
3234.5,124.0
3234.75,122.5
3235.0,122.5
3235.25,118.0
3235.5,118.0
3235.75,118.0
3236.0,114.0
3236.25,114.0
3236.5,113.25
3236.75,113.25
3237.0,113.75
3237.25,113.75
3237.5,113.75
3237.75,113.75
3238.0,113.25
3238.25,113.25
3238.5,113.25
3238.75,113.25
3239.0,113.75
3239.25,113.75
3239.5,114.0
3239.75,114.0
3240.0,118.5
3240.25,118.5
3240.5,118.5
3240.75,119.5
3241.0,127.0
3241.25,127.0
3241.5,132.75
3241.75,132.75
3242.0,134.5
3242.25,134.5
3242.5,134.5
3242.75,132.75
3243.0,132.75
3243.25,133.25
3243.5,133.25
3243.75,129.25
3244.0,129.25
3244.25,125.5
3244.5,125.5
3244.75,122.0
3245.0,122.0
3245.25,119.5
3245.5,119.5
3245.75,117.25
3246.0,117.25
3246.25,114.5
3246.5,114.5
3246.75,113.75
3247.0,113.75
3247.25,114.0
3247.5,114.0
3247.75,112.25
3248.0,112.25
3248.25,112.25
3248.5,114.5
3248.75,114.5
3249.0,115.5
3249.25,115.5
3249.5,116.25
3249.75,116.25
3250.0,116.75
3250.25,116.75
3250.5,112.75
3250.75,112.75
3251.0,118.0
3251.25,118.0
3251.5,120.5
3251.75,120.5
3252.0,120.0
3252.25,120.0
3252.5,120.0
3252.75,120.5
3253.0,119.0
3253.25,119.0
3253.5,118.0
3253.75,118.0
3254.0,120.5
3254.25,120.5
3254.5,124.0
3254.75,124.0
3255.0,125.5
3255.25,125.5
3255.5,124.5
3255.75,124.5
3256.0,125.0
3256.25,125.0
3256.5,123.5
3256.75,123.5
3257.0,123.5
3257.25,124.0
3257.5,124.0
3257.75,122.5
3258.0,122.5
3258.25,123.5
3258.5,123.5
3258.75,124.0
3259.0,124.0
3259.25,125.0
3259.5,125.0
3259.75,124.5
3260.0,124.5
3260.25,124.5
3260.5,124.5
3260.75,124.0
3261.0,124.0
3261.25,124.5
3261.5,124.5
3261.75,123.5
3262.0,123.5
3262.25,124.0
3262.5,124.0
3262.75,122.5
3263.0,122.5
3263.25,125.5
3263.5,125.5
3263.75,126.5
3264.0,131.0
3264.25,131.0
3264.5,135.25
3264.75,135.25
3265.0,135.75
3265.25,135.75
3265.5,134.5
3265.75,134.5
3266.0,131.0
3266.25,129.75
3266.5,129.75
3266.75,127.75
3267.0,127.75
3267.25,124.5
3267.5,124.5
3267.75,123.5
3268.0,123.5
3268.25,122.0
3268.5,122.0
3268.75,122.5
3269.0,122.5
3269.25,122.0
3269.5,122.0
3269.75,124.0
3270.0,124.0
3270.25,123.0
3270.5,123.0
3270.75,124.0
3271.0,124.0
3271.25,125.0
3271.5,125.0
3271.75,125.5
3272.0,125.5
3272.25,126.0
3272.5,126.0
3272.75,127.0
3273.0,129.25
3273.25,129.25
3273.5,127.75
3273.75,127.75
3274.0,126.5
3274.25,126.5
3274.5,125.0
3274.75,125.0
3275.0,125.0
3275.25,125.0
3275.5,123.5
3275.75,123.5
3276.0,123.0
3276.25,123.0
3276.5,122.0
3276.75,122.0
3277.0,123.5
3277.25,123.5
3277.5,123.5
3277.75,123.5
3278.0,124.0
3278.25,124.0
3278.5,123.0
3278.75,123.0
3279.0,125.0
3279.25,126.0
3279.5,126.0
3279.75,124.5
3280.0,124.5
3280.25,124.0
3280.5,124.0
3280.75,124.5
3281.0,124.5
3281.25,124.5
3281.5,124.5
3281.75,123.5
3282.0,123.5
3282.25,125.0
3282.5,125.0
3282.75,125.5
3283.0,125.5
3283.25,127.75
3283.5,127.75
3283.75,128.25
3284.0,128.25
3284.25,129.25
3284.5,128.75
3284.75,128.75
3285.0,130.5
3285.25,130.5
3285.5,130.5
3285.75,134.0
3286.0,135.25
3286.25,135.25
3286.5,135.25
3286.75,132.75
3287.0,132.75
3287.25,130.5
3287.5,130.5
3287.75,126.5
3288.0,126.5
3288.25,126.0
3288.5,126.0
3288.75,125.5
3289.0,125.5
3289.25,124.0
3289.5,124.0
3289.75,122.5
3290.0,122.5
3290.25,122.5
3290.5,122.5
3290.75,120.5
3291.0,120.5
3291.25,121.5
3291.5,121.5
3291.75,129.75
3292.0,133.25
3292.25,133.25
3292.5,136.25
3292.75,136.25
3293.0,137.0
3293.25,137.0
3293.5,137.0
3293.75,135.25
3294.0,130.5
3294.25,130.5
3294.5,124.5
3294.75,124.5
3295.0,115.0
3295.25,115.0
3295.5,115.0
3295.75,112.0
3296.0,111.5
3296.25,111.5
3296.5,111.5
3296.75,113.75
3297.0,112.0
3297.25,112.0
3297.5,115.0
3297.75,115.0
3298.0,115.5
3298.25,115.5
3298.5,112.75
3298.75,112.75
3299.0,112.75
3299.25,112.0
3299.5,112.0
3299.75,111.5
3300.0,111.5
3300.25,110.0
3300.5,110.0
3300.75,111.5
3301.0,111.5
3301.25,111.0
3301.5,111.0
3301.75,112.25
3302.0,112.25
3302.25,116.25
3302.5,116.25
3302.75,116.25
3303.0,114.5
3303.25,114.5
3303.5,115.75
3303.75,115.75
3304.0,116.75
3304.25,116.75
3304.5,119.5
3304.75,119.5
3305.0,122.5
3305.25,122.5
3305.5,122.5
3305.75,122.5
3306.0,124.5
3306.25,125.0
3306.5,125.0
3306.75,125.0
3307.0,125.0
3307.25,124.5
3307.5,124.5
3307.75,122.5
3308.0,122.5
3308.25,118.5
3308.5,118.5
3308.75,114.0
3309.0,114.0
3309.25,114.0
3309.5,109.5
3309.75,109.5
3310.0,106.0
3310.25,106.0
3310.5,101.75
3310.75,101.75
3311.0,101.75
3311.25,104.25
3311.5,104.25
3311.75,105.25
3312.0,105.25
3312.25,107.25
3312.5,107.25
3312.75,106.75
3313.0,106.75
3313.25,106.75
3313.5,106.75
3313.75,106.75
3314.0,105.75
3314.25,105.75
3314.5,103.75
3314.75,103.75
3315.0,102.0
3315.25,102.0
3315.5,102.0
3315.75,101.75
3316.0,101.75
3316.25,101.25
3316.5,101.25
3316.75,101.25
3317.0,102.0
3317.25,102.0
3317.5,101.25
3317.75,101.25
3318.0,101.75
3318.25,101.75
3318.5,101.75
3318.75,103.75
3319.0,103.75
3319.25,108.0
3319.5,108.0
3319.75,115.0
3320.0,115.0
3320.25,124.0
3320.5,124.0
3320.75,126.5
3321.0,126.5
3321.25,127.75
3321.5,127.75
3321.75,124.5
3322.0,124.5
3322.25,118.5
3322.5,118.5
3322.75,110.75
3323.0,110.75
3323.25,104.5
3323.5,104.5
3323.75,96.75
3324.0,96.75
3324.25,96.75
3324.5,99.25
3324.75,99.25
3325.0,100.75
3325.25,100.75
3325.5,100.75
3325.75,101.25
3326.0,101.25
3326.25,100.0
3326.5,100.0
3326.75,99.75
3327.0,99.75
3327.25,99.75
3327.5,99.75
3327.75,99.0
3328.0,99.25
3328.25,99.25
3328.5,99.25
3328.75,99.25
3329.0,99.25
3329.25,99.0
3329.5,99.0
3329.75,99.0
3330.0,100.75
3330.25,100.75
3330.5,100.75
3330.75,100.25
3331.0,101.0
3331.25,101.0
3331.5,101.0
3331.75,101.75
3332.0,101.75
3332.25,102.0
3332.5,102.0
3332.75,101.75
3333.0,101.75
3333.25,101.75
3333.5,102.5
3333.75,102.5
3334.0,102.75
3334.25,102.75
3334.5,103.75
3334.75,103.75
3335.0,103.75
3335.25,108.25
3335.5,108.25
3335.75,112.75
3336.0,112.75
3336.25,112.25
3336.5,112.25
3336.75,111.5
3337.0,111.5
3337.25,109.5
3337.5,109.5
3337.75,110.75
3338.0,110.75
3338.25,110.75
3338.5,108.25
3338.75,108.25
3339.0,108.25
3339.25,108.25
3339.5,107.25
3339.75,107.25
3340.0,108.0
3340.25,108.0
3340.5,109.5
3340.75,109.5
3341.0,109.5
3341.25,112.75
3341.5,112.75
3341.75,112.25
3342.0,112.25
3342.25,113.25
3342.5,113.25
3342.75,115.75
3343.0,115.75
3343.25,116.25
3343.5,116.25
3343.75,117.75
3344.0,117.75
3344.25,118.0
3344.5,118.0
3344.75,118.0
3345.0,118.0
3345.25,119.0
3345.5,119.0
3345.75,117.25
3346.0,117.25
3346.25,115.75
3346.5,115.75
3346.75,116.75
3347.0,116.75
3347.25,112.25
3347.5,112.25
3347.75,114.5
3348.0,114.5
3348.25,114.5
3348.5,113.75
3348.75,113.75
3349.0,117.25
3349.25,117.25
3349.5,119.0
3349.75,119.0
3350.0,120.0
3350.25,120.0
3350.5,121.5
3350.75,121.5
3351.0,120.0
3351.25,120.0
3351.5,120.0
3351.75,120.0
3352.0,120.0
3352.25,120.0
3352.5,117.25
3352.75,117.25
3353.0,115.75
3353.25,115.75
3353.5,113.25
3353.75,113.25
3354.0,112.0
3354.25,112.0
3354.5,115.5
3354.75,115.5
3355.0,117.25
3355.25,117.25
3355.5,118.5
3355.75,118.5
3356.0,118.5
3356.25,118.5
3356.5,120.0
3356.75,120.0
3357.0,120.5
3357.25,120.5
3357.5,120.0
3357.75,120.0
3358.0,119.5
3358.25,119.5
3358.5,119.0
3358.75,119.0
3359.0,119.0
3359.25,119.0
3359.5,118.5
3359.75,118.5
3360.0,116.75
3360.25,116.75
3360.5,117.25
3360.75,117.25
3361.0,117.25
3361.25,117.25
3361.5,121.0
3361.75,121.0
3362.0,120.5
3362.25,120.5
3362.5,120.5
3362.75,122.5
3363.0,120.5
3363.25,120.5
3363.5,120.0
3363.75,120.0
3364.0,121.0
3364.25,121.0
3364.5,121.0
3364.75,121.0
3365.0,122.0
3365.25,122.0
3365.5,122.0
3365.75,122.0
3366.0,122.0
3366.25,122.0
3366.5,122.0
3366.75,122.0
3367.0,124.0
3367.25,124.0
3367.5,123.5
3367.75,123.5
3368.0,125.5
3368.25,125.5
3368.5,129.75
3368.75,129.75
3369.0,131.0
3369.25,131.5
3369.5,131.5
3369.75,131.0
3370.0,131.0
3370.25,129.25
3370.5,129.25
3370.75,125.5
3371.0,125.5
3371.25,125.5
3371.5,125.5
3371.75,124.0
3372.0,124.0
3372.25,123.0
3372.5,123.0
3372.75,121.0
3373.0,121.0
3373.25,120.5
3373.5,120.5
3373.75,121.5
3374.0,121.5
3374.25,120.0
3374.5,120.0
3374.75,121.0
3375.0,121.0
3375.25,121.5
3375.5,121.5
3375.75,121.0
3376.0,121.0
3376.25,122.5
3376.5,122.5
3376.75,122.5
3377.0,122.5
3377.25,125.0
3377.5,125.0
3377.75,125.0
3378.0,125.5
3378.25,125.5
3378.5,125.5
3378.75,125.5
3379.0,125.5
3379.25,125.5
3379.5,125.0
3379.75,125.0
3380.0,125.0
3380.25,125.0
3380.5,125.0
3380.75,125.0
3381.0,126.5
3381.25,126.5
3381.5,126.0
3381.75,126.0
3382.0,126.5
3382.25,126.5
3382.5,124.5
3382.75,124.5
3383.0,125.5
3383.25,127.75
3383.5,127.75
3383.75,127.0
3384.0,127.0
3384.25,128.25
3384.5,128.25
3384.75,128.25
3385.0,128.25
3385.25,128.75
3385.5,128.75
3385.75,127.0
3386.0,127.0
3386.25,126.5
3386.5,126.5
3386.75,127.75
3387.0,127.0
3387.25,127.0
3387.5,126.0
3387.75,126.0
3388.0,126.0
3388.25,126.0
3388.5,126.0
3388.75,124.5
3389.0,125.0
3389.25,125.0
3389.5,123.5
3389.75,123.5
3390.0,122.5
3390.25,122.5
3390.5,123.5
3390.75,123.5
3391.0,121.5
3391.25,121.5
3391.5,122.5
3391.75,122.5
3392.0,126.0
3392.25,126.0
3392.5,128.25
3392.75,128.25
3393.0,129.75
3393.25,131.0
3393.5,131.0
3393.75,132.25
3394.0,132.25
3394.25,130.5
3394.5,130.5
3394.75,130.5
3395.0,130.5
3395.25,128.75
3395.5,128.75
3395.75,126.0
3396.0,126.0
3396.25,125.5
3396.5,124.5
3396.75,124.5
3397.0,123.0
3397.25,123.0
3397.5,123.0
3397.75,123.5
3398.0,122.5
3398.25,122.5
3398.5,122.5
3398.75,122.5
3399.0,123.0
3399.25,123.0
3399.5,124.0
3399.75,124.0
3400.0,127.0
3400.25,127.0
3400.5,127.75
3400.75,127.75
3401.0,128.25
3401.25,128.25
3401.5,128.75
3401.75,128.75
3402.0,126.5
3402.25,126.5
3402.5,126.0
3402.75,127.0
3403.0,127.0
3403.25,124.0
3403.5,124.0
3403.75,124.0
3404.0,124.0
3404.25,124.0
3404.5,124.0
3404.75,124.5
3405.0,124.5
3405.25,124.5
3405.5,124.5
3405.75,123.0
3406.0,123.0
3406.25,124.0
3406.5,124.0
3406.75,124.0
3407.0,124.0
3407.25,124.0
3407.5,124.0
3407.75,124.0
3408.0,124.0
3408.25,125.5
3408.5,125.5
3408.75,127.0
3409.0,128.25
3409.25,128.25
3409.5,127.75
3409.75,127.75
3410.0,127.0
3410.25,127.0
3410.5,127.75
3410.75,127.75
3411.0,126.5
3411.25,126.5
3411.5,126.5
3411.75,126.5
3412.0,127.75
3412.25,127.75
3412.5,128.25
3412.75,128.75
3413.0,128.75
3413.25,130.5
3413.5,130.5
3413.75,131.5
3414.0,131.5
3414.25,131.5
3414.5,131.5
3414.75,132.25
3415.0,132.25
3415.25,132.25
3415.5,131.0
3415.75,131.0
3416.0,130.5
3416.25,130.5
3416.5,129.25
3416.75,129.25
3417.0,127.75
3417.25,127.75
3417.5,127.75
3417.75,127.75
3418.0,128.25
3418.25,128.25
3418.5,129.75
3418.75,127.75
3419.0,127.75
3419.25,127.0
3419.5,127.0
3419.75,126.5
3420.0,126.5
3420.25,129.25
3420.5,129.25
3420.75,127.75
3421.0,127.75
3421.25,129.25
3421.5,129.25
3421.75,128.25
3422.0,128.25
3422.25,128.25
3422.5,127.0
3422.75,127.0
3423.0,127.0
3423.25,127.0
3423.5,126.5
3423.75,126.5
3424.0,128.75
3424.25,128.75
3424.5,128.25
3424.75,128.25
3425.0,130.5
3425.25,130.5
3425.5,132.25
3425.75,133.25
3426.0,133.25
3426.25,133.25
3426.5,133.25
3426.75,134.5
3427.0,134.5
3427.25,135.25
3427.5,135.25
3427.75,137.5
3428.0,139.0
3428.25,139.0
3428.5,138.25
3428.75,138.25
3429.0,137.5
3429.25,137.5
3429.5,135.75
3429.75,134.5
3430.0,134.5
3430.25,131.0
3430.5,131.0
3430.75,129.75
3431.0,129.75
3431.25,127.0
3431.5,127.0
3431.75,126.5
3432.0,126.5
3432.25,127.0
3432.5,127.0
3432.75,127.0
3433.0,128.25
3433.25,128.25
3433.5,128.75
3433.75,128.75
3434.0,131.0
3434.25,131.0
3434.5,131.5
3434.75,131.5
3435.0,130.5
3435.25,130.5
3435.5,130.5
3435.75,134.5
3436.0,137.0
3436.25,139.5
3436.5,139.5
3436.75,140.75
3437.0,142.25
3437.25,142.25
3437.5,145.0
3437.75,145.0
3438.0,145.75
3438.25,147.75
3438.5,147.75
3438.75,149.25
3439.0,149.25
3439.25,150.0
3439.5,151.5
3439.75,151.5
3440.0,152.25
3440.25,153.0
3440.5,153.0
3440.75,153.0
3441.0,153.75
3441.25,153.75
3441.5,150.75
3441.75,150.75
3442.0,143.5
3442.25,143.5
3442.5,132.75
3442.75,123.5
3443.0,123.5
3443.25,118.0
3443.5,118.0
3443.75,118.0
3444.0,115.75
3444.25,115.75
3444.5,113.25
3444.75,113.25
3445.0,111.0
3445.25,111.0
3445.5,110.25
3445.75,110.25
3446.0,110.0
3446.25,110.0
3446.5,109.5
3446.75,109.5
3447.0,109.5
3447.25,109.5
3447.5,109.5
3447.75,108.25
3448.0,108.25
3448.25,108.0
3448.5,108.0
3448.75,108.0
3449.0,108.0
3449.25,108.0
3449.5,106.75
3449.75,106.75
3450.0,107.25
3450.25,107.25
3450.5,106.5
3450.75,106.5
3451.0,106.75
3451.25,106.75
3451.5,106.75
3451.75,106.75
3452.0,106.75
3452.25,107.25
3452.5,107.25
3452.75,107.25
3453.0,107.25
3453.25,108.25
3453.5,108.25
3453.75,110.25
3454.0,110.25
3454.25,115.75
3454.5,115.75
3454.75,115.75
3455.0,115.75
3455.25,115.75
3455.5,117.25
3455.75,117.25
3456.0,115.75
3456.25,115.75
3456.5,115.75
3456.75,115.75
3457.0,114.5
3457.25,114.5
3457.5,115.5
3457.75,115.5
3458.0,115.0
3458.25,115.0
3458.5,115.0
3458.75,115.0
3459.0,115.5
3459.25,115.5
3459.5,114.5
3459.75,114.5
3460.0,115.5
3460.25,115.5
3460.5,115.0
3460.75,115.0
3461.0,117.75
3461.25,117.75
3461.5,117.75
3461.75,115.75
3462.0,115.75
3462.25,113.75
3462.5,113.75
3462.75,115.0
3463.0,115.0
3463.25,115.75
3463.5,115.75
3463.75,118.0
3464.0,118.0
3464.25,118.5
3464.5,118.5
3464.75,116.25
3465.0,116.25
3465.25,115.5
3465.5,115.5
3465.75,115.75
3466.0,115.75
3466.25,116.25
3466.5,116.25
3466.75,115.75
3467.0,115.75
3467.25,117.25
3467.5,117.25
3467.75,119.0
3468.0,119.0
3468.25,120.0
3468.5,120.0
3468.75,120.5
3469.0,120.5
3469.25,120.5
3469.5,120.5
3469.75,118.0
3470.0,118.0
3470.25,118.0
3470.5,118.0
3470.75,118.0
3471.0,118.0
3471.25,117.75
3471.5,117.75
3471.75,118.0
3472.0,118.0
3472.25,118.0
3472.5,118.0
3472.75,117.75
3473.0,117.75
3473.25,117.75
3473.5,117.25
3473.75,117.25
3474.0,119.5
3474.25,119.5
3474.5,120.5
3474.75,120.5
3475.0,120.5
3475.25,120.5
3475.5,119.5
3475.75,122.0
3476.0,122.0
3476.25,120.0
3476.5,120.0
3476.75,120.0
3477.0,120.0
3477.25,121.0
3477.5,121.0
3477.75,123.0
3478.0,123.0
3478.25,123.5
3478.5,123.5
3478.75,123.5
3479.0,123.5
3479.25,123.0
3479.5,123.0
3479.75,121.0
3480.0,121.0
3480.25,123.0
3480.5,123.0
3480.75,122.5
3481.0,122.5
3481.25,123.5
3481.5,123.5
3481.75,124.0
3482.0,124.0
3482.25,125.0
3482.5,125.0
3482.75,124.0
3483.0,124.0
3483.25,123.5
3483.5,123.5
3483.75,125.0
3484.0,125.0
3484.25,123.0
3484.5,123.0
3484.75,123.0
3485.0,123.0
3485.25,121.5
3485.5,121.5
3485.75,125.5
3486.0,129.25
3486.25,129.25
3486.5,130.5
3486.75,130.5
3487.0,131.5
3487.25,131.5
3487.5,131.5
3487.75,131.5
3488.0,129.75
3488.25,129.75
3488.5,128.25
3488.75,128.25
3489.0,126.5
3489.25,123.5
3489.5,123.5
3489.75,121.5
3490.0,121.5
3490.25,119.5
3490.5,119.5
3490.75,120.5
3491.0,120.5
3491.25,121.0
3491.5,121.0
3491.75,121.5
3492.0,121.5
3492.25,122.0
3492.5,122.0
3492.75,121.5
3493.0,121.5
3493.25,122.0
3493.5,122.0
3493.75,123.0
3494.0,123.0
3494.25,123.5
3494.5,123.5
3494.75,123.5
3495.0,123.5
3495.25,126.5
3495.5,126.5
3495.75,128.75
3496.0,128.75
3496.25,128.25
3496.5,128.25
3496.75,129.75
3497.0,128.75
3497.25,128.75
3497.5,129.75
3497.75,129.75
3498.0,129.75
3498.25,129.75
3498.5,131.0
3498.75,131.0
3499.0,132.75
3499.25,132.75
3499.5,130.5
3499.75,130.5
3500.0,130.5
3500.25,129.25
3500.5,129.25
3500.75,128.75
3501.0,128.75
3501.25,127.75
3501.5,127.75
3501.75,127.75
3502.0,127.75
3502.25,127.0
3502.5,127.0
3502.75,127.0
3503.0,127.0
3503.25,126.5
3503.5,126.5
3503.75,127.75
3504.0,127.75
3504.25,127.75
3504.5,126.0
3504.75,126.0
3505.0,126.5
3505.25,126.5
3505.5,126.0
3505.75,126.0
3506.0,126.5
3506.25,126.5
3506.5,126.5
3506.75,127.75
3507.0,127.75
3507.25,127.75
3507.5,127.75
3507.75,127.75
3508.0,128.75
3508.25,128.25
3508.5,128.25
3508.75,128.75
3509.0,128.75
3509.25,128.25
3509.5,128.25
3509.75,127.75
3510.0,127.75
3510.25,126.5
3510.5,126.5
3510.75,127.75
3511.0,127.75
3511.25,127.0
3511.5,127.0
3511.75,128.25
3512.0,126.5
3512.25,126.5
3512.5,129.25
3512.75,129.25
3513.0,129.25
3513.25,129.25
3513.5,132.25
3513.75,132.25
3514.0,132.25
3514.25,132.25
3514.5,131.5
3514.75,129.75
3515.0,129.75
3515.25,128.75
3515.5,128.75
3515.75,128.25
3516.0,128.25
3516.25,128.75
3516.5,128.75
3516.75,127.0
3517.0,127.0
3517.25,126.0
3517.5,126.0
3517.75,127.0
3518.0,127.0
3518.25,127.75
3518.5,127.75
3518.75,125.5
3519.0,125.5
3519.25,125.5
3519.5,127.75
3519.75,127.75
3520.0,131.0
3520.25,131.0
3520.5,131.0
3520.75,131.0
3521.0,131.0
3521.25,131.0
3521.5,131.0
3521.75,131.0
3522.0,129.75
3522.25,129.25
3522.5,129.25
3522.75,130.5
3523.0,130.5
3523.25,129.25
3523.5,129.25
3523.75,130.5
3524.0,130.5
3524.25,130.5
3524.5,130.5
3524.75,129.75
3525.0,131.0
3525.25,131.0
3525.5,130.5
3525.75,130.5
3526.0,131.0
3526.25,131.0
3526.5,129.25
3526.75,129.25
3527.0,129.25
3527.25,129.25
3527.5,131.0
3527.75,132.25
3528.0,132.25
3528.25,132.25
3528.5,132.25
3528.75,131.0
3529.0,131.0
3529.25,132.25
3529.5,132.25
3529.75,131.0
3530.0,131.0
3530.25,131.0
3530.5,131.5
3530.75,131.5
3531.0,130.5
3531.25,130.5
3531.5,131.0
3531.75,131.0
3532.0,131.0
3532.25,131.0
3532.5,130.5
3532.75,130.5
3533.0,128.75
3533.25,131.0
3533.5,131.0
3533.75,129.75
3534.0,129.75
3534.25,131.5
3534.5,131.5
3534.75,131.5
3535.0,131.5
3535.25,130.5
3535.5,130.5
3535.75,131.0
3536.0,131.5
3536.25,131.5
3536.5,132.75
3536.75,132.75
3537.0,134.0
3537.25,134.0
3537.5,132.75
3537.75,132.75
3538.0,132.75
3538.25,134.0
3538.5,134.0
3538.75,132.25
3539.0,132.25
3539.25,132.75
3539.5,132.75
3539.75,134.5
3540.0,134.5
3540.25,134.0
3540.5,134.5
3540.75,134.5
3541.0,134.0
3541.25,134.0
3541.5,133.25
3541.75,133.25
3542.0,134.0
3542.25,134.0
3542.5,132.75
3542.75,131.5
3543.0,131.5
3543.25,130.5
3543.5,130.5
3543.75,130.5
3544.0,130.5
3544.25,130.5
3544.5,130.5
3544.75,130.5
3545.0,130.5
3545.25,132.25
3545.5,132.25
3545.75,132.25
3546.0,134.5
3546.25,134.5
3546.5,135.25
3546.75,135.25
3547.0,134.5
3547.25,134.5
3547.5,134.5
3547.75,134.0
3548.0,134.0
3548.25,133.25
3548.5,133.25
3548.75,133.25
3549.0,133.25
3549.25,134.0
3549.5,134.0
3549.75,134.5
3550.0,134.0
3550.25,134.0
3550.5,132.75
3550.75,132.75
3551.0,133.25
3551.25,133.25
3551.5,132.75
3551.75,132.75
3552.0,133.25
3552.25,132.25
3552.5,132.25
3552.75,133.25
3553.0,133.25
3553.25,133.25
3553.5,133.25
3553.75,135.75
3554.0,135.25
3554.25,135.25
3554.5,135.25
3554.75,135.25
3555.0,134.5
3555.25,134.5
3555.5,133.25
3555.75,133.25
3556.0,132.75
3556.25,132.25
3556.5,132.25
3556.75,133.25
3557.0,133.25
3557.25,132.25
3557.5,132.25
3557.75,133.25
3558.0,133.25
3558.25,132.75
3558.5,132.75
3558.75,132.25
3559.0,131.0
3559.25,131.0
3559.5,131.0
3559.75,131.0
3560.0,132.75
3560.25,132.75
3560.5,131.0
3560.75,131.0
3561.0,131.5
3561.25,133.25
3561.5,133.25
3561.75,134.0
3562.0,134.0
3562.25,135.25
3562.5,135.25
3562.75,134.5
3563.0,134.5
3563.25,134.0
3563.5,134.0
3563.75,134.0
3564.0,132.75
3564.25,132.75
3564.5,132.25
3564.75,132.25
3565.0,132.75
3565.25,132.75
3565.5,132.75
3565.75,132.25
3566.0,132.25
3566.25,132.75
3566.5,132.75
3566.75,132.25
3567.0,132.25
3567.25,131.5
3567.5,131.5
3567.75,132.25
3568.0,132.25
3568.25,131.0
3568.5,131.0
3568.75,131.0
3569.0,132.25
3569.25,132.25
3569.5,133.25
3569.75,133.25
3570.0,133.25
3570.25,133.25
3570.5,134.5
3570.75,133.25
3571.0,133.25
3571.25,132.75
3571.5,132.75
3571.75,132.75
3572.0,132.75
3572.25,132.25
3572.5,132.25
3572.75,132.75
3573.0,132.25
3573.25,132.25
3573.5,132.75
3573.75,132.75
3574.0,133.25
3574.25,133.25
3574.5,131.5
3574.75,131.5
3575.0,134.0
3575.25,131.5
3575.5,131.5
3575.75,132.75
3576.0,132.75
3576.25,133.25
3576.5,133.25
3576.75,132.75
3577.0,132.75
3577.25,134.0
3577.5,134.0
3577.75,134.0
3578.0,132.75
3578.25,132.75
3578.5,132.75
3578.75,134.0
3579.0,134.5
3579.25,134.5
3579.5,135.25
3579.75,133.25
3580.0,133.25
3580.25,133.25
3580.5,133.25
3580.75,132.75
3581.0,132.75
3581.25,132.25
3581.5,132.25
3581.75,132.25
3582.0,133.25
3582.25,133.25
3582.5,133.25
3582.75,132.75
3583.0,132.25
3583.25,132.25
3583.5,132.75
3583.75,132.75
3584.0,131.0
3584.25,131.0
3584.5,132.75
3584.75,133.25
3585.0,133.25
3585.25,134.0
3585.5,134.0
3585.75,134.5
3586.0,134.5
3586.25,134.0
3586.5,134.0
3586.75,133.25
3587.0,133.25
3587.25,133.25
3587.5,133.25
3587.75,133.25
3588.0,132.75
3588.25,132.75
3588.5,131.5
3588.75,131.5
3589.0,131.5
3589.25,131.5
3589.5,131.5
3589.75,132.75
3590.0,132.75
3590.25,132.75
3590.5,132.75
3590.75,134.0
3591.0,134.0
3591.25,134.0
3591.5,134.5
3591.75,134.5
3592.0,133.25
3592.25,133.25
3592.5,132.75
3592.75,132.75
3593.0,131.5
3593.25,131.5
3593.5,131.5
3593.75,131.5
3594.0,131.5
3594.25,129.75
3594.5,129.75
3594.75,129.25
3595.0,129.25
3595.25,129.25
3595.5,129.25
3595.75,129.25
3596.0,129.25
3596.25,127.75
3596.5,127.75
3596.75,129.75
3597.0,132.75
3597.25,132.75
3597.5,134.5
3597.75,134.5
3598.0,136.25
3598.25,136.25
3598.5,135.75
3598.75,136.25
3599.0,136.25
3599.25,135.75
3599.5,135.75
3599.75,135.25
3600.0,135.25
3600.25,134.0
3600.5,134.0
3600.75,135.25
3601.0,132.75
3601.25,132.75
3601.5,132.75
3601.75,132.75
3602.0,132.25
3602.25,132.25
3602.5,132.25
3602.75,132.25
3603.0,132.25
3603.25,132.75
3603.5,132.75
3603.75,133.25
3604.0,133.25
3604.25,132.25
3604.5,132.25
3604.75,133.25
3605.0,133.25
3605.25,133.25
3605.5,132.25
3605.75,132.25
3606.0,132.25
3606.25,132.25
3606.5,132.25
3606.75,132.25
3607.0,130.5
3607.25,130.5
3607.5,131.5
3607.75,131.5
3608.0,133.25
3608.25,132.25
3608.5,132.25
3608.75,131.0
3609.0,131.0
3609.25,130.5
3609.5,130.5
3609.75,128.25
3610.0,128.25
3610.25,126.5
3610.5,126.5
3610.75,124.5
3611.0,124.5
3611.25,122.0
3611.5,122.0
3611.75,120.0
3612.0,120.0
3612.25,119.0
3612.5,119.0
3612.75,118.5
3613.0,118.5
3613.25,117.25
3613.5,117.25
3613.75,117.25
3614.0,117.25
3614.25,117.75
3614.5,117.75
3614.75,118.5
3615.0,118.5
3615.25,119.0
3615.5,119.0
3615.75,121.5
3616.0,121.5
3616.25,120.0
3616.5,120.0
3616.75,117.25
3617.0,117.25
3617.25,114.0
3617.5,114.0
3617.75,112.75
3618.0,112.75
3618.25,109.5
3618.5,109.5
3618.75,109.5
3619.0,108.25
3619.25,108.25
3619.5,107.25
3619.75,107.25
3620.0,105.75
3620.25,105.75
3620.5,106.5
3620.75,106.5
3621.0,106.5
3621.25,106.75
3621.5,106.75
3621.75,108.25
3622.0,108.25
3622.25,109.0
3622.5,109.0
3622.75,109.5
3623.0,109.5
3623.25,111.0
3623.5,111.0
3623.75,111.0
3624.0,114.0
3624.25,114.0
3624.5,114.0
3624.75,117.75
3625.0,118.5
3625.25,118.5
3625.5,123.5
3625.75,128.25
3626.0,128.25
3626.25,131.0
3626.5,131.0
3626.75,131.0
3627.0,131.0
3627.25,127.0
3627.5,127.0
3627.75,125.0
3628.0,125.0
3628.25,120.5
3628.5,120.5
3628.75,119.5
3629.0,119.5
3629.25,115.75
3629.5,115.75
3629.75,113.25
3630.0,113.25
3630.25,111.0
3630.5,111.0
3630.75,111.0
3631.0,111.0
3631.25,111.0
3631.5,111.5
3631.75,111.5
3632.0,111.5
3632.25,111.5
3632.5,114.5
3632.75,114.5
3633.0,114.5
3633.25,114.5
3633.5,115.0
3633.75,115.0
3634.0,117.75
3634.25,117.75
3634.5,116.25
3634.75,116.25
3635.0,117.75
3635.25,117.75
3635.5,119.5
3635.75,119.5
3636.0,118.5
3636.25,118.5
3636.5,118.5
3636.75,118.5
3637.0,117.75
3637.25,117.75
3637.5,117.25
3637.75,117.25
3638.0,117.25
3638.25,117.25
3638.5,117.25
3638.75,115.5
3639.0,113.25
3639.25,113.25
3639.5,113.25
3639.75,110.0
3640.0,110.0
3640.25,111.5
3640.5,111.5
3640.75,111.5
3641.0,111.5
3641.25,110.75
3641.5,110.75
3641.75,111.5
3642.0,111.5
3642.25,110.75
3642.5,110.75
3642.75,110.75
3643.0,109.5
3643.25,109.5
3643.5,108.25
3643.75,108.25
3644.0,108.25
3644.25,108.25
3644.5,108.0
3644.75,108.0
3645.0,108.0
3645.25,108.0
3645.5,108.0
3645.75,108.25
3646.0,108.25
3646.25,107.25
3646.5,107.25
3646.75,108.75
3647.0,108.75
3647.25,108.25
3647.5,108.25
3647.75,108.25
3648.0,109.5
3648.25,109.5
3648.5,112.0
3648.75,112.0
3649.0,114.0
3649.25,114.0
3649.5,117.25
3649.75,117.25
3650.0,115.75
3650.25,115.75
3650.5,115.5
3650.75,115.5
3651.0,114.5
3651.25,114.5
3651.5,116.25
3651.75,116.25
3652.0,115.0
3652.25,115.0
3652.5,116.75
3652.75,116.75
3653.0,119.5
3653.25,119.5
3653.5,118.5
3653.75,118.5
3654.0,117.75
3654.25,117.75
3654.5,119.0
3654.75,119.0
3655.0,119.0
3655.25,119.0
3655.5,118.5
3655.75,118.5
3656.0,118.5
3656.25,119.5
3656.5,119.5
3656.75,116.25
3657.0,116.25
3657.25,116.75
3657.5,116.75
3657.75,116.75
3658.0,116.75
3658.25,120.5
3658.5,120.5
3658.75,122.0
3659.0,122.0
3659.25,122.5
3659.5,122.5
3659.75,122.5
3660.0,122.5
3660.25,119.0
3660.5,119.0
3660.75,116.25
3661.0,116.25
3661.25,113.75
3661.5,113.75
3661.75,114.0
3662.0,114.0
3662.25,112.25
3662.5,112.25
3662.75,110.25
3663.0,110.25
3663.25,110.0
3663.5,110.0
3663.75,114.5
3664.0,114.5
3664.25,121.0
3664.5,121.0
3664.75,121.5
3665.0,121.5
3665.25,120.5
3665.5,120.5
3665.75,121.0
3666.0,121.0
3666.25,123.0
3666.5,123.0
3666.75,123.0
3667.0,123.0
3667.25,122.5
3667.5,122.5
3667.75,122.0
3668.0,122.0
3668.25,121.0
3668.5,121.0
3668.75,122.0
3669.0,122.0
3669.25,122.5
3669.5,122.5
3669.75,122.0
3670.0,122.0
3670.25,121.5
3670.5,121.5
3670.75,121.5
3671.0,121.5
3671.25,121.0
3671.5,121.0
3671.75,123.5
3672.0,123.5
3672.25,121.5
3672.5,121.5
3672.75,121.5
3673.0,121.5
3673.25,121.0
3673.5,121.0
3673.75,121.0
3674.0,121.0
3674.25,123.0
3674.5,123.0
3674.75,125.5
3675.0,125.5
3675.25,126.5
3675.5,126.5
3675.75,125.0
3676.0,125.0
3676.25,124.0
3676.5,124.0
3676.75,124.0
3677.0,123.0
3677.25,123.0
3677.5,123.0
3677.75,123.0
3678.0,123.5
3678.25,123.5
3678.5,123.0
3678.75,123.0
3679.0,121.5
3679.25,121.5
3679.5,123.0
3679.75,123.0
3680.0,124.5
3680.25,124.5
3680.5,126.0
3680.75,126.0
3681.0,124.0
3681.25,124.0
3681.5,124.0
3681.75,124.0
3682.0,121.5
3682.25,121.5
3682.5,121.5
3682.75,121.5
3683.0,121.5
3683.25,121.5
3683.5,120.5
3683.75,120.5
3684.0,121.5
3684.25,121.5
3684.5,121.0
3684.75,121.0
3685.0,123.0
3685.25,123.0
3685.5,122.5
3685.75,122.5
3686.0,124.5
3686.25,124.5
3686.5,125.5
3686.75,128.75
3687.0,128.75
3687.25,129.75
3687.5,129.75
3687.75,129.75
3688.0,129.75
3688.25,128.75
3688.5,128.75
3688.75,129.25
3689.0,129.25
3689.25,129.25
3689.5,129.25
3689.75,127.0
3690.0,125.5
3690.25,125.5
3690.5,124.0
3690.75,124.0
3691.0,124.5
3691.25,124.5
3691.5,123.5
3691.75,123.5
3692.0,125.5
3692.25,125.5
3692.5,126.5
3692.75,126.5
3693.0,125.5
3693.25,125.5
3693.5,125.5
3693.75,125.5
3694.0,127.75
3694.25,127.75
3694.5,126.0
3694.75,126.0
3695.0,124.0
3695.25,124.0
3695.5,123.5
3695.75,125.0
3696.0,125.0
3696.25,125.5
3696.5,125.5
3696.75,125.5
3697.0,125.5
3697.25,126.5
3697.5,126.5
3697.75,126.0
3698.0,126.0
3698.25,127.0
3698.5,127.0
3698.75,126.0
3699.0,126.0
3699.25,129.25
3699.5,129.25
3699.75,127.0
3700.0,127.0
3700.25,127.0
3700.5,125.0
3700.75,125.0
3701.0,123.0
3701.25,123.0
3701.5,123.5
3701.75,123.5
3702.0,123.0
3702.25,123.0
3702.5,125.0
3702.75,125.0
3703.0,129.25
3703.25,129.25
3703.5,129.75
3703.75,129.75
3704.0,129.25
3704.25,129.25
3704.5,127.75
3704.75,127.75
3705.0,125.5
3705.25,124.0
3705.5,124.0
3705.75,123.0
3706.0,123.0
3706.25,121.0
3706.5,121.0
3706.75,120.5
3707.0,120.5
3707.25,120.5
3707.5,120.5
3707.75,122.5
3708.0,122.5
3708.25,122.0
3708.5,122.0
3708.75,122.0
3709.0,122.0
3709.25,122.5
3709.5,122.5
3709.75,122.5
3710.0,122.5
3710.25,124.0
3710.5,124.0
3710.75,125.0
3711.0,125.0
3711.25,124.5
3711.5,124.5
3711.75,126.0
3712.0,126.0
3712.25,127.0
3712.5,127.0
3712.75,129.25
3713.0,129.25
3713.25,128.25
3713.5,132.25
3713.75,132.25
3714.0,131.5
3714.25,131.5
3714.5,131.0
3714.75,131.0
3715.0,131.0
3715.25,131.0
3715.5,131.0
3715.75,132.25
3716.0,131.5
3716.25,130.5
3716.5,130.5
3716.75,129.75
3717.0,129.75
3717.25,126.0
3717.5,126.0
3717.75,123.5
3718.0,123.5
3718.25,122.5
3718.5,122.5
3718.75,120.0
3719.0,120.0
3719.25,119.0
3719.5,119.0
3719.75,117.75
3720.0,117.75
3720.25,118.0
3720.5,118.0
3720.75,117.25
3721.0,117.25
3721.25,116.75
3721.5,116.75
3721.75,117.25
3722.0,117.25
3722.25,120.0
3722.5,120.0
3722.75,121.0
3723.0,121.0
3723.25,118.5
3723.5,118.5
3723.75,120.5
3724.0,120.5
3724.25,121.0
3724.5,121.0
3724.75,120.0
3725.0,120.0
3725.25,121.0
3725.5,121.0
3725.75,122.0
3726.0,122.0
3726.25,123.0
3726.5,123.0
3726.75,123.0
3727.0,123.0
3727.25,125.5
3727.5,125.5
3727.75,127.0
3728.0,127.0
3728.25,125.0
3728.5,125.0
3728.75,127.75
3729.0,127.75
3729.25,128.25
3729.5,126.5
3729.75,126.5
3730.0,127.0
3730.25,127.0
3730.5,126.0
3730.75,126.0
3731.0,128.75
3731.25,128.75
3731.5,130.5
3731.75,130.5
3732.0,130.5
3732.25,130.5
3732.5,132.75
3732.75,132.75
3733.0,132.75
3733.25,135.75
3733.5,135.75
3733.75,133.25
3734.0,133.25
3734.25,134.5
3734.5,134.5
3734.75,131.5
3735.0,130.5
3735.25,130.5
3735.5,127.0
3735.75,127.0
3736.0,125.0
3736.25,125.0
3736.5,125.0
3736.75,123.0
3737.0,122.0
3737.25,122.0
3737.5,119.5
3737.75,119.5
3738.0,120.0
3738.25,120.0
3738.5,122.5
3738.75,122.5
3739.0,122.5
3739.25,122.5
3739.5,125.0
3739.75,125.0
3740.0,127.75
3740.25,127.75
3740.5,128.75
3740.75,128.75
3741.0,128.75
3741.25,129.25
3741.5,129.25
3741.75,128.25
3742.0,128.25
3742.25,127.75
3742.5,127.75
3742.75,125.5
3743.0,125.5
3743.25,124.0
3743.5,124.0
3743.75,121.0
3744.0,121.0
3744.25,121.5
3744.5,121.5
3744.75,120.0
3745.0,120.0
3745.25,120.0
3745.5,120.0
3745.75,120.5
3746.0,120.5
3746.25,123.0
3746.5,123.0
3746.75,123.5
3747.0,123.5
3747.25,124.0
3747.5,124.0
3747.75,124.0
3748.0,124.0
3748.25,124.5
3748.5,124.5
3748.75,126.0
3749.0,126.5
3749.25,126.5
3749.5,126.5
3749.75,126.5
3750.0,128.25
3750.25,128.25
3750.5,128.25
3750.75,128.75
3751.0,127.75
3751.25,127.75
3751.5,126.5
3751.75,126.5
3752.0,126.0
3752.25,126.0
3752.5,125.5
3752.75,125.5
3753.0,124.5
3753.25,124.5
3753.5,126.5
3753.75,127.75
3754.0,127.75
3754.25,126.5
3754.5,126.5
3754.75,127.0
3755.0,127.0
3755.25,126.5
3755.5,126.5
3755.75,127.75
3756.0,127.75
3756.25,127.75
3756.5,127.75
3756.75,129.25
3757.0,129.25
3757.25,129.25
3757.5,131.0
3757.75,131.0
3758.0,131.0
3758.25,131.0
3758.5,133.25
3758.75,133.25
3759.0,132.25
3759.25,132.25
3759.5,131.0
3759.75,132.25
3760.0,132.25
3760.25,132.75
3760.5,132.75
3760.75,129.75
3761.0,129.75
3761.25,127.75
3761.5,127.75
3761.75,126.0
3762.0,126.0
3762.25,126.0
3762.5,126.0
3762.75,123.5
3763.0,123.5
3763.25,122.5
3763.5,122.5
3763.75,119.5
3764.0,119.5
3764.25,121.0
3764.5,121.0
3764.75,124.5
3765.0,124.5
3765.25,124.5
3765.5,124.5
3765.75,123.5
3766.0,123.5
3766.25,123.5
3766.5,123.0
3766.75,123.0
3767.0,124.5
3767.25,124.5
3767.5,123.5
3767.75,123.5
3768.0,123.5
3768.25,123.5
3768.5,123.5
3768.75,123.5
3769.0,126.5
3769.25,126.5
3769.5,126.0
3769.75,126.0
3770.0,128.25
3770.25,128.25
3770.5,126.0
3770.75,126.0
3771.0,124.0
3771.25,124.0
3771.5,123.5
3771.75,123.5
3772.0,124.5
3772.25,125.0
3772.5,125.0
3772.75,125.0
3773.0,125.0
3773.25,124.0
3773.5,124.0
3773.75,123.0
3774.0,123.0
3774.25,122.5
3774.5,122.5
3774.75,123.0
3775.0,123.0
3775.25,121.5
3775.5,121.5
3775.75,122.5
3776.0,122.5
3776.25,120.5
3776.5,120.5
3776.75,121.5
3777.0,121.5
3777.25,120.0
3777.5,120.0
3777.75,120.0
3778.0,120.0
3778.25,117.75
3778.5,117.75
3778.75,117.75
3779.0,117.75
3779.25,117.75
3779.5,117.75
3779.75,117.75
3780.0,117.75
3780.25,114.5
3780.5,114.5
3780.75,114.0
3781.0,114.0
3781.25,114.0
3781.5,112.0
3781.75,112.0
3782.0,112.25
3782.25,112.25
3782.5,110.75
3782.75,110.75
3783.0,113.75
3783.25,113.75
3783.5,113.75
3783.75,113.75
3784.0,117.75
3784.25,117.75
3784.5,115.5
3784.75,115.5
3785.0,118.5
3785.25,118.5
3785.5,118.5
3785.75,118.5
3786.0,118.0
3786.25,118.0
3786.5,118.5
3786.75,118.5
3787.0,119.5
3787.25,119.5
3787.5,119.5
3787.75,140.25
3788.0,0.0
3788.25,0.0
3788.5,0.0
3788.75,0.0
3789.0,0.0
3789.25,0.0
3789.5,0.0
3789.75,0.0
3790.0,0.0
3790.25,0.0
3790.5,0.0
3790.75,0.0
3791.0,0.0
3791.25,0.0
3791.5,0.0
3791.75,0.0
3792.0,0.0
3792.25,0.0
3792.5,0.0
3792.75,0.0
3793.0,0.0
3793.25,0.0
3793.5,0.0
3793.75,0.0
3794.0,0.0
3794.25,124.5
3794.5,124.5
3794.75,125.5
3795.0,125.5
3795.25,125.0
3795.5,123.0
3795.75,123.0
3796.0,121.5
3796.25,121.5
3796.5,122.0
3796.75,122.0
3797.0,122.5
3797.25,122.5
3797.5,121.0
3797.75,121.0
3798.0,123.0
3798.25,123.0
3798.5,123.0
3798.75,123.0
3799.0,121.0
3799.25,121.0
3799.5,122.5
3799.75,122.5
3800.0,120.5
3800.25,120.5
3800.5,123.5
3800.75,123.5
3801.0,123.5
3801.25,123.5
3801.5,123.5
3801.75,123.0
3802.0,124.5
3802.25,124.5
3802.5,124.5
3802.75,127.0
3803.0,126.5
3803.25,126.5
3803.5,128.75
3803.75,128.75
3804.0,128.75
3804.25,128.75
3804.5,128.75
3804.75,127.75
3805.0,127.75
3805.25,127.0
3805.5,127.0
3805.75,130.5
3806.0,130.5
3806.25,130.5
3806.5,130.5
3806.75,134.0
3807.0,135.75
3807.25,135.75
3807.5,135.25
3807.75,135.25
3808.0,132.75
3808.25,132.75
3808.5,134.0
3808.75,134.0
3809.0,133.25
3809.25,131.0
3809.5,131.0
3809.75,128.75
3810.0,128.75
3810.25,126.0
3810.5,126.0
3810.75,126.5
3811.0,126.5
3811.25,125.5
3811.5,125.5
3811.75,126.5
3812.0,126.5
3812.25,127.0
3812.5,127.0
3812.75,128.75
3813.0,127.75
3813.25,127.75
3813.5,126.5
3813.75,126.5
3814.0,127.0
3814.25,127.0
3814.5,127.0
3814.75,127.0
3815.0,129.75
3815.25,129.75
3815.5,129.75
3815.75,129.75
3816.0,132.25
3816.25,134.0
3816.5,134.0
3816.75,131.5
3817.0,131.5
3817.25,132.25
3817.5,132.25
3817.75,132.75
3818.0,132.75
3818.25,133.25
3818.5,133.25
3818.75,133.25
3819.0,131.0
3819.25,131.0
3819.5,130.5
3819.75,130.5
3820.0,131.0
3820.25,131.0
3820.5,131.5
3820.75,131.5
3821.0,131.5
3821.25,131.0
3821.5,131.0
3821.75,129.75
3822.0,129.75
3822.25,129.25
3822.5,129.25
3822.75,128.75
3823.0,128.75
3823.25,128.75
3823.5,128.75
3823.75,130.5
3824.0,130.5
3824.25,131.0
3824.5,129.75
3824.75,129.75
3825.0,131.0
3825.25,131.0
3825.5,128.25
3825.75,128.25
3826.0,130.5
3826.25,130.5
3826.5,129.75
3826.75,129.75
3827.0,128.75
3827.25,128.75
3827.5,128.25
3827.75,129.25
3828.0,129.25
3828.25,129.25
3828.5,129.25
3828.75,128.75
3829.0,128.75
3829.25,130.5
3829.5,130.5
3829.75,132.25
3830.0,132.25
3830.25,131.5
3830.5,130.5
3830.75,130.5
3831.0,131.5
3831.25,131.5
3831.5,131.0
3831.75,131.0
3832.0,132.75
3832.25,132.75
3832.5,129.75
3832.75,129.75
3833.0,131.0
3833.25,132.75
3833.5,132.75
3833.75,134.5
3834.0,134.5
3834.25,134.5
3834.5,134.5
3834.75,136.25
3835.0,136.25
3835.25,132.25
3835.5,135.25
3835.75,135.25
3836.0,135.75
3836.25,135.75
3836.5,134.5
3836.75,134.5
3837.0,135.25
3837.25,132.25
3837.5,132.25
3837.75,129.75
3838.0,129.75
3838.25,127.75
3838.5,127.75
3838.75,124.5
3839.0,124.5
3839.25,125.5
3839.5,125.5
3839.75,129.75
3840.0,129.75
3840.25,133.25
3840.5,133.25
3840.75,133.25
3841.0,132.25
3841.25,132.25
3841.5,132.25
3841.75,131.0
3842.0,132.75
3842.25,132.75
3842.5,134.0
3842.75,134.0
3843.0,133.25
3843.25,133.25
3843.5,133.25
3843.75,133.25
3844.0,133.25
3844.25,132.75
3844.5,132.75
3844.75,129.75
3845.0,129.75
3845.25,129.75
3845.5,130.5
3845.75,130.5
3846.0,128.25
3846.25,128.25
3846.5,129.75
3846.75,129.75
3847.0,127.75
3847.25,127.75
3847.5,127.0
3847.75,127.0
3848.0,127.75
3848.25,127.75
3848.5,129.75
3848.75,129.75
3849.0,129.75
3849.25,131.0
3849.5,131.0
3849.75,131.0
3850.0,131.0
3850.25,130.5
3850.5,130.5
3850.75,132.75
3851.0,132.75
3851.25,132.75
3851.5,131.5
3851.75,131.5
3852.0,131.0
3852.25,131.0
3852.5,128.75
3852.75,128.75
3853.0,128.25
3853.25,128.25
3853.5,128.25
3853.75,126.0
3854.0,126.5
3854.25,126.5
3854.5,127.75
3854.75,127.75
3855.0,129.25
3855.25,130.5
3855.5,130.5
3855.75,131.5
3856.0,131.5
3856.25,132.75
3856.5,132.75
3856.75,131.5
3857.0,131.5
3857.25,130.5
3857.5,130.5
3857.75,130.5
3858.0,128.75
3858.25,128.75
3858.5,129.25
3858.75,129.25
3859.0,128.75
3859.25,128.75
3859.5,129.25
3859.75,129.25
3860.0,128.25
3860.25,128.25
3860.5,128.25
3860.75,129.25
3861.0,127.0
3861.25,129.75
3861.5,129.75
3861.75,128.75
3862.0,128.75
3862.25,131.0
3862.5,131.0
3862.75,129.75
3863.0,129.75
3863.25,130.5
3863.5,130.5
3863.75,127.0
3864.0,127.0
3864.25,125.0
3864.5,125.0
3864.75,119.5
3865.0,119.5
3865.25,116.75
3865.5,116.75
3865.75,110.25
3866.0,110.25
3866.25,112.0
3866.5,112.0
3866.75,110.25
3867.0,110.25
3867.25,105.75
3867.5,105.75
3867.75,0.0
3868.0,0.0
3868.25,0.0
3868.5,0.0
3868.75,0.0
3869.0,0.0
3869.25,0.0
3869.5,0.0
3869.75,0.0
3870.0,0.0
3870.25,0.0
3870.5,0.0
3870.75,107.5
3871.0,107.5
3871.25,107.25
3871.5,107.25
3871.75,107.25
3872.0,108.0
3872.25,108.0
3872.5,108.0
3872.75,106.75
3873.0,104.25
3873.25,104.25
3873.5,103.75
3873.75,103.75
3874.0,103.75
3874.25,104.5
3874.5,104.5
3874.75,105.25
3875.0,105.25
3875.25,106.5
3875.5,106.5
3875.75,108.0
3876.0,108.0
3876.25,108.0
3876.5,109.0
3876.75,109.0
3877.0,109.0
3877.25,109.0
3877.5,113.75
3877.75,113.75
3878.0,113.75
3878.25,113.75
3878.5,113.75
3878.75,112.75
3879.0,112.75
3879.25,112.75
3879.5,116.75
3879.75,116.75
3880.0,125.5
3880.25,125.5
3880.5,131.5
3880.75,131.5
3881.0,132.25
3881.25,132.25
3881.5,125.0
3881.75,125.0
3882.0,105.25
3882.25,105.25
3882.5,105.25
3882.75,95.5
3883.0,95.5
3883.25,97.0
3883.5,97.0
3883.75,97.0
3884.0,96.25
3884.25,96.25
3884.5,93.25
3884.75,93.25
3885.0,93.25
3885.25,92.25
3885.5,92.25
3885.75,92.5
3886.0,92.5
3886.25,92.5
3886.5,91.0
3886.75,91.0
3887.0,91.0
3887.25,89.0
3887.5,89.0
3887.75,88.0
3888.0,88.0
3888.25,88.0
3888.5,87.75
3888.75,87.75
3889.0,87.75
3889.25,89.25
3889.5,89.25
3889.75,89.25
3890.0,88.75
3890.25,88.75
3890.5,88.75
3890.75,90.0
3891.0,90.0
3891.25,90.75
3891.5,90.75
3891.75,90.75
3892.0,92.25
3892.25,92.25
3892.5,96.75
3892.75,96.75
3893.0,96.75
3893.25,95.75
3893.5,95.75
3893.75,95.5
3894.0,95.5
3894.25,95.5
3894.5,95.5
3894.75,96.25
3895.0,95.0
3895.25,95.0
3895.5,95.0
3895.75,94.25
3896.0,94.25
3896.25,94.25
3896.5,94.25
3896.75,94.25
3897.0,92.25
3897.25,92.25
3897.5,92.5
3897.75,92.5
3898.0,92.5
3898.25,91.0
3898.5,91.0
3898.75,91.0
3899.0,88.25
3899.25,88.25
3899.5,88.25
3899.75,88.25
3900.0,88.25
3900.25,88.25
3900.5,88.25
3900.75,88.25
3901.0,87.25
3901.25,87.25
3901.5,87.25
3901.75,84.0
3902.0,84.0
3902.25,84.0
3902.5,84.0
3902.75,83.5
3903.0,82.75
3903.25,82.75
3903.5,82.75
3903.75,81.75
3904.0,81.75
3904.25,81.75
3904.5,80.0
3904.75,80.0
3905.0,80.0
3905.25,79.5
3905.5,79.5
3905.75,79.5
3906.0,79.0
3906.25,79.0
3906.5,79.0
3906.75,79.0
3907.0,79.5
3907.25,79.5
3907.5,80.25
3907.75,80.25
3908.0,80.25
3908.25,80.25
3908.5,79.25
3908.75,79.25
3909.0,79.25
3909.25,78.75
3909.5,78.75
3909.75,78.75
3910.0,79.5
3910.25,79.5
3910.5,79.5
3910.75,78.75
3911.0,78.75
3911.25,78.75
3911.5,78.75
3911.75,79.75
3912.0,79.75
3912.25,81.0
3912.5,81.0
3912.75,81.0
3913.0,82.0
3913.25,82.0
3913.5,83.5
3913.75,83.5
3914.0,83.5
3914.25,81.75
3914.5,81.75
3914.75,81.75
3915.0,83.0
3915.25,83.0
3915.5,83.0
3915.75,81.25
3916.0,81.25
3916.25,81.25
3916.5,79.75
3916.75,79.75
3917.0,79.75
3917.25,78.75
3917.5,78.75
3917.75,78.75
3918.0,80.25
3918.25,80.25
3918.5,80.25
3918.75,80.25
3919.0,80.25
3919.25,80.25
3919.5,82.5
3919.75,82.5
3920.0,82.5
3920.25,81.25
3920.5,81.25
3920.75,81.25
3921.0,82.75
3921.25,82.75
3921.5,82.75
3921.75,81.25
3922.0,81.25
3922.25,81.25
3922.5,81.25
3922.75,81.25
3923.0,81.25
3923.25,78.75
3923.5,78.75
3923.75,78.75
3924.0,79.25
3924.25,79.25
3924.5,79.25
3924.75,79.75
3925.0,79.75
3925.25,79.75
3925.5,79.75
3925.75,82.25
3926.0,82.25
3926.25,79.5
3926.5,79.5
3926.75,79.5
3927.0,81.0
3927.25,81.0
3927.5,81.0
3927.75,78.5
3928.0,78.5
3928.25,78.5
3928.5,79.5
3928.75,79.5
3929.0,79.5
3929.25,77.25
3929.5,77.25
3929.75,77.25
3930.0,75.25
3930.25,75.25
3930.5,75.25
3930.75,73.75
3931.0,73.75
3931.25,73.75
3931.5,73.75
3931.75,70.75
3932.0,70.75
3932.25,70.75
3932.5,70.5
3932.75,70.5
3933.0,70.5
3933.25,70.5
3933.5,73.25
3933.75,73.25
3934.0,73.25
3934.25,73.25
3934.5,73.25
3934.75,73.25
3935.0,74.0
3935.25,74.0
3935.5,74.0
3935.75,70.0
3936.0,70.0
3936.25,70.0
3936.5,70.0
3936.75,68.75
3937.0,68.75
3937.25,68.75
3937.5,70.0
3937.75,70.0
3938.0,70.0
3938.25,70.0
3938.5,70.25
3938.75,70.25
3939.0,70.25
3939.25,72.75
3939.5,72.75
3939.75,72.75
3940.0,72.75
3940.25,72.75
3940.5,72.75
3940.75,72.75
3941.0,68.75
3941.25,68.75
3941.5,68.75
3941.75,70.0
3942.0,70.0
3942.25,70.0
3942.5,70.0
3942.75,71.0
3943.0,71.0
3943.25,71.0
3943.5,70.5
3943.75,70.5
3944.0,70.5
3944.25,70.5
3944.5,70.5
3944.75,71.0
3945.0,71.0
3945.25,70.5
3945.5,70.5
3945.75,70.5
3946.0,71.5
3946.25,71.5
3946.5,71.5
3946.75,71.5
3947.0,74.0
3947.25,74.0
3947.5,74.0
3947.75,76.25
3948.0,76.25
3948.25,76.25
3948.5,74.75
3948.75,74.75
3949.0,74.75
3949.25,77.75
3949.5,77.75
3949.75,77.75
3950.0,77.75
3950.25,77.75
3950.5,77.75
3950.75,78.75
3951.0,78.75
3951.25,78.75
3951.5,79.25
3951.75,79.25
3952.0,79.25
3952.25,81.75
3952.5,81.75
3952.75,81.75
3953.0,81.75
3953.25,81.75
3953.5,81.75
3953.75,84.25
3954.0,84.25
3954.25,84.25
3954.5,83.75
3954.75,83.75
3955.0,83.75
3955.25,84.75
3955.5,84.75
3955.75,90.75
3956.0,90.75
3956.25,90.75
3956.5,89.25
3956.75,89.25
3957.0,89.25
3957.25,81.25
3957.5,81.25
3957.75,81.25
3958.0,78.75
3958.25,78.75
3958.5,78.75
3958.75,80.0
3959.0,80.0
3959.25,80.0
3959.5,77.5
3959.75,77.5
3960.0,77.5
3960.25,77.75
3960.5,77.75
3960.75,77.75
3961.0,77.0
3961.25,77.0
3961.5,77.0
3961.75,78.25
3962.0,78.25
3962.25,78.25
3962.5,78.25
3962.75,78.0
3963.0,78.0
3963.25,80.75
3963.5,80.75
3963.75,80.75
3964.0,79.0
3964.25,79.0
3964.5,79.0
3964.75,81.25
3965.0,81.25
3965.25,81.25
3965.5,81.25
3965.75,79.25
3966.0,79.25
3966.25,80.0
3966.5,80.0
3966.75,80.0
3967.0,81.0
3967.25,0.0
3967.5,0.0
3967.75,0.0
3968.0,0.0
3968.25,0.0
3968.5,0.0
3968.75,0.0
3969.0,0.0
3969.25,0.0
3969.5,0.0
3969.75,0.0
3970.0,80.5
3970.25,80.5
3970.5,80.5
3970.75,79.0
3971.0,79.0
3971.25,79.0
3971.5,79.75
3971.75,79.75
3972.0,79.75
3972.25,79.5
3972.5,79.5
3972.75,79.5
3973.0,81.0
3973.25,81.0
3973.5,81.0
3973.75,82.75
3974.0,82.75
3974.25,0.0
3974.5,0.0
3974.75,0.0
3975.0,0.0
3975.25,0.0
3975.5,0.0
3975.75,0.0
3976.0,0.0
3976.25,0.0
3976.5,0.0
3976.75,79.75
3977.0,79.75
3977.25,79.75
3977.5,81.0
3977.75,81.0
3978.0,81.0
3978.25,81.0
3978.5,81.0
3978.75,81.0
3979.0,82.25
3979.25,82.25
3979.5,82.25
3979.75,81.5
3980.0,81.5
3980.25,81.5
3980.5,84.5
3980.75,84.5
3981.0,86.25
3981.25,86.25
3981.5,86.25
3981.75,87.0
3982.0,87.0
3982.25,87.0
3982.5,86.75
3982.75,86.75
3983.0,86.75
3983.25,85.0
3983.5,85.0
3983.75,85.0
3984.0,81.75
3984.25,81.75
3984.5,81.75
3984.75,80.0
3985.0,80.0
3985.25,80.0
3985.5,79.75
3985.75,79.75
3986.0,0.0
3986.25,0.0
3986.5,0.0
3986.75,0.0
3987.0,0.0
3987.25,0.0
3987.5,0.0
3987.75,0.0
3988.0,0.0
3988.25,0.0
3988.5,0.0
3988.75,0.0
3989.0,0.0
3989.25,0.0
3989.5,0.0
3989.75,0.0
3990.0,0.0
3990.25,0.0
3990.5,0.0
3990.75,0.0
3991.0,0.0
3991.25,0.0
3991.5,0.0
3991.75,0.0
3992.0,0.0
3992.25,0.0
3992.5,0.0
3992.75,0.0
3993.0,0.0
3993.25,0.0
3993.5,0.0
3993.75,0.0
3994.0,0.0
3994.25,0.0
3994.5,0.0
3994.75,0.0
3995.0,0.0
3995.25,0.0
3995.5,0.0
3995.75,0.0
3996.0,0.0
3996.25,0.0
3996.5,0.0
3996.75,0.0
3997.0,0.0
3997.25,0.0
3997.5,0.0
3997.75,0.0
3998.0,83.25
3998.25,83.25
3998.5,83.25
3998.75,86.25
3999.0,86.25
3999.25,86.25
3999.5,86.25
3999.75,86.25
4000.0,88.25
4000.25,88.25
4000.5,88.25
4000.75,87.0
4001.0,87.0
4001.25,87.0
4001.5,86.25
4001.75,86.25
4002.0,86.25
4002.25,83.5
4002.5,83.5
4002.75,83.5
4003.0,80.5
4003.25,80.5
4003.5,80.5
4003.75,78.5
4004.0,78.5
4004.25,78.5
4004.5,80.75
4004.75,80.75
4005.0,80.75
4005.25,81.75
4005.5,81.75
4005.75,0.0
4006.0,0.0
4006.25,0.0
4006.5,0.0
4006.75,0.0
4007.0,0.0
4007.25,113.25
4007.5,113.25
4007.75,115.5
4008.0,115.5
4008.25,0.0
4008.5,0.0
4008.75,0.0
4009.0,0.0
4009.25,0.0
4009.5,0.0
4009.75,0.0
4010.0,0.0
4010.25,0.0
4010.5,0.0
4010.75,0.0
4011.0,0.0
4011.25,0.0
4011.5,0.0
4011.75,0.0
4012.0,0.0
4012.25,119.0
4012.5,119.0
4012.75,0.0
4013.0,0.0
4013.25,0.0
4013.5,0.0
4013.75,0.0
4014.0,0.0
4014.25,0.0
4014.5,0.0
4014.75,0.0
4015.0,0.0
4015.25,79.25
4015.5,79.25
4015.75,79.25
4016.0,79.75
4016.25,79.75
4016.5,79.75
4016.75,79.0
4017.0,79.0
4017.25,79.0
4017.5,77.5
4017.75,77.5
4018.0,77.5
4018.25,76.5
4018.5,76.5
4018.75,76.5
4019.0,76.5
4019.25,75.75
4019.5,75.75
4019.75,75.75
4020.0,75.25
4020.25,75.25
4020.5,75.25
4020.75,75.5
4021.0,75.5
4021.25,75.5
4021.5,74.25
4021.75,74.25
4022.0,74.25
4022.25,73.75
4022.5,73.75
4022.75,73.75
4023.0,73.75
4023.25,72.25
4023.5,72.25
4023.75,72.25
4024.0,71.75
4024.25,71.75
4024.5,71.75
4024.75,71.5
4025.0,71.5
4025.25,71.5
4025.5,71.5
4025.75,71.0
4026.0,71.0
4026.25,71.0
4026.5,72.75
4026.75,72.75
4027.0,72.75
4027.25,72.75
4027.5,72.75
4027.75,72.75
4028.0,72.75
4028.25,73.25
4028.5,73.25
4028.75,73.25
4029.0,75.0
4029.25,75.0
4029.5,75.0
4029.75,77.5
4030.0,77.5
4030.25,77.5
4030.5,77.5
4030.75,78.0
4031.0,78.0
4031.25,78.5
4031.5,78.5
4031.75,78.5
4032.0,79.25
4032.25,79.25
4032.5,79.25
4032.75,81.25
4033.0,81.25
4033.25,0.0
4033.5,0.0
4033.75,0.0
4034.0,0.0
4034.25,0.0
4034.5,0.0
4034.75,0.0
4035.0,0.0
4035.25,0.0
4035.5,0.0
4035.75,0.0
4036.0,0.0
4036.25,0.0
4036.5,72.0
4036.75,72.0
4037.0,72.0
4037.25,80.75
4037.5,80.75
4037.75,80.75
4038.0,81.75
4038.25,81.75
4038.5,81.75
4038.75,83.5
4039.0,83.5
4039.25,83.5
4039.5,84.5
4039.75,84.5
4040.0,84.5
4040.25,85.25
4040.5,85.25
4040.75,84.5
4041.0,84.5
4041.25,84.5
4041.5,84.75
4041.75,84.75
4042.0,84.75
4042.25,84.25
4042.5,84.25
4042.75,84.25
4043.0,84.25
4043.25,84.25
4043.5,84.25
4043.75,83.75
4044.0,83.75
4044.25,83.75
4044.5,83.75
4044.75,83.75
4045.0,83.75
4045.25,84.0
4045.5,84.0
4045.75,84.5
4046.0,84.5
4046.25,84.5
4046.5,84.5
4046.75,85.0
4047.0,85.0
4047.25,86.0
4047.5,86.0
4047.75,86.0
4048.0,83.75
4048.25,83.75
4048.5,83.75
4048.75,83.5
4049.0,83.5
4049.25,0.0
4049.5,0.0
4049.75,0.0
4050.0,0.0
4050.25,0.0
4050.5,0.0
4050.75,0.0
4051.0,81.75
4051.25,81.75
4051.5,81.75
4051.75,71.0
4052.0,71.0
4052.25,71.0
4052.5,71.0
4052.75,71.0
4053.0,71.0
4053.25,71.0
4053.5,77.5
4053.75,77.5
4054.0,77.5
4054.25,79.0
4054.5,79.0
4054.75,79.0
4055.0,79.75
4055.25,79.75
4055.5,79.75
4055.75,81.0
4056.0,81.0
4056.25,81.0
4056.5,80.0
4056.75,80.0
4057.0,80.0
4057.25,80.25
4057.5,80.25
4057.75,80.25
4058.0,80.25
4058.25,80.25
4058.5,80.25
4058.75,79.75
4059.0,79.75
4059.25,79.75
4059.5,79.75
4059.75,79.75
4060.0,79.75
4060.25,81.0
4060.5,81.0
4060.75,81.0
4061.0,81.5
4061.25,81.5
4061.5,81.5
4061.75,82.0
4062.0,82.0
4062.25,82.0
4062.5,82.75
4062.75,82.75
4063.0,83.0
4063.25,83.0
4063.5,83.0
4063.75,83.25
4064.0,83.25
4064.25,83.25
4064.5,83.0
4064.75,83.0
4065.0,83.0
4065.25,84.75
4065.5,84.75
4065.75,84.75
4066.0,86.0
4066.25,86.0
4066.5,86.0
4066.75,86.5
4067.0,86.5
4067.25,87.5
4067.5,87.5
4067.75,87.5
4068.0,86.75
4068.25,86.75
4068.5,86.75
4068.75,86.25
4069.0,86.25
4069.25,86.25
4069.5,86.75
4069.75,86.75
4070.0,86.75
4070.25,86.75
4070.5,86.75
4070.75,87.5
4071.0,87.5
4071.25,87.5
4071.5,88.0
4071.75,88.0
4072.0,88.0
4072.25,86.75
4072.5,86.75
4072.75,86.25
4073.0,86.25
4073.25,86.25
4073.5,86.25
4073.75,86.25
4074.0,86.25
4074.25,86.25
4074.5,86.25
4074.75,86.25
4075.0,86.5
4075.25,86.5
4075.5,86.5
4075.75,86.5
4076.0,86.5
4076.25,86.5
4076.5,86.5
4076.75,86.5
4077.0,85.5
4077.25,85.5
4077.5,85.5
4077.75,82.75
4078.0,82.75
4078.25,82.75
4078.5,80.75
4078.75,80.75
4079.0,80.75
4079.25,79.5
4079.5,79.5
4079.75,79.5
4080.0,80.75
4080.25,80.75
4080.5,80.75
4080.75,80.75
4081.0,80.75
4081.25,80.75
4081.5,81.0
4081.75,81.0
4082.0,81.0
4082.25,80.75
4082.5,80.75
4082.75,80.75
4083.0,80.75
4083.25,80.75
4083.5,80.75
4083.75,80.75
4084.0,80.75
4084.25,80.75
4084.5,81.25
4084.75,81.25
4085.0,81.25
4085.25,80.0
4085.5,80.0
4085.75,80.0
4086.0,78.75
4086.25,78.75
4086.5,78.75
4086.75,79.25
4087.0,79.25
4087.25,79.25
4087.5,79.25
4087.75,79.25
4088.0,79.25
4088.25,80.0
4088.5,80.0
4088.75,80.0
4089.0,81.5
4089.25,81.5
4089.5,81.5
4089.75,82.75
4090.0,82.75
4090.25,82.75
4090.5,84.0
4090.75,84.0
4091.0,84.0
4091.25,84.0
4091.5,84.0
4091.75,84.25
4092.0,84.25
4092.25,84.25
4092.5,85.25
4092.75,85.25
4093.0,85.25
4093.25,85.5
4093.5,85.5
4093.75,85.5
4094.0,87.0
4094.25,87.0
4094.5,87.75
4094.75,87.75
4095.0,87.75
4095.25,88.75
4095.5,88.75
4095.75,88.75
4096.0,89.5
4096.25,0.0
4096.5,0.0
4096.75,0.0
4097.0,0.0
4097.25,0.0
4097.5,0.0
4097.75,0.0
4098.0,0.0
4098.25,126.5
4098.5,127.75
4098.75,127.75
4099.0,127.0
4099.25,127.0
4099.5,127.0
4099.75,125.0
4100.0,120.0
4100.25,120.0
4100.5,120.0
4100.75,95.0
4101.0,95.0
4101.25,95.0
4101.5,84.5
4101.75,84.5
4102.0,83.25
4102.25,83.25
4102.5,0.0
4102.75,0.0
4103.0,0.0
4103.25,0.0
4103.5,0.0
4103.75,0.0
4104.0,0.0
4104.25,0.0
4104.5,0.0
4104.75,0.0
4105.0,0.0
4105.25,0.0
4105.5,0.0
4105.75,0.0
4106.0,0.0
4106.25,0.0
4106.5,0.0
4106.75,0.0
4107.0,0.0
4107.25,0.0
4107.5,0.0
4107.75,0.0
4108.0,0.0
4108.25,0.0
4108.5,0.0
4108.75,84.0
4109.0,84.0
4109.25,84.0
4109.5,82.5
4109.75,82.5
4110.0,82.5
4110.25,82.75
4110.5,82.75
4110.75,82.75
4111.0,84.5
4111.25,84.5
4111.5,86.0
4111.75,86.0
4112.0,86.0
4112.25,87.25
4112.5,87.25
4112.75,87.25
4113.0,88.75
4113.25,88.75
4113.5,88.75
4113.75,89.75
4114.0,89.75
4114.25,90.0
4114.5,90.0
4114.75,90.0
4115.0,91.25
4115.25,91.25
4115.5,93.5
4115.75,93.5
4116.0,93.5
4116.25,113.25
4116.5,0.0
4116.75,0.0
4117.0,0.0
4117.25,0.0
4117.5,0.0
4117.75,0.0
4118.0,0.0
4118.25,0.0
4118.5,0.0
4118.75,0.0
4119.0,0.0
4119.25,0.0
4119.5,0.0
4119.75,0.0
4120.0,0.0
4120.25,0.0
4120.5,0.0
4120.75,0.0
4121.0,0.0
4121.25,0.0
4121.5,0.0
4121.75,0.0
4122.0,0.0
4122.25,0.0
4122.5,0.0
4122.75,0.0
4123.0,0.0
4123.25,174.5
4123.5,0.0
4123.75,0.0
4124.0,0.0
4124.25,0.0
4124.5,0.0
4124.75,0.0
4125.0,0.0
4125.25,0.0
4125.5,0.0
4125.75,0.0
4126.0,0.0
4126.25,0.0
4126.5,0.0
4126.75,0.0
4127.0,0.0
4127.25,0.0
4127.5,0.0
4127.75,0.0
4128.0,0.0
4128.25,0.0
4128.5,0.0
4128.75,0.0
4129.0,0.0
4129.25,0.0
4129.5,0.0
4129.75,0.0
4130.0,0.0
4130.25,0.0
4130.5,0.0
4130.75,0.0
4131.0,0.0
4131.25,0.0
4131.5,0.0
4131.75,75.25
4132.0,75.25
4132.25,75.25
4132.5,75.25
4132.75,75.25
4133.0,75.25
4133.25,73.5
4133.5,73.5
4133.75,73.5
4134.0,73.75
4134.25,73.75
4134.5,73.75
4134.75,79.5
4135.0,79.5
4135.25,79.5
4135.5,86.75
4135.75,86.75
4136.0,0.0
4136.25,0.0
4136.5,0.0
4136.75,0.0
4137.0,0.0
4137.25,0.0
4137.5,0.0
4137.75,0.0
4138.0,0.0
4138.25,0.0
4138.5,0.0
4138.75,0.0
4139.0,0.0
4139.25,0.0
4139.5,0.0
4139.75,0.0
4140.0,0.0
4140.25,0.0
4140.5,0.0
4140.75,0.0
4141.0,0.0
4141.25,0.0
4141.5,85.5
4141.75,85.5
4142.0,85.5
4142.25,84.25
4142.5,84.25
4142.75,83.5
4143.0,83.5
4143.25,83.5
4143.5,80.5
4143.75,80.5
4144.0,80.5
4144.25,80.5
4144.5,76.25
4144.75,76.25
4145.0,88.0
4145.25,88.0
4145.5,0.0
4145.75,0.0
4146.0,0.0
4146.25,0.0
4146.5,0.0
4146.75,0.0
4147.0,0.0
4147.25,0.0
4147.5,0.0
4147.75,0.0
4148.0,0.0
4148.25,0.0
4148.5,0.0
4148.75,0.0
4149.0,0.0
4149.25,0.0
4149.5,0.0
4149.75,0.0
4150.0,0.0
4150.25,0.0
4150.5,0.0
4150.75,80.75
4151.0,80.75
4151.25,80.5
4151.5,80.5
4151.75,80.5
4152.0,80.75
4152.25,80.75
4152.5,80.75
4152.75,80.75
4153.0,80.75
4153.25,80.75
4153.5,80.0
4153.75,80.0
4154.0,80.0
4154.25,80.0
4154.5,80.0
4154.75,80.0
4155.0,80.25
4155.25,80.25
4155.5,80.25
4155.75,80.75
4156.0,80.75
4156.25,82.0
4156.5,82.0
4156.75,82.0
4157.0,83.25
4157.25,83.25
4157.5,83.25
4157.75,83.5
4158.0,83.5
4158.25,83.5
4158.5,83.5
4158.75,81.75
4159.0,81.75
4159.25,80.75
4159.5,80.75
4159.75,80.75
4160.0,79.25
4160.25,79.25
4160.5,79.25
4160.75,80.0
4161.0,80.0
4161.25,80.0
4161.5,80.0
4161.75,80.75
4162.0,80.75
4162.25,80.25
4162.5,80.25
4162.75,80.25
4163.0,80.5
4163.25,80.5
4163.5,80.5
4163.75,82.25
4164.0,82.25
4164.25,82.25
4164.5,83.0
4164.75,83.0
4165.0,83.0
4165.25,82.25
4165.5,82.25
4165.75,82.25
4166.0,79.25
4166.25,79.25
4166.5,79.25
4166.75,76.5
4167.0,76.5
4167.25,76.5
4167.5,75.25
4167.75,75.25
4168.0,75.25
4168.25,74.0
4168.5,74.0
4168.75,74.0
4169.0,74.0
4169.25,73.25
4169.5,73.25
4169.75,73.25
4170.0,72.75
4170.25,72.75
4170.5,72.75
4170.75,72.25
4171.0,72.25
4171.25,72.25
4171.5,72.25
4171.75,72.25
4172.0,72.25
4172.25,72.25
4172.5,71.5
4172.75,71.5
4173.0,71.5
4173.25,71.25
4173.5,71.25
4173.75,71.25
4174.0,71.25
4174.25,70.25
4174.5,70.25
4174.75,70.25
4175.0,70.5
4175.25,70.5
4175.5,70.5
4175.75,70.5
4176.0,69.5
4176.25,69.5
4176.5,69.5
4176.75,69.0
4177.0,69.0
4177.25,69.0
4177.5,69.0
4177.75,69.25
4178.0,69.25
4178.25,69.25
4178.5,69.25
4178.75,69.25
4179.0,69.25
4179.25,69.5
4179.5,69.5
4179.75,69.5
4180.0,69.5
4180.25,69.75
4180.5,69.75
4180.75,69.75
4181.0,70.0
4181.25,70.0
4181.5,70.0
4181.75,70.0
4182.0,70.0
4182.25,70.0
4182.5,70.0
4182.75,70.5
4183.0,70.5
4183.25,70.5
4183.5,70.5
4183.75,70.5
4184.0,70.5
4184.25,70.5
4184.5,70.5
4184.75,70.5
4185.0,70.5
4185.25,71.0
4185.5,71.0
4185.75,71.0
4186.0,71.0
4186.25,70.75
4186.5,70.75
4186.75,70.75
4187.0,71.25
4187.25,71.25
4187.5,71.25
4187.75,71.5
4188.0,71.5
4188.25,71.5
4188.5,71.5
4188.75,71.5
4189.0,71.5
4189.25,71.5
4189.5,71.0
4189.75,71.0
4190.0,71.0
4190.25,71.0
4190.5,71.5
4190.75,71.5
4191.0,71.5
4191.25,71.0
4191.5,71.0
4191.75,71.0
4192.0,71.25
4192.25,71.25
4192.5,71.25
4192.75,71.25
4193.0,70.25
4193.25,70.25
4193.5,70.25
4193.75,71.0
4194.0,71.0
4194.25,71.0
4194.5,71.0
4194.75,71.0
4195.0,71.0
4195.25,71.0
4195.5,70.5
4195.75,70.5
4196.0,70.5
4196.25,70.5
4196.5,70.5
4196.75,70.5
4197.0,70.5
4197.25,70.5
4197.5,70.5
4197.75,70.5
4198.0,70.5
4198.25,70.5
4198.5,70.5
4198.75,70.5
4199.0,70.5
4199.25,70.5
4199.5,70.5
4199.75,70.0
4200.0,70.0
4200.25,70.0
4200.5,69.5
4200.75,69.5
4201.0,69.5
4201.25,69.5
4201.5,69.5
4201.75,69.5
4202.0,69.5
4202.25,69.75
4202.5,69.75
4202.75,69.75
4203.0,69.75
4203.25,70.0
4203.5,70.0
4203.75,70.0
4204.0,69.75
4204.25,69.75
4204.5,69.75
4204.75,69.75
4205.0,69.5
4205.25,69.5
4205.5,69.5
4205.75,70.0
4206.0,70.0
4206.25,70.0
4206.5,70.0
4206.75,70.0
4207.0,70.0
4207.25,70.0
4207.5,70.25
4207.75,70.25
4208.0,70.25
4208.25,70.25
4208.5,70.25
4208.75,70.25
4209.0,70.25
4209.25,69.5
4209.5,69.5
4209.75,69.5
4210.0,70.5
4210.25,70.5
4210.5,70.5
4210.75,72.5
4211.0,72.5
4211.25,72.5
4211.5,72.5
4211.75,73.75
4212.0,73.75
4212.25,73.75
4212.5,75.0
4212.75,75.0
4213.0,75.0
4213.25,76.0
4213.5,76.0
4213.75,76.0
4214.0,76.25
4214.25,76.25
4214.5,76.25
4214.75,77.0
4215.0,77.0
4215.25,77.0
4215.5,79.25
4215.75,79.25
4216.0,79.25
4216.25,81.5
4216.5,81.5
4216.75,81.5
4217.0,84.25
4217.25,84.25
4217.5,84.25
4217.75,86.5
4218.0,86.5
4218.25,86.5
4218.5,88.5
4218.75,88.5
4219.0,91.25
4219.25,0.0
4219.5,0.0
4219.75,0.0
4220.0,0.0
4220.25,0.0
4220.5,0.0
4220.75,0.0
4221.0,0.0
4221.25,0.0
4221.5,0.0
4221.75,0.0
4222.0,0.0
4222.25,0.0
4222.5,0.0
4222.75,0.0
4223.0,0.0
4223.25,0.0
4223.5,0.0
4223.75,0.0
4224.0,0.0
4224.25,0.0
4224.5,0.0
4224.75,0.0
4225.0,0.0
4225.25,0.0
4225.5,0.0
4225.75,0.0
4226.0,0.0
4226.25,0.0
4226.5,0.0
4226.75,0.0
4227.0,0.0
4227.25,0.0
4227.5,0.0
4227.75,0.0
4228.0,0.0
4228.25,0.0
4228.5,0.0
4228.75,0.0
4229.0,0.0
4229.25,0.0
4229.5,0.0
4229.75,0.0
4230.0,0.0
4230.25,0.0
4230.5,0.0
4230.75,0.0
4231.0,0.0
4231.25,0.0
4231.5,0.0
4231.75,0.0
4232.0,0.0
4232.25,0.0
4232.5,0.0
4232.75,0.0
4233.0,78.25
4233.25,78.25
4233.5,78.25
4233.75,79.0
4234.0,79.0
4234.25,79.0
4234.5,80.0
4234.75,80.0
4235.0,80.0
4235.25,80.0
4235.5,80.0
4235.75,80.0
4236.0,81.0
4236.25,81.0
4236.5,81.0
4236.75,80.75
4237.0,80.75
4237.25,80.75
4237.5,82.0
4237.75,82.0
4238.0,83.0
4238.25,83.0
4238.5,83.0
4238.75,85.5
4239.0,85.5
4239.25,85.5
4239.5,88.5
4239.75,88.5
4240.0,88.5
4240.25,89.0
4240.5,89.0
4240.75,89.75
4241.0,89.75
4241.25,89.75
4241.5,89.75
4241.75,91.0
4242.0,91.0
4242.25,92.0
4242.5,92.0
4242.75,93.25
4243.0,93.25
4243.25,93.25
4243.5,93.25
4243.75,94.75
4244.0,95.5
4244.25,95.5
4244.5,95.5
4244.75,97.5
4245.0,97.5
4245.25,101.0
4245.5,101.0
4245.75,112.75
4246.0,112.75
4246.25,111.0
4246.5,111.0
4246.75,111.0
4247.0,107.25
4247.25,107.25
4247.5,101.25
4247.75,101.25
4248.0,97.75
4248.25,97.75
4248.5,97.75
4248.75,94.25
4249.0,94.25
4249.25,94.25
4249.5,94.25
4249.75,94.25
4250.0,94.75
4250.25,94.75
4250.5,94.75
4250.75,95.5
4251.0,95.5
4251.25,97.0
4251.5,97.0
4251.75,100.25
4252.0,100.25
4252.25,100.25
4252.5,102.5
4252.75,102.5
4253.0,105.25
4253.25,105.25
4253.5,105.25
4253.75,102.75
4254.0,102.75
4254.25,102.75
4254.5,102.75
4254.75,101.0
4255.0,101.0
4255.25,101.0
4255.5,99.0
4255.75,99.0
4256.0,97.5
4256.25,97.5
4256.5,95.75
4256.75,95.75
4257.0,95.75
4257.25,96.75
4257.5,96.75
4257.75,98.75
4258.0,98.75
4258.25,98.75
4258.5,99.25
4258.75,99.25
4259.0,100.0
4259.25,100.0
4259.5,100.0
4259.75,100.25
4260.0,100.25
4260.25,100.25
4260.5,100.25
4260.75,100.25
4261.0,100.25
4261.25,100.25
4261.5,100.75
4261.75,100.75
4262.0,101.75
4262.25,101.75
4262.5,101.75
4262.75,101.0
4263.0,101.0
4263.25,100.75
4263.5,100.75
4263.75,100.0
4264.0,100.0
4264.25,100.0
4264.5,100.25
4264.75,100.25
4265.0,98.0
4265.25,98.0
4265.5,98.0
4265.75,97.5
4266.0,97.5
4266.25,97.0
4266.5,97.0
4266.75,97.0
4267.0,96.5
4267.25,96.5
4267.5,97.0
4267.75,97.0
4268.0,97.0
4268.25,96.75
4268.5,96.75
4268.75,97.0
4269.0,97.0
4269.25,97.5
4269.5,97.5
4269.75,97.5
4270.0,98.0
4270.25,98.0
4270.5,97.5
4270.75,97.5
4271.0,97.5
4271.25,97.75
4271.5,97.75
4271.75,97.5
4272.0,97.5
4272.25,97.5
4272.5,97.0
4272.75,97.0
4273.0,97.5
4273.25,97.5
4273.5,97.5
4273.75,96.75
4274.0,96.75
4274.25,96.5
4274.5,96.5
4274.75,96.5
4275.0,96.25
4275.25,96.25
4275.5,97.0
4275.75,97.0
4276.0,97.0
4276.25,98.25
4276.5,0.0
4276.75,0.0
4277.0,0.0
4277.25,0.0
4277.5,0.0
4277.75,0.0
4278.0,0.0
4278.25,0.0
4278.5,0.0
4278.75,0.0
4279.0,0.0
4279.25,0.0
4279.5,0.0
4279.75,0.0
4280.0,0.0
4280.25,0.0
4280.5,92.5
4280.75,92.5
4281.0,92.5
4281.25,90.25
4281.5,90.25
4281.75,87.0
4282.0,87.0
4282.25,87.0
4282.5,87.0
4282.75,66.75
4283.0,66.75
4283.25,0.0
4283.5,0.0
4283.75,0.0
4284.0,0.0
4284.25,0.0
4284.5,0.0
4284.75,0.0
4285.0,0.0
4285.25,0.0
4285.5,0.0
4285.75,0.0
4286.0,0.0
4286.25,0.0
4286.5,0.0
4286.75,0.0
4287.0,0.0
4287.25,0.0
4287.5,0.0
4287.75,0.0
4288.0,0.0
4288.25,0.0
4288.5,0.0
4288.75,0.0
4289.0,0.0
4289.25,0.0
4289.5,0.0
4289.75,0.0
4290.0,0.0
4290.25,0.0
4290.5,0.0
4290.75,0.0
4291.0,0.0
4291.25,0.0
4291.5,0.0
4291.75,0.0
4292.0,0.0
4292.25,0.0
4292.5,0.0
4292.75,0.0
4293.0,0.0
4293.25,0.0
4293.5,0.0
4293.75,0.0
4294.0,0.0
4294.25,0.0
4294.5,0.0
4294.75,0.0
4295.0,0.0
4295.25,0.0
4295.5,0.0
4295.75,0.0
4296.0,0.0
4296.25,0.0
4296.5,0.0
4296.75,0.0
4297.0,0.0
4297.25,0.0
4297.5,0.0
4297.75,0.0
4298.0,0.0
4298.25,0.0
4298.5,0.0
4298.75,0.0
4299.0,0.0
4299.25,0.0
4299.5,0.0
4299.75,0.0
4300.0,0.0
4300.25,0.0
4300.5,0.0
4300.75,0.0
4301.0,0.0
4301.25,0.0
4301.5,75.0
4301.75,75.0
4302.0,75.0
4302.25,79.25
4302.5,79.25
4302.75,79.25
4303.0,82.5
4303.25,82.5
4303.5,82.5
4303.75,85.75
4304.0,85.75
4304.25,85.75
4304.5,89.0
4304.75,89.0
4305.0,93.25
4305.25,93.25
4305.5,93.25
4305.75,95.0
4306.0,95.0
4306.25,95.5
4306.5,95.5
4306.75,95.5
4307.0,95.75
4307.25,95.75
4307.5,95.75
4307.75,96.25
4308.0,96.25
4308.25,96.25
4308.5,96.25
4308.75,95.75
4309.0,95.75
4309.25,95.75
4309.5,95.5
4309.75,95.5
4310.0,95.5
4310.25,95.5
4310.5,95.5
4310.75,95.5
4311.0,95.5
4311.25,100.25
4311.5,100.25
4311.75,100.25
4312.0,100.25
4312.25,100.25
4312.5,100.25
4312.75,100.25
4313.0,99.0
4313.25,99.0
4313.5,99.0
4313.75,100.75
4314.0,100.75
4314.25,100.75
4314.5,100.75
4314.75,100.75
4315.0,101.75
4315.25,101.75
4315.5,101.75
4315.75,102.75
4316.0,105.25
4316.25,105.25
4316.5,106.0
4316.75,106.0
4317.0,106.0
4317.25,105.75
4317.5,105.75
4317.75,104.25
4318.0,104.25
4318.25,101.0
4318.5,101.0
4318.75,101.0
4319.0,96.75
4319.25,96.75
4319.5,96.75
4319.75,95.25
4320.0,95.25
4320.25,93.75
4320.5,93.75
4320.75,93.75
4321.0,92.5
4321.25,92.5
4321.5,93.0
4321.75,93.0
4322.0,93.0
4322.25,93.75
4322.5,93.75
4322.75,93.75
4323.0,93.75
4323.25,93.75
4323.5,92.25
4323.75,92.25
4324.0,91.5
4324.25,91.5
4324.5,91.5
4324.75,90.0
4325.0,90.0
4325.25,90.0
4325.5,90.0
4325.75,88.75
4326.0,88.75
4326.25,87.25
4326.5,87.25
4326.75,86.5
4327.0,86.5
4327.25,86.5
4327.5,85.75
4327.75,85.75
4328.0,85.75
4328.25,85.0
4328.5,85.0
4328.75,85.0
4329.0,83.75
4329.25,83.75
4329.5,83.75
4329.75,83.25
4330.0,83.25
4330.25,83.25
4330.5,82.0
4330.75,82.0
4331.0,82.0
4331.25,81.5
4331.5,81.5
4331.75,81.5
4332.0,80.75
4332.25,80.75
4332.5,80.75
4332.75,80.75
4333.0,80.75
4333.25,80.75
4333.5,80.25
4333.75,80.25
4334.0,80.25
4334.25,79.5
4334.5,79.5
4334.75,79.5
4335.0,80.5
4335.25,80.5
4335.5,81.0
4335.75,81.0
4336.0,81.0
4336.25,81.75
4336.5,81.75
4336.75,81.75
4337.0,82.25
4337.25,82.25
4337.5,82.25
4337.75,82.5
4338.0,82.5
4338.25,82.5
4338.5,83.0
4338.75,83.0
4339.0,83.0
4339.25,83.0
4339.5,83.0
4339.75,83.0
4340.0,83.0
4340.25,83.0
4340.5,83.0
4340.75,83.25
4341.0,83.25
4341.25,83.25
4341.5,83.25
4341.75,83.25
4342.0,83.25
4342.25,81.5
4342.5,81.5
4342.75,81.5
4343.0,80.25
4343.25,80.25
4343.5,80.25
4343.75,79.25
4344.0,79.25
4344.25,79.25
4344.5,77.25
4344.75,77.25
4345.0,77.25
4345.25,77.75
4345.5,77.75
4345.75,77.75
4346.0,79.25
4346.25,79.25
4346.5,79.25
4346.75,78.5
4347.0,78.5
4347.25,78.5
4347.5,79.25
4347.75,79.25
4348.0,79.25
4348.25,79.25
4348.5,0.0
4348.75,0.0
4349.0,0.0
4349.25,0.0
4349.5,0.0
4349.75,0.0
4350.0,0.0
4350.25,0.0
4350.5,0.0
4350.75,0.0
4351.0,0.0
4351.25,0.0
4351.5,0.0
4351.75,0.0
4352.0,0.0
4352.25,0.0
4352.5,0.0
4352.75,0.0
4353.0,0.0
4353.25,0.0
4353.5,0.0
4353.75,0.0
4354.0,0.0
4354.25,0.0
4354.5,0.0
4354.75,0.0
4355.0,0.0
4355.25,0.0
4355.5,0.0
4355.75,0.0
4356.0,0.0
4356.25,0.0
4356.5,0.0
4356.75,0.0
4357.0,0.0
4357.25,0.0
4357.5,0.0
4357.75,0.0
4358.0,0.0
4358.25,0.0
4358.5,0.0
4358.75,0.0
4359.0,0.0
4359.25,0.0
4359.5,0.0
4359.75,0.0
4360.0,0.0
4360.25,0.0
4360.5,0.0
4360.75,0.0
4361.0,0.0
4361.25,0.0
4361.5,0.0
4361.75,0.0
4362.0,0.0
4362.25,0.0
4362.5,0.0
4362.75,0.0
4363.0,0.0
4363.25,0.0
4363.5,0.0
4363.75,0.0
4364.0,0.0
4364.25,0.0
4364.5,0.0
4364.75,0.0
4365.0,0.0
4365.25,0.0
4365.5,0.0
4365.75,0.0
4366.0,0.0
4366.25,0.0
4366.5,0.0
4366.75,0.0
4367.0,0.0
4367.25,0.0
4367.5,0.0
4367.75,0.0
4368.0,0.0
4368.25,0.0
4368.5,0.0
4368.75,0.0
4369.0,0.0
4369.25,0.0
4369.5,0.0
4369.75,0.0
4370.0,0.0
4370.25,0.0
4370.5,0.0
4370.75,0.0
4371.0,0.0
4371.25,0.0
4371.5,0.0
4371.75,0.0
4372.0,0.0
4372.25,0.0
4372.5,0.0
4372.75,0.0
4373.0,0.0
4373.25,0.0
4373.5,0.0
4373.75,0.0
4374.0,0.0
4374.25,0.0
4374.5,0.0
4374.75,0.0
4375.0,0.0
4375.25,0.0
4375.5,0.0
4375.75,0.0
4376.0,0.0
4376.25,0.0
4376.5,0.0
4376.75,0.0
4377.0,0.0
4377.25,0.0
4377.5,0.0
4377.75,0.0
4378.0,0.0
4378.25,0.0
4378.5,0.0
4378.75,0.0
4379.0,0.0
4379.25,0.0
4379.5,0.0
4379.75,0.0
4380.0,0.0
4380.25,0.0
4380.5,0.0
4380.75,0.0
4381.0,0.0
4381.25,0.0
4381.5,0.0
4381.75,0.0
4382.0,0.0
4382.25,0.0
4382.5,0.0
4382.75,0.0
4383.0,0.0
4383.25,0.0
4383.5,0.0
4383.75,0.0
4384.0,0.0
4384.25,0.0
4384.5,0.0
4384.75,0.0
4385.0,0.0
4385.25,0.0
4385.5,0.0
4385.75,0.0
4386.0,0.0
4386.25,0.0
4386.5,0.0
4386.75,0.0
4387.0,0.0
4387.25,0.0
4387.5,0.0
4387.75,0.0
4388.0,0.0
4388.25,0.0
4388.5,0.0
4388.75,0.0
4389.0,0.0
4389.25,0.0
4389.5,0.0
4389.75,0.0
4390.0,0.0
4390.25,0.0
4390.5,0.0
4390.75,0.0
4391.0,0.0
4391.25,0.0
4391.5,0.0
4391.75,0.0
4392.0,0.0
4392.25,0.0
4392.5,0.0
4392.75,0.0
4393.0,0.0
4393.25,0.0
4393.5,0.0
4393.75,0.0
4394.0,0.0
4394.25,0.0
4394.5,0.0
4394.75,0.0
4395.0,0.0
4395.25,0.0
4395.5,0.0
4395.75,0.0
4396.0,0.0
4396.25,0.0
4396.5,0.0
4396.75,0.0
4397.0,0.0
4397.25,0.0
4397.5,0.0
4397.75,0.0
4398.0,0.0
4398.25,0.0
4398.5,0.0
4398.75,0.0
4399.0,0.0
4399.25,0.0
4399.5,0.0
4399.75,0.0
4400.0,0.0
4400.25,0.0
4400.5,0.0
4400.75,0.0
4401.0,0.0
4401.25,0.0
4401.5,0.0
4401.75,0.0
4402.0,0.0
4402.25,0.0
4402.5,0.0
4402.75,0.0
4403.0,0.0
4403.25,0.0
4403.5,0.0
4403.75,0.0
4404.0,0.0
4404.25,0.0
4404.5,0.0
4404.75,0.0
4405.0,0.0
4405.25,0.0
4405.5,0.0
4405.75,0.0
4406.0,0.0
4406.25,0.0
4406.5,0.0
4406.75,0.0
4407.0,0.0
4407.25,0.0
4407.5,0.0
4407.75,0.0
4408.0,0.0
4408.25,0.0
4408.5,0.0
4408.75,0.0
4409.0,0.0
4409.25,0.0
4409.5,0.0
4409.75,0.0
4410.0,0.0
4410.25,0.0
4410.5,0.0
4410.75,0.0
4411.0,0.0
4411.25,0.0
4411.5,0.0
4411.75,0.0
4412.0,0.0
4412.25,0.0
4412.5,0.0
4412.75,0.0
4413.0,0.0
4413.25,0.0
4413.5,0.0
4413.75,0.0
4414.0,0.0
4414.25,0.0
4414.5,0.0
4414.75,0.0
4415.0,0.0
4415.25,0.0
4415.5,0.0
4415.75,0.0
4416.0,0.0
4416.25,0.0
4416.5,0.0
4416.75,0.0
4417.0,0.0
4417.25,0.0
4417.5,0.0
4417.75,0.0
4418.0,0.0
4418.25,0.0
4418.5,0.0
4418.75,0.0
4419.0,0.0
4419.25,0.0
4419.5,0.0
4419.75,0.0
4420.0,0.0
4420.25,0.0
4420.5,0.0
4420.75,0.0
4421.0,0.0
4421.25,0.0
4421.5,0.0
4421.75,0.0
4422.0,0.0
4422.25,0.0
4422.5,0.0
4422.75,0.0
4423.0,0.0
4423.25,0.0
4423.5,0.0
4423.75,0.0
4424.0,0.0
4424.25,0.0
4424.5,0.0
4424.75,0.0
4425.0,0.0
4425.25,0.0
4425.5,0.0
4425.75,0.0
4426.0,0.0
4426.25,0.0
4426.5,0.0
4426.75,0.0
4427.0,0.0
4427.25,0.0
4427.5,0.0
4427.75,0.0
4428.0,0.0
4428.25,0.0
4428.5,0.0
4428.75,0.0
4429.0,0.0
4429.25,0.0
4429.5,0.0
4429.75,0.0
4430.0,0.0
4430.25,0.0
4430.5,0.0
4430.75,0.0
4431.0,0.0
4431.25,0.0
4431.5,0.0
4431.75,0.0
4432.0,0.0
4432.25,0.0
4432.5,0.0
4432.75,0.0
4433.0,0.0
4433.25,0.0
4433.5,0.0
4433.75,0.0
4434.0,0.0
4434.25,0.0
4434.5,0.0
4434.75,0.0
4435.0,0.0
4435.25,0.0
4435.5,0.0
4435.75,0.0
4436.0,0.0
4436.25,0.0
4436.5,0.0
4436.75,0.0
4437.0,0.0
4437.25,0.0
4437.5,0.0
4437.75,0.0
4438.0,0.0
4438.25,0.0
4438.5,0.0
4438.75,0.0
4439.0,0.0
4439.25,0.0
4439.5,0.0
4439.75,0.0
4440.0,0.0
4440.25,0.0
4440.5,0.0
4440.75,0.0
4441.0,0.0
4441.25,0.0
4441.5,0.0
4441.75,0.0
4442.0,0.0
4442.25,0.0
4442.5,0.0
4442.75,0.0
4443.0,0.0
4443.25,0.0
4443.5,0.0
4443.75,0.0
4444.0,0.0
4444.25,0.0
4444.5,0.0
4444.75,0.0
4445.0,0.0
4445.25,0.0
4445.5,0.0
4445.75,0.0
4446.0,0.0
4446.25,0.0
4446.5,0.0
4446.75,0.0
4447.0,0.0
4447.25,0.0
4447.5,0.0
4447.75,0.0
4448.0,0.0
4448.25,0.0
4448.5,0.0
4448.75,0.0
4449.0,0.0
4449.25,0.0
4449.5,0.0
4449.75,0.0
4450.0,0.0
4450.25,0.0
4450.5,0.0
4450.75,0.0
4451.0,0.0
4451.25,0.0
4451.5,0.0
4451.75,0.0
4452.0,0.0
4452.25,0.0
4452.5,0.0
4452.75,0.0
4453.0,0.0
4453.25,0.0
4453.5,0.0
4453.75,0.0
4454.0,0.0
4454.25,0.0
4454.5,0.0
4454.75,0.0
4455.0,0.0
4455.25,0.0
4455.5,0.0
4455.75,0.0
4456.0,0.0
4456.25,0.0
4456.5,0.0
4456.75,0.0
4457.0,0.0
4457.25,0.0
4457.5,0.0
4457.75,0.0
4458.0,0.0
4458.25,0.0
4458.5,0.0
4458.75,0.0
4459.0,0.0
4459.25,0.0
4459.5,0.0
4459.75,0.0
4460.0,0.0
4460.25,0.0
4460.5,0.0
4460.75,0.0
4461.0,0.0
4461.25,0.0
4461.5,0.0
4461.75,0.0
4462.0,0.0
4462.25,0.0
4462.5,0.0
4462.75,0.0
4463.0,0.0
4463.25,0.0
4463.5,0.0
4463.75,0.0
4464.0,0.0
4464.25,0.0
4464.5,0.0
4464.75,0.0
4465.0,0.0
4465.25,0.0
4465.5,0.0
4465.75,0.0
4466.0,0.0
4466.25,0.0
4466.5,0.0
4466.75,0.0
4467.0,0.0
4467.25,0.0
4467.5,0.0
4467.75,0.0
4468.0,0.0
4468.25,0.0
4468.5,0.0
4468.75,0.0
4469.0,0.0
4469.25,0.0
4469.5,0.0
4469.75,0.0
4470.0,0.0
4470.25,0.0
4470.5,0.0
4470.75,0.0
4471.0,0.0
4471.25,0.0
4471.5,0.0
4471.75,0.0
4472.0,0.0
4472.25,0.0
4472.5,0.0
4472.75,0.0
4473.0,0.0
4473.25,0.0
4473.5,0.0
4473.75,0.0
4474.0,0.0
4474.25,0.0
4474.5,0.0
4474.75,0.0
4475.0,0.0
4475.25,0.0
4475.5,0.0
4475.75,0.0
4476.0,0.0
4476.25,0.0
4476.5,0.0
4476.75,0.0
4477.0,0.0
4477.25,0.0
4477.5,0.0
4477.75,0.0
4478.0,0.0
4478.25,0.0
4478.5,0.0
4478.75,0.0
4479.0,0.0
4479.25,0.0
4479.5,0.0
4479.75,0.0
4480.0,0.0
4480.25,0.0
4480.5,0.0
4480.75,0.0
4481.0,0.0
4481.25,0.0
4481.5,0.0
4481.75,0.0
4482.0,0.0
4482.25,0.0
4482.5,0.0
4482.75,0.0
4483.0,0.0
4483.25,0.0
4483.5,0.0
4483.75,0.0
4484.0,0.0
4484.25,0.0
4484.5,0.0
4484.75,0.0
4485.0,0.0
4485.25,0.0
4485.5,0.0
4485.75,0.0
4486.0,0.0
4486.25,0.0
4486.5,0.0
4486.75,0.0
4487.0,0.0
4487.25,0.0
4487.5,0.0
4487.75,0.0
4488.0,0.0
4488.25,0.0
4488.5,0.0
4488.75,0.0
4489.0,0.0
4489.25,0.0
4489.5,0.0
4489.75,0.0
4490.0,0.0
4490.25,0.0
4490.5,0.0
4490.75,0.0
4491.0,0.0
4491.25,0.0
4491.5,0.0
4491.75,0.0
4492.0,0.0
4492.25,0.0
4492.5,0.0
4492.75,0.0
4493.0,0.0
4493.25,0.0
4493.5,0.0
4493.75,0.0
4494.0,0.0
4494.25,0.0
4494.5,0.0
4494.75,0.0
4495.0,0.0
4495.25,0.0
4495.5,0.0
4495.75,0.0
4496.0,0.0
4496.25,0.0
4496.5,0.0
4496.75,0.0
4497.0,0.0
4497.25,0.0
4497.5,0.0
4497.75,0.0
4498.0,0.0
4498.25,0.0
4498.5,0.0
4498.75,0.0
4499.0,0.0
4499.25,0.0
4499.5,0.0
4499.75,0.0
