time_seconds,fetal_heart_rate
0.0,153.75
0.25,153.75
0.5,153.75
0.75,154.75
1.0,154.75
1.25,153.75
1.5,153.75
1.75,153.75
2.0,154.75
2.25,153.75
2.5,153.75
2.75,154.75
3.0,154.75
3.25,154.75
3.5,154.75
3.75,154.75
4.0,154.75
4.25,154.75
4.5,154.75
4.75,155.5
5.0,154.75
5.25,154.75
5.5,156.25
5.75,156.25
6.0,156.25
6.25,156.25
6.5,157.0
6.75,157.0
7.0,158.0
7.25,158.0
7.5,158.0
7.75,158.75
8.0,159.5
8.25,159.5
8.5,158.75
8.75,161.25
9.0,161.25
9.25,160.5
9.5,162.25
9.75,162.25
10.0,162.25
10.25,164.0
10.5,164.0
10.75,164.0
11.0,164.75
11.25,164.75
11.5,164.75
11.75,164.75
12.0,164.75
12.25,165.75
12.5,164.75
12.75,164.75
13.0,166.75
13.25,165.75
13.5,165.75
13.75,165.75
14.0,164.75
14.25,164.75
14.5,164.75
14.75,163.0
15.0,161.25
15.25,161.25
15.5,160.5
15.75,161.25
16.0,161.25
16.25,160.5
16.5,160.5
16.75,160.5
17.0,159.5
17.25,159.5
17.5,159.5
17.75,159.5
18.0,158.75
18.25,158.75
18.5,159.5
18.75,159.5
19.0,159.5
19.25,158.75
19.5,159.5
19.75,159.5
20.0,156.25
20.25,163.0
20.5,163.0
20.75,158.0
21.0,159.5
21.25,159.5
21.5,158.75
21.75,158.75
22.0,158.75
22.25,159.5
22.5,158.75
22.75,158.75
23.0,158.75
23.25,158.75
23.5,158.75
23.75,158.75
24.0,158.75
24.25,159.5
24.5,158.75
24.75,158.75
25.0,158.75
25.25,158.75
25.5,158.75
25.75,158.75
26.0,158.0
26.25,158.0
26.5,158.75
26.75,158.0
27.0,158.0
27.25,158.0
27.5,158.0
27.75,158.0
28.0,158.0
28.25,157.0
28.5,157.0
28.75,157.0
29.0,158.0
29.25,158.0
29.5,157.0
29.75,157.0
30.0,157.0
30.25,157.0
30.5,157.0
30.75,157.0
31.0,156.25
31.25,157.0
31.5,157.0
31.75,157.0
32.0,156.25
32.25,156.25
32.5,157.0
32.75,157.0
33.0,157.0
33.25,156.25
33.5,156.25
33.75,156.25
34.0,156.25
34.25,156.25
34.5,154.75
34.75,155.5
35.0,155.5
35.25,155.5
35.5,153.75
35.75,153.75
36.0,154.75
36.25,154.75
36.5,154.75
36.75,154.75
37.0,154.75
37.25,154.75
37.5,154.75
37.75,154.75
38.0,154.75
38.25,154.75
38.5,154.75
38.75,154.75
39.0,155.5
39.25,155.5
39.5,154.75
39.75,154.75
40.0,154.75
40.25,154.75
40.5,154.75
40.75,154.75
41.0,154.75
41.25,154.75
41.5,155.5
41.75,154.75
42.0,154.75
42.25,154.75
42.5,155.5
42.75,155.5
43.0,155.5
43.25,154.75
43.5,154.75
43.75,154.75
44.0,155.5
44.25,155.5
44.5,154.75
44.75,154.75
45.0,155.5
45.25,154.75
45.5,154.75
45.75,154.75
46.0,155.5
46.25,155.5
46.5,154.75
46.75,155.5
47.0,155.5
47.25,154.75
47.5,155.5
47.75,155.5
48.0,155.5
48.25,155.5
48.5,155.5
48.75,154.75
49.0,154.75
49.25,155.5
49.5,155.5
49.75,155.5
50.0,154.75
50.25,154.75
50.5,154.75
50.75,154.75
51.0,153.75
51.25,153.75
51.5,153.75
51.75,153.75
52.0,153.75
52.25,153.75
52.5,153.75
52.75,153.75
53.0,153.75
53.25,153.75
53.5,153.75
53.75,153.75
54.0,153.75
54.25,153.75
54.5,153.75
54.75,153.75
55.0,153.75
55.25,153.75
55.5,153.75
55.75,153.75
56.0,155.5
56.25,153.75
56.5,155.5
56.75,155.5
57.0,155.5
57.25,156.25
57.5,156.25
57.75,157.0
58.0,157.0
58.25,157.0
58.5,157.0
58.75,157.0
59.0,158.75
59.25,158.0
59.5,159.5
59.75,159.5
60.0,158.75
60.25,159.5
60.5,159.5
60.75,159.5
61.0,160.5
61.25,160.5
61.5,159.5
61.75,160.5
62.0,160.5
62.25,160.5
62.5,159.5
62.75,159.5
63.0,160.5
63.25,160.5
63.5,160.5
63.75,160.5
64.0,160.5
64.25,160.5
64.5,160.5
64.75,160.5
65.0,160.5
65.25,160.5
65.5,161.25
65.75,161.25
66.0,160.5
66.25,159.5
66.5,159.5
66.75,160.5
67.0,159.5
67.25,159.5
67.5,159.5
67.75,159.5
68.0,159.5
68.25,158.75
68.5,158.75
68.75,158.75
69.0,158.75
69.25,158.0
69.5,158.0
69.75,158.0
70.0,158.0
70.25,158.0
70.5,158.0
70.75,158.0
71.0,157.0
71.25,157.0
71.5,158.0
71.75,158.0
72.0,157.0
72.25,157.0
72.5,157.0
72.75,157.0
73.0,157.0
73.25,156.25
73.5,158.0
73.75,158.0
74.0,157.0
74.25,156.25
74.5,156.25
74.75,156.25
75.0,157.0
75.25,157.0
75.5,156.25
75.75,156.25
76.0,156.25
76.25,155.5
76.5,155.5
76.75,155.5
77.0,156.25
77.25,154.75
77.5,154.75
77.75,155.5
78.0,155.5
78.25,154.75
78.5,154.75
78.75,154.75
79.0,154.75
79.25,154.75
79.5,154.75
79.75,154.75
80.0,154.75
80.25,154.75
80.5,154.75
80.75,155.5
81.0,155.5
81.25,154.75
81.5,154.75
81.75,155.5
82.0,155.5
82.25,155.5
82.5,154.75
82.75,156.25
83.0,156.25
83.25,155.5
83.5,155.5
83.75,155.5
84.0,156.25
84.25,155.5
84.5,155.5
84.75,155.5
85.0,155.5
85.25,155.5
85.5,156.25
85.75,156.25
86.0,155.5
86.25,155.5
86.5,155.5
86.75,156.25
87.0,155.5
87.25,155.5
87.5,156.25
87.75,156.25
88.0,156.25
88.25,156.25
88.5,155.5
88.75,155.5
89.0,156.25
89.25,156.25
89.5,156.25
89.75,156.25
90.0,156.25
90.25,156.25
90.5,157.0
90.75,155.5
91.0,155.5
91.25,157.0
91.5,157.0
91.75,157.0
92.0,155.5
92.25,155.5
92.5,155.5
92.75,155.5
93.0,155.5
93.25,155.5
93.5,155.5
93.75,155.5
94.0,154.75
94.25,154.75
94.5,154.75
94.75,154.75
95.0,154.75
95.25,153.75
95.5,154.75
95.75,154.75
96.0,153.75
96.25,154.75
96.5,154.75
96.75,153.75
97.0,154.75
97.25,154.75
97.5,154.75
97.75,154.75
98.0,154.75
98.25,155.5
98.5,154.75
98.75,154.75
99.0,155.5
99.25,155.5
99.5,155.5
99.75,155.5
100.0,155.5
100.25,155.5
100.5,155.5
100.75,155.5
101.0,154.75
101.25,155.5
101.5,155.5
101.75,154.75
102.0,155.5
102.25,155.5
102.5,154.75
102.75,154.75
103.0,154.75
103.25,154.75
103.5,154.75
103.75,153.75
104.0,154.75
104.25,154.75
104.5,154.75
104.75,153.75
105.0,153.75
105.25,154.75
105.5,154.75
105.75,154.75
106.0,153.75
106.25,154.75
106.5,154.75
106.75,155.5
107.0,155.5
107.25,154.75
107.5,154.75
107.75,154.75
108.0,154.75
108.25,155.5
108.5,155.5
108.75,154.75
109.0,155.5
109.25,155.5
109.5,154.75
109.75,154.75
110.0,154.75
110.25,155.5
110.5,155.5
110.75,154.75
111.0,155.5
111.25,155.5
111.5,155.5
111.75,154.75
112.0,154.75
112.25,155.5
112.5,154.75
112.75,154.75
113.0,155.5
113.25,154.75
113.5,154.75
113.75,155.5
114.0,154.75
114.25,154.75
114.5,155.5
114.75,155.5
115.0,155.5
115.25,154.75
115.5,154.75
115.75,155.5
116.0,155.5
116.25,155.5
116.5,155.5
116.75,156.25
117.0,156.25
117.25,155.5
117.5,157.0
117.75,157.0
118.0,156.25
118.25,156.25
118.5,156.25
118.75,156.25
119.0,156.25
119.25,156.25
119.5,157.0
119.75,157.0
120.0,156.25
120.25,156.25
120.5,156.25
120.75,156.25
121.0,156.25
121.25,156.25
121.5,156.25
121.75,156.25
122.0,156.25
122.25,156.25
122.5,157.0
122.75,157.0
123.0,156.25
123.25,156.25
123.5,156.25
123.75,156.25
124.0,156.25
124.25,156.25
124.5,157.0
124.75,157.0
125.0,155.5
125.25,156.25
125.5,156.25
125.75,155.5
126.0,156.25
126.25,156.25
126.5,156.25
126.75,155.5
127.0,155.5
127.25,155.5
127.5,155.5
127.75,155.5
128.0,155.5
128.25,155.5
128.5,155.5
128.75,154.75
129.0,154.75
129.25,154.75
129.5,155.5
129.75,155.5
130.0,154.75
130.25,155.5
130.5,155.5
130.75,154.75
131.0,154.75
131.25,154.75
131.5,154.75
131.75,154.75
132.0,154.75
132.25,154.75
132.5,155.5
132.75,155.5
133.0,154.75
133.25,154.75
133.5,154.75
133.75,154.75
134.0,154.75
134.25,155.5
134.5,155.5
134.75,155.5
135.0,154.75
135.25,154.75
135.5,154.75
135.75,154.75
136.0,155.5
136.25,155.5
136.5,154.75
136.75,155.5
137.0,155.5
137.25,155.5
137.5,155.5
137.75,155.5
138.0,156.25
138.25,156.25
138.5,155.5
138.75,156.25
139.0,156.25
139.25,155.5
139.5,155.5
139.75,155.5
140.0,155.5
140.25,155.5
140.5,155.5
140.75,154.75
141.0,155.5
141.25,155.5
141.5,154.75
141.75,154.75
142.0,154.75
142.25,154.75
142.5,154.75
142.75,154.75
143.0,155.5
143.25,155.5
143.5,154.75
143.75,154.75
144.0,154.75
144.25,156.25
144.5,154.75
144.75,154.75
145.0,154.75
145.25,155.5
145.5,155.5
145.75,155.5
146.0,155.5
146.25,154.75
146.5,155.5
146.75,155.5
147.0,153.75
147.25,154.75
147.5,154.75
147.75,154.75
148.0,153.75
148.25,153.75
148.5,154.75
148.75,153.75
149.0,153.75
149.25,154.75
149.5,154.75
149.75,153.75
150.0,154.75
150.25,154.75
150.5,154.75
150.75,153.75
151.0,153.75
151.25,154.75
151.5,153.0
151.75,153.0
152.0,153.75
152.25,152.25
152.5,152.25
152.75,151.5
153.0,151.5
153.25,150.75
153.5,151.5
153.75,151.5
154.0,151.5
154.25,150.75
154.5,150.75
154.75,151.5
155.0,151.5
155.25,152.25
155.5,151.5
155.75,151.5
156.0,153.0
156.25,152.25
156.5,152.25
156.75,153.75
157.0,153.0
157.25,153.0
157.5,153.75
157.75,153.75
158.0,153.75
158.25,153.75
158.5,153.75
158.75,153.75
159.0,153.75
159.25,153.75
159.5,154.75
159.75,153.0
160.0,153.0
160.25,153.75
160.5,153.75
160.75,151.5
161.0,152.25
161.25,152.25
161.5,152.25
161.75,151.5
162.0,151.5
162.25,152.25
162.5,151.5
162.75,151.5
163.0,151.5
163.25,151.5
163.5,151.5
163.75,152.25
164.0,152.25
164.25,151.5
164.5,151.5
164.75,151.5
165.0,151.5
165.25,152.25
165.5,152.25
165.75,152.25
166.0,152.25
166.25,152.25
166.5,152.25
166.75,152.25
167.0,152.25
167.25,152.25
167.5,152.25
167.75,152.25
168.0,153.0
168.25,153.0
168.5,152.25
168.75,152.25
169.0,153.0
169.25,153.0
169.5,153.0
169.75,153.0
170.0,153.75
170.25,153.75
170.5,153.0
170.75,153.75
171.0,153.75
171.25,153.75
171.5,153.75
171.75,153.75
172.0,153.75
172.25,153.75
172.5,154.75
172.75,153.75
173.0,153.75
173.25,153.75
173.5,153.75
173.75,153.75
174.0,154.75
174.25,153.75
174.5,153.75
174.75,153.75
175.0,153.75
175.25,153.75
175.5,153.75
175.75,153.75
176.0,153.75
176.25,153.75
176.5,153.75
176.75,153.75
177.0,154.75
177.25,154.75
177.5,153.75
177.75,153.75
178.0,153.75
178.25,154.75
178.5,154.75
178.75,153.75
179.0,153.75
179.25,153.75
179.5,153.75
179.75,153.75
180.0,153.75
180.25,153.75
180.5,153.75
180.75,153.75
181.0,153.75
181.25,153.75
181.5,153.75
181.75,153.0
182.0,153.0
182.25,153.75
182.5,153.75
182.75,153.75
183.0,153.75
183.25,153.75
183.5,153.75
183.75,153.75
184.0,153.75
184.25,153.75
184.5,153.75
184.75,153.75
185.0,154.75
185.25,153.75
185.5,153.75
185.75,153.75
186.0,153.0
186.25,153.0
186.5,153.0
186.75,153.0
187.0,153.0
187.25,153.0
187.5,153.0
187.75,153.0
188.0,153.0
188.25,153.0
188.5,153.0
188.75,153.0
189.0,153.0
189.25,153.75
189.5,153.0
189.75,153.0
190.0,153.0
190.25,153.0
190.5,153.75
190.75,153.0
191.0,153.0
191.25,153.75
191.5,153.0
191.75,153.0
192.0,153.75
192.25,153.0
192.5,153.0
192.75,153.75
193.0,153.75
193.25,153.75
193.5,153.75
193.75,153.75
194.0,153.0
194.25,153.75
194.5,153.75
194.75,153.75
195.0,153.75
195.25,153.75
195.5,153.0
195.75,153.75
196.0,153.75
196.25,153.75
196.5,153.75
196.75,153.0
197.0,153.0
197.25,153.0
197.5,153.75
197.75,153.0
198.0,153.0
198.25,153.0
198.5,153.75
198.75,153.75
199.0,153.75
199.25,153.0
199.5,153.0
199.75,154.75
200.0,154.75
200.25,153.75
200.5,153.75
200.75,153.75
201.0,154.75
201.25,153.75
201.5,153.75
201.75,154.75
202.0,154.75
202.25,154.75
202.5,154.75
202.75,154.75
203.0,154.75
203.25,153.75
203.5,153.75
203.75,154.75
204.0,154.75
204.25,154.75
204.5,153.75
204.75,153.75
205.0,153.75
205.25,153.75
205.5,153.0
205.75,153.0
206.0,153.0
206.25,153.0
206.5,153.0
206.75,153.0
207.0,153.0
207.25,152.25
207.5,153.75
207.75,153.75
208.0,153.0
208.25,154.75
208.5,154.75
208.75,154.75
209.0,155.5
209.25,155.5
209.5,155.5
209.75,155.5
210.0,157.0
210.25,157.0
210.5,157.0
210.75,154.75
211.0,157.0
211.25,157.0
211.5,156.25
211.75,156.25
212.0,157.0
212.25,157.0
212.5,0.0
212.75,0.0
213.0,0.0
213.25,0.0
213.5,0.0
213.75,0.0
214.0,0.0
214.25,0.0
214.5,0.0
214.75,0.0
215.0,0.0
215.25,0.0
215.5,158.0
215.75,158.0
216.0,158.0
216.25,158.0
216.5,158.0
216.75,157.0
217.0,157.0
217.25,158.75
217.5,158.0
217.75,158.0
218.0,158.0
218.25,158.0
218.5,158.0
218.75,158.0
219.0,158.0
219.25,158.0
219.5,158.0
219.75,158.0
220.0,158.0
220.25,158.75
220.5,158.0
220.75,158.0
221.0,158.0
221.25,158.0
221.5,158.0
221.75,158.75
222.0,158.0
222.25,158.0
222.5,158.75
222.75,158.75
223.0,158.0
223.25,159.5
223.5,158.75
223.75,158.75
224.0,159.5
224.25,158.75
224.5,158.75
224.75,159.5
225.0,159.5
225.25,159.5
225.5,159.5
225.75,160.5
226.0,160.5
226.25,160.5
226.5,159.5
226.75,159.5
227.0,160.5
227.25,160.5
227.5,160.5
227.75,160.5
228.0,161.25
228.25,0.0
228.5,0.0
228.75,0.0
229.0,0.0
229.25,0.0
229.5,0.0
229.75,0.0
230.0,0.0
230.25,159.5
230.5,159.5
230.75,160.5
231.0,160.5
231.25,160.5
231.5,160.5
231.75,161.25
232.0,161.25
232.25,160.5
232.5,161.25
232.75,161.25
233.0,162.25
233.25,161.25
233.5,161.25
233.75,162.25
234.0,162.25
234.25,162.25
234.5,163.0
234.75,163.0
235.0,163.0
235.25,164.0
235.5,164.0
235.75,164.0
236.0,163.0
236.25,164.75
236.5,164.75
236.75,164.75
237.0,164.75
237.25,164.75
237.5,164.75
237.75,165.75
238.0,164.75
238.25,164.75
238.5,164.75
238.75,164.75
239.0,164.75
239.25,164.0
239.5,164.0
239.75,164.0
240.0,163.0
240.25,164.0
240.5,164.0
240.75,163.0
241.0,163.0
241.25,162.25
241.5,162.25
241.75,162.25
242.0,161.25
242.25,161.25
242.5,162.25
242.75,161.25
243.0,161.25
243.25,160.5
243.5,160.5
243.75,160.5
244.0,161.25
244.25,159.5
244.5,159.5
244.75,159.5
245.0,160.5
245.25,160.5
245.5,159.5
245.75,158.75
246.0,158.75
246.25,158.0
246.5,158.75
246.75,158.75
247.0,157.0
247.25,157.0
247.5,158.0
247.75,157.0
248.0,157.0
248.25,157.0
248.5,157.0
248.75,157.0
249.0,156.25
249.25,157.0
249.5,157.0
249.75,157.0
250.0,157.0
250.25,157.0
250.5,157.0
250.75,157.0
251.0,157.0
251.25,157.0
251.5,157.0
251.75,157.0
252.0,157.0
252.25,158.0
252.5,158.0
252.75,157.0
253.0,157.0
253.25,157.0
253.5,157.0
253.75,158.0
254.0,158.0
254.25,157.0
254.5,157.0
254.75,158.0
255.0,157.0
255.25,157.0
255.5,156.25
255.75,158.0
256.0,158.0
256.25,157.0
256.5,157.0
256.75,157.0
257.0,157.0
257.25,157.0
257.5,157.0
257.75,157.0
258.0,157.0
258.25,157.0
258.5,157.0
258.75,157.0
259.0,157.0
259.25,158.0
259.5,157.0
259.75,157.0
260.0,158.0
260.25,157.0
260.5,157.0
260.75,158.0
261.0,158.0
261.25,158.0
261.5,158.0
261.75,158.0
262.0,158.0
262.25,157.0
262.5,157.0
262.75,157.0
263.0,158.0
263.25,157.0
263.5,158.0
263.75,158.0
264.0,158.0
264.25,157.0
264.5,158.0
264.75,158.0
265.0,158.0
265.25,157.0
265.5,157.0
265.75,157.0
266.0,157.0
266.25,157.0
266.5,156.25
266.75,157.0
267.0,157.0
267.25,155.5
267.5,155.5
267.75,155.5
268.0,154.75
268.25,154.75
268.5,155.5
268.75,155.5
269.0,154.75
269.25,153.75
269.5,154.75
269.75,154.75
270.0,153.0
270.25,153.0
270.5,153.0
270.75,153.75
271.0,153.75
271.25,153.75
271.5,153.0
271.75,153.0
272.0,153.75
272.25,153.75
272.5,153.75
272.75,154.75
273.0,153.75
273.25,153.75
273.5,153.75
273.75,154.75
274.0,154.75
274.25,154.75
274.5,154.75
274.75,154.75
275.0,155.5
275.25,155.5
275.5,154.75
275.75,154.75
276.0,155.5
276.25,155.5
276.5,155.5
276.75,155.5
277.0,155.5
277.25,155.5
277.5,155.5
277.75,155.5
278.0,155.5
278.25,156.25
278.5,156.25
278.75,156.25
279.0,156.25
279.25,156.25
279.5,157.0
279.75,157.0
280.0,156.25
280.25,156.25
280.5,157.0
280.75,157.0
281.0,157.0
281.25,158.0
281.5,157.0
281.75,157.0
282.0,158.0
282.25,158.0
282.5,158.0
282.75,158.0
283.0,158.0
283.25,158.0
283.5,158.0
283.75,158.0
284.0,158.75
284.25,158.0
284.5,158.0
284.75,158.0
285.0,158.0
285.25,158.0
285.5,158.0
285.75,158.0
286.0,158.0
286.25,158.0
286.5,158.0
286.75,158.0
287.0,158.0
287.25,158.0
287.5,157.0
287.75,157.0
288.0,158.0
288.25,158.0
288.5,158.0
288.75,158.75
289.0,158.75
289.25,157.0
289.5,158.0
289.75,158.0
290.0,157.0
290.25,158.0
290.5,158.0
290.75,157.0
291.0,158.0
291.25,158.0
291.5,157.0
291.75,157.0
292.0,157.0
292.25,157.0
292.5,157.0
292.75,157.0
293.0,157.0
293.25,158.0
293.5,158.0
293.75,156.25
294.0,157.0
294.25,157.0
294.5,157.0
294.75,156.25
295.0,156.25
295.25,157.0
295.5,156.25
295.75,156.25
296.0,156.25
296.25,156.25
296.5,157.0
296.75,156.25
297.0,156.25
297.25,157.0
297.5,157.0
297.75,157.0
298.0,157.0
298.25,157.0
298.5,157.0
298.75,157.0
299.0,158.0
299.25,158.0
299.5,157.0
299.75,157.0
300.0,157.0
300.25,158.0
300.5,157.0
300.75,157.0
301.0,158.0
301.25,157.0
301.5,157.0
301.75,158.0
302.0,158.0
302.25,158.0
302.5,158.0
302.75,158.0
303.0,158.0
303.25,158.0
303.5,158.0
303.75,157.0
304.0,158.0
304.25,158.0
304.5,158.0
304.75,158.0
305.0,158.0
305.25,157.0
305.5,158.0
305.75,158.0
306.0,158.0
306.25,158.0
306.5,158.0
306.75,158.0
307.0,158.0
307.25,158.0
307.5,158.0
307.75,158.0
308.0,158.0
308.25,158.0
308.5,158.0
308.75,158.0
309.0,158.0
309.25,157.0
309.5,157.0
309.75,158.0
310.0,158.0
310.25,158.0
310.5,157.0
310.75,158.0
311.0,158.0
311.25,158.0
311.5,157.0
311.75,157.0
312.0,158.0
312.25,158.0
312.5,157.0
312.75,158.0
313.0,158.0
313.25,157.0
313.5,157.0
313.75,157.0
314.0,158.0
314.25,157.0
314.5,157.0
314.75,158.0
315.0,157.0
315.25,157.0
315.5,158.0
315.75,0.0
316.0,0.0
316.25,0.0
316.5,0.0
316.75,0.0
317.0,0.0
317.25,0.0
317.5,0.0
317.75,0.0
318.0,0.0
318.25,0.0
318.5,158.0
318.75,158.0
319.0,158.0
319.25,158.0
319.5,157.0
319.75,157.0
320.0,158.0
320.25,158.0
320.5,158.0
320.75,158.0
321.0,158.0
321.25,157.0
321.5,158.0
321.75,158.0
322.0,158.0
322.25,158.0
322.5,158.0
322.75,157.0
323.0,158.75
323.25,158.75
323.5,158.0
323.75,158.0
324.0,158.0
324.25,158.0
324.5,158.0
324.75,158.0
325.0,158.0
325.25,158.0
325.5,158.0
325.75,158.0
326.0,158.0
326.25,158.0
326.5,157.0
326.75,158.0
327.0,158.0
327.25,158.0
327.5,157.0
327.75,157.0
328.0,157.0
328.25,157.0
328.5,157.0
328.75,157.0
329.0,157.0
329.25,0.0
329.5,0.0
329.75,0.0
330.0,0.0
330.25,0.0
330.5,0.0
330.75,0.0
331.0,0.0
331.25,0.0
331.5,0.0
331.75,0.0
332.0,0.0
332.25,0.0
332.5,0.0
332.75,0.0
333.0,0.0
333.25,0.0
333.5,0.0
333.75,0.0
334.0,0.0
334.25,0.0
334.5,0.0
334.75,0.0
335.0,0.0
335.25,0.0
335.5,0.0
335.75,0.0
336.0,153.75
336.25,153.75
336.5,153.75
336.75,153.75
337.0,152.25
337.25,153.75
337.5,153.75
337.75,153.75
338.0,153.75
338.25,153.75
338.5,154.75
338.75,154.75
339.0,154.75
339.25,154.75
339.5,154.75
339.75,154.75
340.0,156.25
340.25,156.25
340.5,155.5
340.75,155.5
341.0,155.5
341.25,156.25
341.5,156.25
341.75,156.25
342.0,156.25
342.25,156.25
342.5,156.25
342.75,155.5
343.0,156.25
343.25,156.25
343.5,156.25
343.75,156.25
344.0,155.5
344.25,156.25
344.5,155.5
344.75,155.5
345.0,155.5
345.25,155.5
345.5,154.75
345.75,154.75
346.0,154.75
346.25,154.75
346.5,154.75
346.75,154.75
347.0,153.75
347.25,154.75
347.5,154.75
347.75,153.75
348.0,154.75
348.25,154.75
348.5,153.75
348.75,153.75
349.0,154.75
349.25,153.75
349.5,153.75
349.75,153.75
350.0,153.75
350.25,153.75
350.5,153.75
350.75,153.75
351.0,153.75
351.25,153.0
351.5,153.75
351.75,153.75
352.0,154.75
352.25,154.75
352.5,153.0
352.75,153.75
353.0,153.75
353.25,154.75
353.5,153.75
353.75,153.75
354.0,154.75
354.25,153.75
354.5,153.75
354.75,154.75
355.0,154.75
355.25,154.75
355.5,154.75
355.75,154.75
356.0,153.75
356.25,154.75
356.5,154.75
356.75,153.75
357.0,154.75
357.25,154.75
357.5,154.75
357.75,153.75
358.0,153.75
358.25,154.75
358.5,153.75
358.75,153.75
359.0,154.75
359.25,154.75
359.5,153.75
359.75,153.75
360.0,153.75
360.25,153.75
360.5,154.75
360.75,154.75
361.0,153.75
361.25,153.75
361.5,153.75
361.75,153.75
362.0,153.75
362.25,153.75
362.5,153.75
362.75,153.75
363.0,154.75
363.25,153.75
363.5,153.75
363.75,153.75
364.0,154.75
364.25,154.75
364.5,153.0
364.75,153.75
365.0,153.75
365.25,153.75
365.5,153.75
365.75,153.0
366.0,153.75
366.25,153.75
366.5,153.75
366.75,153.75
367.0,153.75
367.25,153.0
367.5,153.75
367.75,153.75
368.0,153.75
368.25,153.75
368.5,153.75
368.75,153.75
369.0,153.75
369.25,153.0
369.5,153.75
369.75,153.75
370.0,154.75
370.25,153.75
370.5,153.75
370.75,154.75
371.0,154.75
371.25,154.75
371.5,154.75
371.75,156.25
372.0,156.25
372.25,155.5
372.5,155.5
372.75,157.0
373.0,157.0
373.25,157.0
373.5,156.25
373.75,157.0
374.0,157.0
374.25,157.0
374.5,157.0
374.75,157.0
375.0,157.0
375.25,157.0
375.5,157.0
375.75,158.0
376.0,157.0
376.25,157.0
376.5,157.0
376.75,158.0
377.0,158.0
377.25,157.0
377.5,158.0
377.75,158.0
378.0,157.0
378.25,158.75
378.5,158.75
378.75,158.75
379.0,158.0
379.25,158.0
379.5,159.5
379.75,160.5
380.0,160.5
380.25,159.5
380.5,160.5
380.75,160.5
381.0,161.25
381.25,161.25
381.5,161.25
381.75,161.25
382.0,161.25
382.25,160.5
382.5,161.25
382.75,161.25
383.0,161.25
383.25,161.25
383.5,161.25
383.75,161.25
384.0,160.5
384.25,161.25
384.5,161.25
384.75,160.5
385.0,161.25
385.25,161.25
385.5,160.5
385.75,161.25
386.0,161.25
386.25,160.5
386.5,160.5
386.75,160.5
387.0,160.5
387.25,160.5
387.5,160.5
387.75,158.75
388.0,159.5
388.25,159.5
388.5,158.75
388.75,158.75
389.0,158.75
389.25,158.0
389.5,158.0
389.75,158.0
390.0,158.75
390.25,157.0
390.5,157.0
390.75,158.0
391.0,158.0
391.25,158.0
391.5,158.0
391.75,157.0
392.0,157.0
392.25,157.0
392.5,157.0
392.75,157.0
393.0,157.0
393.25,156.25
393.5,157.0
393.75,157.0
394.0,157.0
394.25,156.25
394.5,157.0
394.75,157.0
395.0,156.25
395.25,156.25
395.5,156.25
395.75,157.0
396.0,156.25
396.25,156.25
396.5,156.25
396.75,157.0
397.0,157.0
397.25,155.5
397.5,156.25
397.75,156.25
398.0,155.5
398.25,155.5
398.5,154.75
398.75,156.25
399.0,156.25
399.25,155.5
399.5,154.75
399.75,154.75
400.0,155.5
400.25,154.75
400.5,154.75
400.75,154.75
401.0,155.5
401.25,155.5
401.5,154.75
401.75,154.75
402.0,155.5
402.25,154.75
402.5,154.75
402.75,154.75
403.0,155.5
403.25,155.5
403.5,154.75
403.75,154.75
404.0,154.75
404.25,155.5
404.5,154.75
404.75,154.75
405.0,154.75
405.25,154.75
405.5,154.75
405.75,154.75
406.0,154.75
406.25,154.75
406.5,154.75
406.75,154.75
407.0,154.75
407.25,154.75
407.5,154.75
407.75,154.75
408.0,154.75
408.25,154.75
408.5,154.75
408.75,154.75
409.0,154.75
409.25,154.75
409.5,154.75
409.75,154.75
410.0,154.75
410.25,154.75
410.5,155.5
410.75,154.75
411.0,154.75
411.25,154.75
411.5,154.75
411.75,154.75
412.0,154.75
412.25,154.75
412.5,154.75
412.75,154.75
413.0,154.75
413.25,154.75
413.5,154.75
413.75,154.75
414.0,154.75
414.25,154.75
414.5,154.75
414.75,154.75
415.0,154.75
415.25,154.75
415.5,154.75
415.75,153.75
416.0,153.75
416.25,154.75
416.5,154.75
416.75,154.75
417.0,154.75
417.25,154.75
417.5,154.75
417.75,154.75
418.0,154.75
418.25,155.5
418.5,154.75
418.75,154.75
419.0,155.5
419.25,154.75
419.5,154.75
419.75,154.75
420.0,155.5
420.25,155.5
420.5,154.75
420.75,154.75
421.0,154.75
421.25,154.75
421.5,154.75
421.75,154.75
422.0,153.75
422.25,153.75
422.5,154.75
422.75,154.75
423.0,154.75
423.25,154.75
423.5,153.75
423.75,153.75
424.0,154.75
424.25,154.75
424.5,154.75
424.75,153.75
425.0,153.75
425.25,154.75
425.5,153.75
425.75,153.75
426.0,154.75
426.25,154.75
426.5,154.75
426.75,154.75
427.0,154.75
427.25,154.75
427.5,154.75
427.75,155.5
428.0,155.5
428.25,155.5
428.5,155.5
428.75,155.5
429.0,156.25
429.25,156.25
429.5,156.25
429.75,156.25
430.0,156.25
430.25,156.25
430.5,157.0
430.75,157.0
431.0,156.25
431.25,157.0
431.5,157.0
431.75,157.0
432.0,157.0
432.25,157.0
432.5,156.25
432.75,157.0
433.0,157.0
433.25,157.0
433.5,156.25
433.75,156.25
434.0,157.0
434.25,157.0
434.5,157.0
434.75,156.25
435.0,156.25
435.25,157.0
435.5,157.0
435.75,157.0
436.0,157.0
436.25,157.0
436.5,157.0
436.75,157.0
437.0,155.5
437.25,155.5
437.5,157.0
437.75,155.5
438.0,155.5
438.25,156.25
438.5,155.5
438.75,155.5
439.0,154.75
439.25,154.75
439.5,155.5
439.75,154.75
440.0,154.75
440.25,154.75
440.5,154.75
440.75,154.75
441.0,155.5
441.25,154.75
441.5,154.75
441.75,155.5
442.0,154.75
442.25,154.75
442.5,155.5
442.75,155.5
443.0,155.5
443.25,155.5
443.5,155.5
443.75,155.5
444.0,155.5
444.25,155.5
444.5,155.5
444.75,155.5
445.0,155.5
445.25,155.5
445.5,154.75
445.75,154.75
446.0,155.5
446.25,156.25
446.5,156.25
446.75,154.75
447.0,155.5
447.25,155.5
447.5,156.25
447.75,156.25
448.0,155.5
448.25,155.5
448.5,155.5
448.75,155.5
449.0,155.5
449.25,155.5
449.5,155.5
449.75,155.5
450.0,155.5
450.25,155.5
450.5,155.5
450.75,155.5
451.0,155.5
451.25,154.75
451.5,154.75
451.75,155.5
452.0,155.5
452.25,155.5
452.5,155.5
452.75,155.5
453.0,154.75
453.25,155.5
453.5,155.5
453.75,154.75
454.0,155.5
454.25,155.5
454.5,154.75
454.75,155.5
455.0,155.5
455.25,154.75
455.5,154.75
455.75,154.75
456.0,154.75
456.25,154.75
456.5,154.75
456.75,155.5
457.0,155.5
457.25,154.75
457.5,155.5
457.75,155.5
458.0,154.75
458.25,155.5
458.5,155.5
458.75,154.75
459.0,155.5
459.25,155.5
459.5,155.5
459.75,155.5
460.0,155.5
460.25,154.75
460.5,154.75
460.75,154.75
461.0,155.5
461.25,155.5
461.5,154.75
461.75,154.75
462.0,154.75
462.25,154.75
462.5,154.75
462.75,154.75
463.0,155.5
463.25,154.75
463.5,154.75
463.75,155.5
464.0,155.5
464.25,154.75
464.5,156.25
464.75,156.25
465.0,155.5
465.25,155.5
465.5,155.5
465.75,156.25
466.0,156.25
466.25,156.25
466.5,156.25
466.75,157.0
467.0,157.0
467.25,156.25
467.5,156.25
467.75,156.25
468.0,157.0
468.25,157.0
468.5,157.0
468.75,157.0
469.0,158.0
469.25,158.0
469.5,157.0
469.75,157.0
470.0,157.0
470.25,157.0
470.5,157.0
470.75,158.0
471.0,158.0
471.25,158.0
471.5,157.0
471.75,158.0
472.0,158.0
472.25,157.0
472.5,157.0
472.75,157.0
473.0,158.0
473.25,157.0
473.5,157.0
473.75,158.0
474.0,158.75
474.25,158.75
474.5,158.0
474.75,158.0
475.0,158.0
475.25,159.5
475.5,158.75
475.75,158.75
476.0,158.75
476.25,158.75
476.5,158.75
476.75,158.75
477.0,158.75
477.25,158.75
477.5,158.0
477.75,158.75
478.0,158.75
478.25,158.0
478.5,158.0
478.75,158.0
479.0,158.0
479.25,156.25
479.5,156.25
479.75,158.0
480.0,158.0
480.25,156.25
480.5,157.0
480.75,157.0
481.0,156.25
481.25,156.25
481.5,156.25
481.75,157.0
482.0,156.25
482.25,156.25
482.5,156.25
482.75,156.25
483.0,156.25
483.25,156.25
483.5,155.5
483.75,155.5
484.0,156.25
484.25,153.75
484.5,153.75
484.75,156.25
485.0,156.25
485.25,155.5
485.5,154.75
485.75,154.75
486.0,154.75
486.25,154.75
486.5,154.75
486.75,153.75
487.0,153.75
487.25,153.75
487.5,153.75
487.75,154.75
488.0,154.75
488.25,153.0
488.5,153.0
488.75,153.75
489.0,153.75
489.25,153.75
489.5,153.0
489.75,153.0
490.0,153.75
490.25,153.75
490.5,153.75
490.75,153.75
491.0,153.75
491.25,153.75
491.5,153.75
491.75,153.75
492.0,153.75
492.25,153.75
492.5,153.75
492.75,153.75
493.0,154.75
493.25,153.75
493.5,153.75
493.75,154.75
494.0,154.75
494.25,154.75
494.5,154.75
494.75,154.75
495.0,155.5
495.25,155.5
495.5,155.5
495.75,154.75
496.0,154.75
496.25,154.75
496.5,155.5
496.75,155.5
497.0,155.5
497.25,156.25
497.5,155.5
497.75,155.5
498.0,156.25
498.25,157.0
498.5,157.0
498.75,157.0
499.0,157.0
499.25,157.0
499.5,158.0
499.75,158.75
500.0,158.75
500.25,159.5
500.5,159.5
500.75,159.5
501.0,161.25
501.25,161.25
501.5,161.25
501.75,162.25
502.0,162.25
502.25,162.25
502.5,164.0
502.75,163.0
503.0,163.0
503.25,163.0
503.5,164.0
503.75,164.0
504.0,164.0
504.25,164.0
504.5,164.0
504.75,163.0
505.0,163.0
505.25,163.0
505.5,163.0
505.75,162.25
506.0,162.25
506.25,163.0
506.5,162.25
506.75,162.25
507.0,162.25
507.25,162.25
507.5,161.25
507.75,161.25
508.0,161.25
508.25,161.25
508.5,161.25
508.75,160.5
509.0,160.5
509.25,160.5
509.5,161.25
509.75,160.5
510.0,160.5
510.25,159.5
510.5,160.5
510.75,160.5
511.0,160.5
511.25,159.5
511.5,159.5
511.75,159.5
512.0,159.5
512.25,159.5
512.5,159.5
512.75,159.5
513.0,159.5
513.25,158.75
513.5,158.75
513.75,158.75
514.0,158.75
514.25,158.75
514.5,158.75
514.75,158.0
515.0,158.0
515.25,157.0
515.5,156.25
515.75,156.25
516.0,157.0
516.25,157.0
516.5,157.0
516.75,156.25
517.0,156.25
517.25,156.25
517.5,156.25
517.75,155.5
518.0,155.5
518.25,156.25
518.5,156.25
518.75,156.25
519.0,156.25
519.25,155.5
519.5,155.5
519.75,156.25
520.0,156.25
520.25,155.5
520.5,156.25
520.75,156.25
521.0,155.5
521.25,154.75
521.5,154.75
521.75,155.5
522.0,154.75
522.25,154.75
522.5,154.75
522.75,154.75
523.0,154.75
523.25,153.75
523.5,154.75
523.75,154.75
524.0,154.75
524.25,154.75
524.5,153.75
524.75,154.75
525.0,154.75
525.25,153.75
525.5,154.75
525.75,154.75
526.0,154.75
526.25,153.75
526.5,153.75
526.75,154.75
527.0,153.75
527.25,153.75
527.5,154.75
527.75,154.75
528.0,153.75
528.25,153.75
528.5,153.75
528.75,154.75
529.0,153.75
529.25,153.75
529.5,153.75
529.75,153.0
530.0,153.0
530.25,153.75
530.5,153.75
530.75,153.75
531.0,153.75
531.25,153.75
531.5,152.25
531.75,153.75
532.0,153.75
532.25,153.0
532.5,153.0
532.75,153.0
533.0,153.0
533.25,152.25
533.5,152.25
533.75,153.0
534.0,153.0
534.25,153.0
534.5,152.25
534.75,152.25
535.0,153.0
535.25,152.25
535.5,152.25
535.75,153.0
536.0,152.25
536.25,152.25
536.5,152.25
536.75,152.25
537.0,152.25
537.25,152.25
537.5,152.25
537.75,153.0
538.0,152.25
538.25,152.25
538.5,152.25
538.75,152.25
539.0,152.25
539.25,151.5
539.5,151.5
539.75,151.5
540.0,152.25
540.25,152.25
540.5,151.5
540.75,151.5
541.0,151.5
541.25,151.5
541.5,151.5
541.75,151.5
542.0,150.75
542.25,150.75
542.5,150.75
542.75,151.5
543.0,151.5
543.25,150.75
543.5,150.75
543.75,150.75
544.0,151.5
544.25,151.5
544.5,150.75
544.75,150.75
545.0,150.75
545.25,151.5
545.5,150.75
545.75,150.75
546.0,150.75
546.25,150.75
546.5,150.75
546.75,151.5
547.0,151.5
547.25,150.75
547.5,150.75
547.75,150.75
548.0,151.5
548.25,151.5
548.5,151.5
548.75,151.5
549.0,151.5
549.25,151.5
549.5,150.75
549.75,150.75
550.0,151.5
550.25,151.5
550.5,151.5
550.75,150.75
551.0,150.75
551.25,151.5
551.5,151.5
551.75,151.5
552.0,150.75
552.25,151.5
552.5,151.5
552.75,150.75
553.0,150.75
553.25,150.75
553.5,150.75
553.75,150.75
554.0,150.75
554.25,150.0
554.5,150.0
554.75,150.75
555.0,150.75
555.25,150.0
555.5,150.0
555.75,150.0
556.0,149.25
556.25,150.0
556.5,150.0
556.75,149.25
557.0,149.25
557.25,150.0
557.5,149.25
557.75,149.25
558.0,150.0
558.25,150.0
558.5,150.0
558.75,150.0
559.0,150.0
559.25,150.75
559.5,150.75
559.75,150.75
560.0,150.75
560.25,151.5
560.5,151.5
560.75,151.5
561.0,151.5
561.25,152.25
561.5,151.5
561.75,151.5
562.0,151.5
562.25,151.5
562.5,151.5
562.75,150.75
563.0,151.5
563.25,151.5
563.5,150.75
563.75,150.75
564.0,151.5
564.25,151.5
564.5,151.5
564.75,150.75
565.0,150.75
565.25,150.75
565.5,151.5
565.75,151.5
566.0,150.75
566.25,151.5
566.5,151.5
566.75,151.5
567.0,150.75
567.25,150.75
567.5,151.5
567.75,151.5
568.0,151.5
568.25,150.75
568.5,150.75
568.75,150.75
569.0,151.5
569.25,151.5
569.5,150.0
569.75,150.75
570.0,150.75
570.25,150.75
570.5,150.75
570.75,150.0
571.0,150.0
571.25,150.0
571.5,149.25
571.75,149.25
572.0,149.25
572.25,148.5
572.5,148.5
572.75,148.5
573.0,149.25
573.25,149.25
573.5,148.5
573.75,148.5
574.0,148.5
574.25,149.25
574.5,149.25
574.75,148.5
575.0,149.25
575.25,149.25
575.5,150.0
575.75,150.0
576.0,149.25
576.25,149.25
576.5,149.25
576.75,150.0
577.0,150.0
577.25,150.0
577.5,150.0
577.75,150.0
578.0,150.75
578.25,150.0
578.5,150.0
578.75,150.0
579.0,150.75
579.25,150.0
579.5,150.75
579.75,150.75
580.0,150.75
580.25,150.75
580.5,150.75
580.75,150.75
581.0,150.75
581.25,150.75
581.5,150.75
581.75,150.75
582.0,151.5
582.25,150.75
582.5,150.75
582.75,151.5
583.0,150.75
583.25,150.75
583.5,151.5
583.75,151.5
584.0,151.5
584.25,150.75
584.5,150.75
584.75,150.0
585.0,150.75
585.25,150.75
585.5,150.75
585.75,150.75
586.0,150.75
586.25,150.75
586.5,150.75
586.75,150.75
587.0,151.5
587.25,150.75
587.5,151.5
587.75,151.5
588.0,151.5
588.25,150.75
588.5,150.75
588.75,151.5
589.0,151.5
589.25,151.5
589.5,151.5
589.75,152.25
590.0,152.25
590.25,151.5
590.5,151.5
590.75,151.5
591.0,151.5
591.25,151.5
591.5,151.5
591.75,150.75
592.0,150.75
592.25,150.75
592.5,150.75
592.75,150.75
593.0,150.0
593.25,150.0
593.5,150.75
593.75,149.25
594.0,149.25
594.25,150.0
594.5,149.25
594.75,149.25
595.0,150.0
595.25,150.0
595.5,148.5
595.75,148.5
596.0,148.5
596.25,148.5
596.5,148.5
596.75,148.5
597.0,148.5
597.25,148.5
597.5,148.5
597.75,148.5
598.0,148.5
598.25,147.0
598.5,147.0
598.75,147.75
599.0,148.5
599.25,148.5
599.5,147.75
599.75,148.5
600.0,148.5
600.25,148.5
600.5,148.5
600.75,148.5
601.0,147.75
601.25,147.75
601.5,147.75
601.75,147.75
602.0,149.25
602.25,148.5
602.5,148.5
602.75,148.5
603.0,148.5
603.25,148.5
603.5,148.5
603.75,148.5
604.0,149.25
604.25,148.5
604.5,148.5
604.75,148.5
605.0,149.25
605.25,149.25
605.5,149.25
605.75,149.25
606.0,149.25
606.25,149.25
606.5,149.25
606.75,150.0
607.0,150.0
607.25,150.0
607.5,150.0
607.75,150.0
608.0,150.75
608.25,150.75
608.5,150.75
608.75,150.75
609.0,150.75
609.25,150.75
609.5,150.75
609.75,150.75
610.0,150.75
610.25,151.5
610.5,151.5
610.75,150.75
611.0,151.5
611.25,151.5
611.5,151.5
611.75,151.5
612.0,151.5
612.25,151.5
612.5,151.5
612.75,151.5
613.0,152.25
613.25,152.25
613.5,151.5
613.75,152.25
614.0,152.25
614.25,151.5
614.5,151.5
614.75,151.5
615.0,151.5
615.25,151.5
615.5,152.25
615.75,151.5
616.0,151.5
616.25,151.5
616.5,151.5
616.75,152.25
617.0,152.25
617.25,152.25
617.5,151.5
617.75,152.25
618.0,152.25
618.25,153.0
618.5,152.25
618.75,152.25
619.0,152.25
619.25,152.25
619.5,152.25
619.75,153.0
620.0,153.0
620.25,152.25
620.5,153.0
620.75,153.0
621.0,152.25
621.25,153.0
621.5,153.0
621.75,152.25
622.0,152.25
622.25,153.0
622.5,152.25
622.75,152.25
623.0,153.0
623.25,152.25
623.5,152.25
623.75,153.0
624.0,153.0
624.25,153.0
624.5,153.0
624.75,153.0
625.0,153.0
625.25,153.75
625.5,153.75
625.75,153.0
626.0,153.75
626.25,153.75
626.5,153.0
626.75,153.75
627.0,153.75
627.25,153.75
627.5,154.75
627.75,154.75
628.0,153.75
628.25,153.75
628.5,153.75
628.75,154.75
629.0,154.75
629.25,153.75
629.5,154.75
629.75,154.75
630.0,153.75
630.25,153.75
630.5,153.75
630.75,153.75
631.0,153.75
631.25,153.75
631.5,153.75
631.75,153.75
632.0,153.75
632.25,153.75
632.5,153.75
632.75,153.0
633.0,153.75
633.25,153.75
633.5,153.75
633.75,153.75
634.0,153.75
634.25,153.75
634.5,153.75
634.75,153.75
635.0,153.75
635.25,153.75
635.5,154.75
635.75,154.75
636.0,154.75
636.25,154.75
636.5,155.5
636.75,155.5
637.0,154.75
637.25,155.5
637.5,155.5
637.75,154.75
638.0,154.75
638.25,155.5
638.5,155.5
638.75,155.5
639.0,154.75
639.25,155.5
639.5,155.5
639.75,155.5
640.0,154.75
640.25,154.75
640.5,155.5
640.75,155.5
641.0,155.5
641.25,156.25
641.5,155.5
641.75,155.5
642.0,155.5
642.25,156.25
642.5,156.25
642.75,155.5
643.0,155.5
643.25,155.5
643.5,154.75
643.75,154.75
644.0,154.75
644.25,154.75
644.5,154.75
644.75,154.75
645.0,154.75
645.25,154.75
645.5,153.75
645.75,153.75
646.0,153.75
646.25,153.75
646.5,153.75
646.75,153.0
647.0,153.75
647.25,153.75
647.5,153.75
647.75,153.0
648.0,153.0
648.25,153.75
648.5,153.75
648.75,153.75
649.0,153.0
649.25,153.0
649.5,153.75
649.75,154.75
650.0,154.75
650.25,153.75
650.5,153.75
650.75,153.75
651.0,154.75
651.25,153.75
651.5,153.75
651.75,153.75
652.0,153.75
652.25,153.75
652.5,153.75
652.75,153.75
653.0,153.75
653.25,153.0
653.5,153.0
653.75,153.75
654.0,153.75
654.25,153.75
654.5,153.75
654.75,154.75
655.0,154.75
655.25,153.75
655.5,154.75
655.75,154.75
656.0,154.75
656.25,154.75
656.5,154.75
656.75,153.75
657.0,153.75
657.25,154.75
657.5,154.75
657.75,154.75
658.0,154.75
658.25,153.75
658.5,153.75
658.75,154.75
659.0,153.75
659.25,153.75
659.5,154.75
659.75,154.75
660.0,153.75
660.25,154.75
660.5,154.75
660.75,153.0
661.0,152.25
661.25,152.25
661.5,153.0
661.75,152.25
662.0,152.25
662.25,150.75
662.5,150.75
662.75,150.75
663.0,149.25
663.25,149.25
663.5,150.0
663.75,149.25
664.0,149.25
664.25,148.5
664.5,148.5
664.75,148.5
665.0,150.0
665.25,150.0
665.5,149.25
665.75,149.25
666.0,149.25
666.25,150.0
666.5,150.0
666.75,150.75
667.0,150.75
667.25,150.75
667.5,150.75
667.75,151.5
668.0,151.5
668.25,151.5
668.5,151.5
668.75,151.5
669.0,152.25
669.25,152.25
669.5,152.25
669.75,152.25
670.0,152.25
670.25,153.0
670.5,153.0
670.75,153.0
671.0,153.0
671.25,153.0
671.5,153.0
671.75,153.0
672.0,153.0
672.25,153.0
672.5,153.0
672.75,153.0
673.0,153.0
673.25,153.0
673.5,153.0
673.75,153.0
674.0,153.0
674.25,153.0
674.5,153.0
674.75,153.0
675.0,153.0
675.25,152.25
675.5,152.25
675.75,153.0
676.0,152.25
676.25,152.25
676.5,152.25
676.75,152.25
677.0,152.25
677.25,151.5
677.5,151.5
677.75,151.5
678.0,152.25
678.25,152.25
678.5,150.75
678.75,151.5
679.0,151.5
679.25,150.75
679.5,150.75
679.75,150.0
680.0,150.0
680.25,150.0
680.5,150.75
680.75,149.25
681.0,149.25
681.25,149.25
681.5,149.25
681.75,149.25
682.0,148.5
682.25,148.5
682.5,149.25
682.75,149.25
683.0,148.5
683.25,149.25
683.5,149.25
683.75,149.25
684.0,149.25
684.25,149.25
684.5,150.0
684.75,150.0
685.0,149.25
685.25,150.0
685.5,150.0
685.75,150.0
686.0,150.0
686.25,150.0
686.5,149.25
686.75,149.25
687.0,150.75
687.25,150.0
687.5,150.0
687.75,150.0
688.0,150.75
688.25,150.75
688.5,150.75
688.75,150.75
689.0,151.5
689.25,151.5
689.5,151.5
689.75,151.5
690.0,152.25
690.25,152.25
690.5,150.75
690.75,151.5
691.0,151.5
691.25,151.5
691.5,151.5
691.75,151.5
692.0,150.75
692.25,150.75
692.5,151.5
692.75,151.5
693.0,151.5
693.25,151.5
693.5,151.5
693.75,151.5
694.0,151.5
694.25,151.5
694.5,151.5
694.75,151.5
695.0,151.5
695.25,151.5
695.5,151.5
695.75,151.5
696.0,150.75
696.25,150.75
696.5,151.5
696.75,151.5
697.0,150.75
697.25,151.5
697.5,150.75
697.75,150.75
698.0,151.5
698.25,151.5
698.5,150.75
698.75,151.5
699.0,151.5
699.25,150.75
699.5,151.5
699.75,151.5
700.0,150.75
700.25,150.75
700.5,151.5
700.75,150.75
701.0,150.75
701.25,150.75
701.5,150.75
701.75,150.75
702.0,150.75
702.25,150.0
702.5,150.0
702.75,150.0
703.0,150.0
703.25,150.0
703.5,149.25
703.75,149.25
704.0,150.0
704.25,150.0
704.5,149.25
704.75,150.0
705.0,150.0
705.25,149.25
705.5,149.25
705.75,149.25
706.0,150.0
706.25,150.0
706.5,149.25
706.75,149.25
707.0,150.0
707.25,150.0
707.5,150.0
707.75,150.0
708.0,150.0
708.25,150.0
708.5,150.0
708.75,149.25
709.0,149.25
709.25,150.0
709.5,149.25
709.75,149.25
710.0,150.0
710.25,150.0
710.5,149.25
710.75,149.25
711.0,149.25
711.25,149.25
711.5,149.25
711.75,149.25
712.0,150.0
712.25,150.0
712.5,149.25
712.75,150.0
713.0,150.0
713.25,149.25
713.5,150.0
713.75,150.0
714.0,150.0
714.25,150.0
714.5,150.0
714.75,149.25
715.0,149.25
715.25,150.0
715.5,150.0
715.75,150.0
716.0,149.25
716.25,149.25
716.5,150.0
716.75,149.25
717.0,149.25
717.25,149.25
717.5,149.25
717.75,149.25
718.0,149.25
718.25,149.25
718.5,149.25
718.75,148.5
719.0,148.5
719.25,149.25
719.5,149.25
719.75,149.25
720.0,148.5
720.25,148.5
720.5,148.5
720.75,148.5
721.0,148.5
721.25,148.5
721.5,148.5
721.75,147.75
722.0,148.5
722.25,148.5
722.5,148.5
722.75,148.5
723.0,148.5
723.25,148.5
723.5,148.5
723.75,148.5
724.0,149.25
724.25,149.25
724.5,148.5
724.75,149.25
725.0,149.25
725.25,148.5
725.5,148.5
725.75,148.5
726.0,149.25
726.25,149.25
726.5,148.5
726.75,148.5
727.0,147.75
727.25,148.5
727.5,148.5
727.75,148.5
728.0,148.5
728.25,148.5
728.5,148.5
728.75,148.5
729.0,148.5
729.25,148.5
729.5,148.5
729.75,149.25
730.0,148.5
730.25,148.5
730.5,149.25
730.75,149.25
731.0,149.25
731.25,149.25
731.5,149.25
731.75,149.25
732.0,149.25
732.25,148.5
732.5,149.25
732.75,149.25
733.0,149.25
733.25,149.25
733.5,149.25
733.75,149.25
734.0,149.25
734.25,148.5
734.5,149.25
734.75,149.25
735.0,148.5
735.25,148.5
735.5,148.5
735.75,147.75
736.0,147.75
736.25,147.75
736.5,147.75
736.75,147.75
737.0,147.0
737.25,147.0
737.5,146.25
737.75,145.75
738.0,145.75
738.25,146.25
738.5,146.25
738.75,145.0
739.0,145.0
739.25,145.0
739.5,145.0
739.75,145.0
740.0,145.0
740.25,144.25
740.5,144.25
740.75,144.25
741.0,145.0
741.25,145.0
741.5,143.5
741.75,143.5
742.0,145.0
742.25,145.0
742.5,145.0
742.75,145.0
743.0,145.0
743.25,145.75
743.5,145.75
743.75,145.75
744.0,146.25
744.25,146.25
744.5,146.25
744.75,147.0
745.0,147.0
745.25,147.0
745.5,147.0
745.75,147.0
746.0,147.0
746.25,147.0
746.5,147.75
746.75,147.75
747.0,147.75
747.25,148.5
747.5,148.5
747.75,147.75
748.0,148.5
748.25,148.5
748.5,148.5
748.75,148.5
749.0,148.5
749.25,148.5
749.5,148.5
749.75,148.5
750.0,148.5
750.25,148.5
750.5,148.5
750.75,148.5
751.0,149.25
751.25,148.5
751.5,148.5
751.75,148.5
752.0,148.5
752.25,148.5
752.5,148.5
752.75,148.5
753.0,147.75
753.25,148.5
753.5,148.5
753.75,148.5
754.0,148.5
754.25,147.75
754.5,148.5
754.75,148.5
755.0,147.75
755.25,147.75
755.5,147.75
755.75,148.5
756.0,148.5
756.25,147.75
756.5,147.0
756.75,147.0
757.0,147.75
757.25,147.75
757.5,147.0
757.75,147.75
758.0,147.75
758.25,146.25
758.5,147.0
758.75,147.0
759.0,146.25
759.25,146.25
759.5,146.25
759.75,146.25
760.0,146.25
760.25,145.0
760.5,145.0
760.75,144.25
761.0,144.25
761.25,144.25
761.5,142.75
761.75,142.75
762.0,142.75
762.25,142.75
762.5,142.75
762.75,142.75
763.0,142.75
763.25,142.75
763.5,142.25
763.75,142.25
764.0,140.25
764.25,140.25
764.5,142.25
764.75,142.25
765.0,142.25
765.25,142.75
765.5,142.75
765.75,143.5
766.0,143.5
766.25,143.5
766.5,144.25
766.75,144.25
767.0,144.25
767.25,144.25
767.5,145.0
767.75,145.0
768.0,145.0
768.25,146.25
768.5,147.0
768.75,147.0
769.0,147.0
769.25,147.0
769.5,147.0
769.75,148.5
770.0,148.5
770.25,147.75
770.5,147.75
770.75,149.25
771.0,148.5
771.25,148.5
771.5,149.25
771.75,150.0
772.0,150.0
772.25,150.75
772.5,150.75
772.75,150.75
773.0,151.5
773.25,151.5
773.5,151.5
773.75,151.5
774.0,151.5
774.25,152.25
774.5,153.0
774.75,153.0
775.0,153.0
775.25,153.0
775.5,153.75
775.75,153.75
776.0,153.75
776.25,153.0
776.5,154.75
776.75,154.75
777.0,154.75
777.25,153.75
777.5,153.75
777.75,154.75
778.0,154.75
778.25,153.75
778.5,153.75
778.75,153.75
779.0,152.25
779.25,151.5
779.5,151.5
779.75,151.5
780.0,149.25
780.25,149.25
780.5,150.0
780.75,150.0
781.0,150.0
781.25,149.25
781.5,149.25
781.75,149.25
782.0,149.25
782.25,149.25
782.5,150.0
782.75,150.0
783.0,150.0
783.25,151.5
783.5,151.5
783.75,151.5
784.0,152.25
784.25,153.0
784.5,153.75
784.75,153.75
785.0,153.75
785.25,153.75
785.5,153.75
785.75,153.75
786.0,153.75
786.25,153.75
786.5,155.5
786.75,155.5
787.0,156.25
787.25,156.25
787.5,156.25
787.75,156.25
788.0,156.25
788.25,157.0
788.5,157.0
788.75,158.0
789.0,158.0
789.25,158.0
789.5,158.0
789.75,158.0
790.0,158.0
790.25,158.0
790.5,158.75
790.75,158.75
791.0,158.75
791.25,158.75
791.5,159.5
791.75,158.75
792.0,158.75
792.25,158.75
792.5,159.5
792.75,159.5
793.0,158.75
793.25,158.75
793.5,158.75
793.75,158.75
794.0,158.75
794.25,158.75
794.5,158.0
794.75,158.75
795.0,158.75
795.25,158.0
795.5,158.0
795.75,158.0
796.0,158.0
796.25,157.0
796.5,157.0
796.75,157.0
797.0,157.0
797.25,156.25
797.5,157.0
797.75,155.5
798.0,155.5
798.25,155.5
798.5,153.0
798.75,153.0
799.0,153.0
799.25,153.0
799.5,151.5
799.75,151.5
800.0,151.5
800.25,151.5
800.5,150.75
800.75,150.75
801.0,151.5
801.25,151.5
801.5,150.75
801.75,150.75
802.0,150.75
802.25,150.75
802.5,150.0
802.75,150.0
803.0,150.0
803.25,150.0
803.5,149.25
803.75,149.25
804.0,149.25
804.25,149.25
804.5,148.5
804.75,148.5
805.0,147.75
805.25,147.75
805.5,148.5
805.75,146.25
806.0,146.25
806.25,147.75
806.5,147.75
806.75,147.0
807.0,147.0
807.25,147.0
807.5,147.0
807.75,147.75
808.0,147.75
808.25,147.75
808.5,147.75
808.75,147.0
809.0,147.75
809.25,147.75
809.5,147.0
809.75,147.0
810.0,146.25
810.25,147.0
810.5,147.0
810.75,146.25
811.0,146.25
811.25,146.25
811.5,146.25
811.75,146.25
812.0,146.25
812.25,146.25
812.5,146.25
812.75,146.25
813.0,146.25
813.25,146.25
813.5,147.0
813.75,147.0
814.0,147.0
814.25,147.0
814.5,147.0
814.75,147.0
815.0,147.0
815.25,146.25
815.5,146.25
815.75,146.25
816.0,146.25
816.25,146.25
816.5,146.25
816.75,145.75
817.0,145.75
817.25,145.75
817.5,145.75
817.75,145.75
818.0,145.75
818.25,145.75
818.5,146.25
818.75,146.25
819.0,146.25
819.25,147.0
819.5,147.0
819.75,147.0
820.0,148.5
820.25,148.5
820.5,147.75
820.75,147.75
821.0,148.5
821.25,145.75
821.5,145.75
821.75,147.75
822.0,147.75
822.25,147.0
822.5,147.75
822.75,147.75
823.0,147.75
823.25,147.75
823.5,147.0
823.75,149.25
824.0,149.25
824.25,148.5
824.5,147.75
824.75,147.75
825.0,149.25
825.25,149.25
825.5,150.0
825.75,150.0
826.0,150.0
826.25,151.5
826.5,153.0
826.75,153.0
827.0,152.25
827.25,153.75
827.5,153.75
827.75,153.0
828.0,153.0
828.25,153.75
828.5,154.75
828.75,154.75
829.0,153.75
829.25,155.5
829.5,155.5
829.75,154.75
830.0,155.5
830.25,155.5
830.5,155.5
830.75,156.25
831.0,156.25
831.25,155.5
831.5,155.5
831.75,155.5
832.0,155.5
832.25,155.5
832.5,155.5
832.75,155.5
833.0,155.5
833.25,155.5
833.5,154.75
833.75,154.75
834.0,154.75
834.25,154.75
834.5,154.75
834.75,153.75
835.0,153.0
835.25,153.0
835.5,153.0
835.75,153.0
836.0,152.25
836.25,153.0
836.5,153.0
836.75,153.0
837.0,152.25
837.25,151.5
837.5,151.5
837.75,151.5
838.0,151.5
838.25,150.75
838.5,150.75
838.75,151.5
839.0,150.75
839.25,150.75
839.5,150.75
839.75,149.25
840.0,149.25
840.25,150.0
840.5,150.0
840.75,149.25
841.0,149.25
841.25,149.25
841.5,148.5
841.75,148.5
842.0,148.5
842.25,147.75
842.5,147.75
842.75,148.5
843.0,147.0
843.25,147.0
843.5,147.0
843.75,147.0
844.0,147.0
844.25,147.75
844.5,147.75
844.75,147.0
845.0,147.0
845.25,147.0
845.5,147.75
845.75,147.75
846.0,148.5
846.25,145.0
846.5,145.0
846.75,143.5
847.0,143.5
847.25,144.25
847.5,144.25
847.75,144.25
848.0,144.25
848.25,144.25
848.5,144.25
848.75,145.0
849.0,145.0
849.25,145.0
849.5,145.0
849.75,145.0
850.0,145.75
850.25,145.75
850.5,146.25
850.75,146.25
851.0,146.25
851.25,146.25
851.5,146.25
851.75,145.0
852.0,145.0
852.25,141.5
852.5,141.5
852.75,141.5
853.0,140.75
853.25,140.75
853.5,140.75
853.75,140.25
854.0,140.25
854.25,140.25
854.5,140.25
854.75,140.25
855.0,140.25
855.25,141.5
855.5,141.5
855.75,141.5
856.0,141.5
856.25,141.5
856.5,141.5
856.75,140.75
857.0,140.75
857.25,140.75
857.5,140.75
857.75,140.25
858.0,140.25
858.25,140.75
858.5,142.25
858.75,142.25
859.0,142.25
859.25,142.25
859.5,142.75
859.75,143.5
860.0,143.5
860.25,142.75
860.5,142.75
860.75,142.75
861.0,140.75
861.25,137.0
861.5,137.5
861.75,137.5
862.0,135.75
862.25,135.75
862.5,136.25
862.75,138.25
863.0,138.25
863.25,138.25
863.5,138.25
863.75,139.5
864.0,139.5
864.25,140.25
864.5,140.75
864.75,140.75
865.0,142.25
865.25,142.25
865.5,142.75
865.75,143.5
866.0,143.5
866.25,143.5
866.5,143.5
866.75,144.25
867.0,145.0
867.25,145.0
867.5,145.0
867.75,145.0
868.0,145.0
868.25,145.75
868.5,145.75
868.75,145.75
869.0,145.75
869.25,145.0
869.5,145.0
869.75,145.0
870.0,145.75
870.25,145.75
870.5,145.0
870.75,145.75
871.0,145.75
871.25,145.0
871.5,145.0
871.75,145.0
872.0,144.25
872.25,144.25
872.5,142.75
872.75,143.5
873.0,143.5
873.25,143.5
873.5,143.5
873.75,142.75
874.0,142.75
874.25,143.5
874.5,142.75
874.75,142.75
875.0,143.5
875.25,143.5
875.5,143.5
875.75,142.75
876.0,142.75
876.25,143.5
876.5,143.5
876.75,143.5
877.0,143.5
877.25,143.5
877.5,143.5
877.75,143.5
878.0,144.25
878.25,143.5
878.5,143.5
878.75,142.75
879.0,142.75
879.25,143.5
879.5,144.25
879.75,144.25
880.0,144.25
880.25,144.25
880.5,143.5
880.75,145.0
881.0,145.0
881.25,145.0
881.5,145.0
881.75,145.75
882.0,145.0
882.25,145.0
882.5,145.0
882.75,145.0
883.0,145.0
883.25,145.0
883.5,145.0
883.75,144.25
884.0,145.0
884.25,145.0
884.5,144.25
884.75,144.25
885.0,144.25
885.25,145.0
885.5,145.0
885.75,144.25
886.0,144.25
886.25,144.25
886.5,144.25
886.75,144.25
887.0,144.25
887.25,144.25
887.5,143.5
887.75,144.25
888.0,144.25
888.25,143.5
888.5,143.5
888.75,143.5
889.0,144.25
889.25,144.25
889.5,143.5
889.75,143.5
890.0,142.75
890.25,142.75
890.5,143.5
890.75,142.75
891.0,142.75
891.25,142.75
891.5,142.75
891.75,142.75
892.0,142.75
892.25,142.25
892.5,141.5
892.75,141.5
893.0,142.75
893.25,142.25
893.5,142.25
893.75,141.5
894.0,141.5
894.25,142.25
894.5,142.25
894.75,142.25
895.0,141.5
895.25,141.5
895.5,142.25
895.75,142.25
896.0,142.25
896.25,142.75
896.5,142.75
896.75,142.75
897.0,142.75
897.25,142.75
897.5,142.75
897.75,142.75
898.0,142.75
898.25,142.75
898.5,143.5
898.75,142.75
899.0,142.75
899.25,143.5
899.5,143.5
899.75,142.75
900.0,143.5
900.25,143.5
900.5,143.5
900.75,143.5
901.0,143.5
901.25,144.25
901.5,144.25
901.75,143.5
902.0,143.5
902.25,144.25
902.5,145.0
902.75,145.0
903.0,145.0
903.25,145.0
903.5,145.0
903.75,145.75
904.0,145.75
904.25,145.0
904.5,146.25
904.75,146.25
905.0,146.25
905.25,146.25
905.5,147.0
905.75,147.75
906.0,147.75
906.25,147.75
906.5,147.75
906.75,148.5
907.0,149.25
907.25,149.25
907.5,150.0
907.75,150.75
908.0,150.75
908.25,150.75
908.5,150.75
908.75,151.5
909.0,152.25
909.25,152.25
909.5,152.25
909.75,153.0
910.0,153.0
910.25,153.75
910.5,154.75
910.75,154.75
911.0,154.75
911.25,154.75
911.5,154.75
911.75,154.75
912.0,154.75
912.25,155.5
912.5,155.5
912.75,155.5
913.0,156.25
913.25,156.25
913.5,156.25
913.75,157.0
914.0,157.0
914.25,157.0
914.5,156.25
914.75,157.0
915.0,157.0
915.25,155.5
915.5,156.25
915.75,156.25
916.0,156.25
916.25,156.25
916.5,155.5
916.75,156.25
917.0,156.25
917.25,154.75
917.5,154.75
917.75,154.75
918.0,155.5
918.25,154.75
918.5,154.75
918.75,154.75
919.0,155.5
919.25,154.75
919.5,154.75
919.75,155.5
920.0,155.5
920.25,154.75
920.5,154.75
920.75,154.75
921.0,153.75
921.25,153.75
921.5,153.75
921.75,154.75
922.0,154.75
922.25,154.75
922.5,155.5
922.75,155.5
923.0,155.5
923.25,155.5
923.5,155.5
923.75,155.5
924.0,154.75
924.25,154.75
924.5,155.5
924.75,155.5
925.0,156.25
925.25,154.75
925.5,154.75
925.75,154.75
926.0,155.5
926.25,154.75
926.5,153.75
926.75,153.0
927.0,153.0
927.25,153.75
927.5,152.25
927.75,152.25
928.0,152.25
928.25,152.25
928.5,151.5
928.75,151.5
929.0,151.5
929.25,150.75
929.5,150.0
929.75,150.0
930.0,148.5
930.25,148.5
930.5,149.25
930.75,148.5
931.0,148.5
931.25,147.75
931.5,147.75
931.75,147.75
932.0,147.75
932.25,147.75
932.5,147.75
932.75,148.5
933.0,148.5
933.25,147.75
933.5,147.75
933.75,147.75
934.0,147.75
934.25,147.75
934.5,147.0
934.75,157.0
935.0,157.0
935.25,137.5
935.5,137.5
935.75,146.25
936.0,145.0
936.25,145.0
936.5,145.75
936.75,145.75
937.0,145.75
937.25,145.75
937.5,145.75
937.75,145.0
938.0,145.0
938.25,145.75
938.5,146.25
938.75,146.25
939.0,145.0
939.25,145.0
939.5,145.75
939.75,145.75
940.0,145.75
940.25,145.0
940.5,145.0
940.75,145.75
941.0,144.25
941.25,144.25
941.5,145.0
941.75,145.0
942.0,145.0
942.25,145.0
942.5,145.0
942.75,144.25
943.0,144.25
943.25,144.25
943.5,144.25
943.75,144.25
944.0,144.25
944.25,144.25
944.5,143.5
944.75,143.5
945.0,143.5
945.25,143.5
945.5,143.5
945.75,142.75
946.0,143.5
946.25,143.5
946.5,143.5
946.75,143.5
947.0,142.75
947.25,142.75
947.5,142.75
947.75,142.25
948.0,142.25
948.25,143.5
948.5,142.25
948.75,142.25
949.0,143.5
949.25,143.5
949.5,143.5
949.75,143.5
950.0,143.5
950.25,143.5
950.5,143.5
950.75,143.5
951.0,144.25
951.25,144.25
951.5,144.25
951.75,144.25
952.0,144.25
952.25,144.25
952.5,144.25
952.75,145.0
953.0,145.0
953.25,144.25
953.5,145.0
953.75,145.0
954.0,144.25
954.25,144.25
954.5,144.25
954.75,144.25
955.0,144.25
955.25,143.5
955.5,143.5
955.75,142.25
956.0,142.25
956.25,142.25
956.5,142.75
956.75,142.75
957.0,142.25
957.25,141.5
957.5,141.5
957.75,142.25
958.0,142.25
958.25,142.25
958.5,142.25
958.75,142.25
959.0,142.25
959.25,142.25
959.5,141.5
959.75,141.5
960.0,142.25
960.25,142.25
960.5,142.25
960.75,141.5
961.0,141.5
961.25,141.5
961.5,142.25
961.75,142.25
962.0,141.5
962.25,141.5
962.5,141.5
962.75,141.5
963.0,141.5
963.25,141.5
963.5,141.5
963.75,142.25
964.0,141.5
964.25,141.5
964.5,141.5
964.75,141.5
965.0,141.5
965.25,141.5
965.5,141.5
965.75,141.5
966.0,141.5
966.25,140.75
966.5,140.75
966.75,141.5
967.0,141.5
967.25,141.5
967.5,141.5
967.75,141.5
968.0,141.5
968.25,141.5
968.5,141.5
968.75,141.5
969.0,141.5
969.25,142.25
969.5,142.25
969.75,141.5
970.0,142.25
970.25,142.25
970.5,142.25
970.75,142.25
971.0,141.5
971.25,142.25
971.5,142.25
971.75,141.5
972.0,141.5
972.25,141.5
972.5,141.5
972.75,141.5
973.0,141.5
973.25,141.5
973.5,141.5
973.75,141.5
974.0,141.5
974.25,141.5
974.5,141.5
974.75,142.25
975.0,142.25
975.25,142.75
975.5,142.25
975.75,142.25
976.0,143.5
976.25,143.5
976.5,142.75
976.75,143.5
977.0,143.5
977.25,143.5
977.5,143.5
977.75,143.5
978.0,143.5
978.25,143.5
978.5,144.25
978.75,144.25
979.0,143.5
979.25,143.5
979.5,143.5
979.75,142.75
980.0,142.75
980.25,143.5
980.5,142.75
980.75,142.75
981.0,142.75
981.25,142.75
981.5,142.75
981.75,142.75
982.0,142.75
982.25,142.75
982.5,142.75
982.75,142.75
983.0,143.5
983.25,143.5
983.5,143.5
983.75,143.5
984.0,144.25
984.25,144.25
984.5,144.25
984.75,144.25
985.0,144.25
985.25,144.25
985.5,145.0
985.75,145.0
986.0,144.25
986.25,144.25
986.5,145.0
986.75,145.0
987.0,145.0
987.25,144.25
987.5,144.25
987.75,145.75
988.0,144.25
988.25,144.25
988.5,145.0
988.75,145.0
989.0,145.0
989.25,145.75
989.5,145.75
989.75,145.0
990.0,145.0
990.25,145.0
990.5,145.75
990.75,145.75
991.0,145.75
991.25,145.75
991.5,145.0
991.75,146.25
992.0,146.25
992.25,145.75
992.5,145.0
992.75,145.0
993.0,145.75
993.25,145.75
993.5,144.25
993.75,145.75
994.0,145.75
994.25,145.0
994.5,145.0
994.75,145.0
995.0,145.0
995.25,145.75
995.5,145.0
995.75,145.0
996.0,145.75
996.25,145.0
996.5,145.0
996.75,145.0
997.0,145.0
997.25,145.75
997.5,145.75
997.75,145.75
998.0,145.0
998.25,145.0
998.5,145.75
998.75,146.25
999.0,146.25
999.25,146.25
999.5,146.25
999.75,145.75
1000.0,145.75
1000.25,145.75
1000.5,147.0
1000.75,147.0
1001.0,147.0
1001.25,148.5
1001.5,148.5
1001.75,148.5
1002.0,148.5
1002.25,148.5
1002.5,150.0
1002.75,150.0
1003.0,150.0
1003.25,150.0
1003.5,150.0
1003.75,150.75
1004.0,150.75
1004.25,150.75
1004.5,150.75
1004.75,150.75
1005.0,150.75
1005.25,151.5
1005.5,151.5
1005.75,152.25
1006.0,150.75
1006.25,150.75
1006.5,150.0
1006.75,150.0
1007.0,150.0
1007.25,149.25
1007.5,149.25
1007.75,149.25
1008.0,148.5
1008.25,148.5
1008.5,147.75
1008.75,147.75
1009.0,147.0
1009.25,145.75
1009.5,145.75
1009.75,145.0
1010.0,145.0
1010.25,145.0
1010.5,143.5
1010.75,143.5
1011.0,143.5
1011.25,143.5
1011.5,143.5
1011.75,144.25
1012.0,144.25
1012.25,144.25
1012.5,144.25
1012.75,144.25
1013.0,145.0
1013.25,145.0
1013.5,145.0
1013.75,144.25
1014.0,144.25
1014.25,145.75
1014.5,145.75
1014.75,144.25
1015.0,145.0
1015.25,145.0
1015.5,144.25
1015.75,144.25
1016.0,143.5
1016.25,143.5
1016.5,143.5
1016.75,144.25
1017.0,144.25
1017.25,142.75
1017.5,143.5
1017.75,143.5
1018.0,143.5
1018.25,143.5
1018.5,143.5
1018.75,143.5
1019.0,143.5
1019.25,142.75
1019.5,142.75
1019.75,143.5
1020.0,143.5
1020.25,142.25
1020.5,142.75
1020.75,142.75
1021.0,142.25
1021.25,142.25
1021.5,142.25
1021.75,140.25
1022.0,140.25
1022.25,137.0
1022.5,137.0
1022.75,139.0
1023.0,139.5
1023.25,139.5
1023.5,139.5
1023.75,139.5
1024.0,140.25
1024.25,140.25
1024.5,140.75
1024.75,140.25
1025.0,140.25
1025.25,141.5
1025.5,141.5
1025.75,141.5
1026.0,140.75
1026.25,140.75
1026.5,141.5
1026.75,141.5
1027.0,141.5
1027.25,141.5
1027.5,140.75
1027.75,140.25
1028.0,140.25
1028.25,140.75
1028.5,140.75
1028.75,140.75
1029.0,140.75
1029.25,140.75
1029.5,141.5
1029.75,141.5
1030.0,140.75
1030.25,142.25
1030.5,142.25
1030.75,141.5
1031.0,141.5
1031.25,141.5
1031.5,141.5
1031.75,141.5
1032.0,141.5
1032.25,141.5
1032.5,141.5
1032.75,141.5
1033.0,141.5
1033.25,142.25
1033.5,142.25
1033.75,141.5
1034.0,141.5
1034.25,142.25
1034.5,142.25
1034.75,142.25
1035.0,142.25
1035.25,142.25
1035.5,142.25
1035.75,142.25
1036.0,142.25
1036.25,142.25
1036.5,142.25
1036.75,142.75
1037.0,142.25
1037.25,142.25
1037.5,142.25
1037.75,142.25
1038.0,142.75
1038.25,142.75
1038.5,142.25
1038.75,142.75
1039.0,142.75
1039.25,142.25
1039.5,142.25
1039.75,142.25
1040.0,142.75
1040.25,142.75
1040.5,142.25
1040.75,142.25
1041.0,142.75
1041.25,142.25
1041.5,142.25
1041.75,142.75
1042.0,142.75
1042.25,142.25
1042.5,142.75
1042.75,142.75
1043.0,142.25
1043.25,142.25
1043.5,142.25
1043.75,142.25
1044.0,142.25
1044.25,141.5
1044.5,141.5
1044.75,142.25
1045.0,142.25
1045.25,141.5
1045.5,141.5
1045.75,141.5
1046.0,141.5
1046.25,141.5
1046.5,140.75
1046.75,140.25
1047.0,140.25
1047.25,140.75
1047.5,140.75
1047.75,139.5
1048.0,140.25
1048.25,140.25
1048.5,140.25
1048.75,140.25
1049.0,140.25
1049.25,140.25
1049.5,140.75
1049.75,140.75
1050.0,140.75
1050.25,141.5
1050.5,141.5
1050.75,141.5
1051.0,142.25
1051.25,142.25
1051.5,142.25
1051.75,142.25
1052.0,141.5
1052.25,142.75
1052.5,142.75
1052.75,142.25
1053.0,142.25
1053.25,142.25
1053.5,142.25
1053.75,142.25
1054.0,142.75
1054.25,142.75
1054.5,142.75
1054.75,142.75
1055.0,142.75
1055.25,143.5
1055.5,143.5
1055.75,143.5
1056.0,144.25
1056.25,144.25
1056.5,145.0
1056.75,145.0
1057.0,145.0
1057.25,145.0
1057.5,145.75
1057.75,145.75
1058.0,145.75
1058.25,147.0
1058.5,146.25
1058.75,146.25
1059.0,147.0
1059.25,147.0
1059.5,147.75
1059.75,145.75
1060.0,145.75
1060.25,145.75
1060.5,145.75
1060.75,145.0
1061.0,145.0
1061.25,145.0
1061.5,144.25
1061.75,144.25
1062.0,145.0
1062.25,144.25
1062.5,144.25
1062.75,144.25
1063.0,144.25
1063.25,144.25
1063.5,145.0
1063.75,145.0
1064.0,144.25
1064.25,144.25
1064.5,145.0
1064.75,145.0
1065.0,145.0
1065.25,145.0
1065.5,145.0
1065.75,145.75
1066.0,145.0
1066.25,145.0
1066.5,145.0
1066.75,145.0
1067.0,145.0
1067.25,144.25
1067.5,144.25
1067.75,145.0
1068.0,144.25
1068.25,144.25
1068.5,143.5
1068.75,143.5
1069.0,142.75
1069.25,142.75
1069.5,144.25
1069.75,143.5
1070.0,143.5
1070.25,143.5
1070.5,143.5
1070.75,143.5
1071.0,143.5
1071.25,143.5
1071.5,143.5
1071.75,143.5
1072.0,142.75
1072.25,142.75
1072.5,142.75
1072.75,143.5
1073.0,143.5
1073.25,142.75
1073.5,143.5
1073.75,143.5
1074.0,142.75
1074.25,142.75
1074.5,143.5
1074.75,143.5
1075.0,143.5
1075.25,143.5
1075.5,143.5
1075.75,143.5
1076.0,143.5
1076.25,143.5
1076.5,144.25
1076.75,144.25
1077.0,143.5
1077.25,144.25
1077.5,144.25
1077.75,144.25
1078.0,144.25
1078.25,144.25
1078.5,143.5
1078.75,143.5
1079.0,145.0
1079.25,145.0
1079.5,144.25
1079.75,144.25
1080.0,144.25
1080.25,144.25
1080.5,144.25
1080.75,144.25
1081.0,143.5
1081.25,143.5
1081.5,143.5
1081.75,143.5
1082.0,142.25
1082.25,142.25
1082.5,142.25
1082.75,140.75
1083.0,140.75
1083.25,139.0
1083.5,139.0
1083.75,137.5
1084.0,138.25
1084.25,138.25
1084.5,137.5
1084.75,137.5
1085.0,139.0
1085.25,138.25
1085.5,138.25
1085.75,139.0
1086.0,139.0
1086.25,139.0
1086.5,139.0
1086.75,139.0
1087.0,138.25
1087.25,138.25
1087.5,139.0
1087.75,139.0
1088.0,139.0
1088.25,139.0
1088.5,139.0
1088.75,139.5
1089.0,139.5
1089.25,139.0
1089.5,139.0
1089.75,140.25
1090.0,139.5
1090.25,139.5
1090.5,140.25
1090.75,140.25
1091.0,139.5
1091.25,139.5
1091.5,140.25
1091.75,139.5
1092.0,139.5
1092.25,140.25
1092.5,140.25
1092.75,139.5
1093.0,140.25
1093.25,140.25
1093.5,139.0
1093.75,139.0
1094.0,139.0
1094.25,139.0
1094.5,139.5
1094.75,139.0
1095.0,139.0
1095.25,139.5
1095.5,139.5
1095.75,139.0
1096.0,139.0
1096.25,139.5
1096.5,139.5
1096.75,139.5
1097.0,139.5
1097.25,139.5
1097.5,139.5
1097.75,140.25
1098.0,140.25
1098.25,140.75
1098.5,140.75
1098.75,141.5
1099.0,141.5
1099.25,141.5
1099.5,142.25
1099.75,142.25
1100.0,143.5
1100.25,143.5
1100.5,143.5
1100.75,143.5
1101.0,143.5
1101.25,143.5
1101.5,143.5
1101.75,142.75
1102.0,142.25
1102.25,142.25
1102.5,141.5
1102.75,141.5
1103.0,139.5
1103.25,139.5
1103.5,139.5
1103.75,140.25
1104.0,140.25
1104.25,140.75
1104.5,141.5
1104.75,141.5
1105.0,141.5
1105.25,141.5
1105.5,142.25
1105.75,142.25
1106.0,142.25
1106.25,142.75
1106.5,142.75
1106.75,143.5
1107.0,143.5
1107.25,143.5
1107.5,143.5
1107.75,143.5
1108.0,144.25
1108.25,144.25
1108.5,144.25
1108.75,145.0
1109.0,145.0
1109.25,144.25
1109.5,144.25
1109.75,144.25
1110.0,145.0
1110.25,145.75
1110.5,145.0
1110.75,145.75
1111.0,145.75
1111.25,145.75
1111.5,145.75
1111.75,145.0
1112.0,145.75
1112.25,145.75
1112.5,145.75
1112.75,145.75
1113.0,145.75
1113.25,145.0
1113.5,145.0
1113.75,145.75
1114.0,145.75
1114.25,145.75
1114.5,145.0
1114.75,145.0
1115.0,145.75
1115.25,145.75
1115.5,145.75
1115.75,145.0
1116.0,145.0
1116.25,145.75
1116.5,145.75
1116.75,145.0
1117.0,144.25
1117.25,144.25
1117.5,143.5
1117.75,143.5
1118.0,144.25
1118.25,144.25
1118.5,144.25
1118.75,143.5
1119.0,143.5
1119.25,144.25
1119.5,143.5
1119.75,143.5
1120.0,144.25
1120.25,144.25
1120.5,143.5
1120.75,144.25
1121.0,144.25
1121.25,144.25
1121.5,144.25
1121.75,144.25
1122.0,143.5
1122.25,143.5
1122.5,143.5
1122.75,143.5
1123.0,143.5
1123.25,142.25
1123.5,142.25
1123.75,142.25
1124.0,142.25
1124.25,142.75
1124.5,142.25
1124.75,142.25
1125.0,142.25
1125.25,142.25
1125.5,142.25
1125.75,141.5
1126.0,141.5
1126.25,141.5
1126.5,141.5
1126.75,141.5
1127.0,141.5
1127.25,142.25
1127.5,141.5
1127.75,141.5
1128.0,140.75
1128.25,140.75
1128.5,141.5
1128.75,141.5
1129.0,141.5
1129.25,140.75
1129.5,140.75
1129.75,141.5
1130.0,140.75
1130.25,140.75
1130.5,140.25
1130.75,140.25
1131.0,140.75
1131.25,140.75
1131.5,140.25
1131.75,140.25
1132.0,140.25
1132.25,140.25
1132.5,140.25
1132.75,139.5
1133.0,140.25
1133.25,140.25
1133.5,140.25
1133.75,140.25
1134.0,140.25
1134.25,140.25
1134.5,140.25
1134.75,140.25
1135.0,140.25
1135.25,139.5
1135.5,139.5
1135.75,140.25
1136.0,139.5
1136.25,139.5
1136.5,140.25
1136.75,140.25
1137.0,139.5
1137.25,139.5
1137.5,139.5
1137.75,140.25
1138.0,140.25
1138.25,139.5
1138.5,139.5
1138.75,140.25
1139.0,139.5
1139.25,139.5
1139.5,140.75
1139.75,140.75
1140.0,140.25
1140.25,140.25
1140.5,140.25
1140.75,140.75
1141.0,140.75
1141.25,140.75
1141.5,140.75
1141.75,142.25
1142.0,142.25
1142.25,142.25
1142.5,143.5
1142.75,143.5
1143.0,142.75
1143.25,142.25
1143.5,142.25
1143.75,139.0
1144.0,139.0
1144.25,138.25
1144.5,138.25
1144.75,135.75
1145.0,137.5
1145.25,137.5
1145.5,137.5
1145.75,137.5
1146.0,138.25
1146.25,138.25
1146.5,138.25
1146.75,139.0
1147.0,139.0
1147.25,139.5
1147.5,139.5
1147.75,139.5
1148.0,139.5
1148.25,139.5
1148.5,139.5
1148.75,139.5
1149.0,140.25
1149.25,140.25
1149.5,140.25
1149.75,140.75
1150.0,140.75
1150.25,140.25
1150.5,140.25
1150.75,140.25
1151.0,139.0
1151.25,139.0
1151.5,138.25
1151.75,138.25
1152.0,138.25
1152.25,138.25
1152.5,137.5
1152.75,138.25
1153.0,138.25
1153.25,139.0
1153.5,139.0
1153.75,138.25
1154.0,138.25
1154.25,139.5
1154.5,139.0
1154.75,139.0
1155.0,140.25
1155.25,140.25
1155.5,139.5
1155.75,139.5
1156.0,139.5
1156.25,139.5
1156.5,139.5
1156.75,139.0
1157.0,139.0
1157.25,139.5
1157.5,136.25
1157.75,136.25
1158.0,137.5
1158.25,137.5
1158.5,138.25
1158.75,138.25
1159.0,137.5
1159.25,138.25
1159.5,138.25
1159.75,138.25
1160.0,138.25
1160.25,138.25
1160.5,138.25
1160.75,139.0
1161.0,139.0
1161.25,139.0
1161.5,139.0
1161.75,139.0
1162.0,139.0
1162.25,139.5
1162.5,139.5
1162.75,138.25
1163.0,138.25
1163.25,139.0
1163.5,139.0
1163.75,138.25
1164.0,138.25
1164.25,138.25
1164.5,137.5
1164.75,137.5
1165.0,137.5
1165.25,137.5
1165.5,138.25
1165.75,137.5
1166.0,137.5
1166.25,137.0
1166.5,137.0
1166.75,138.25
1167.0,138.25
1167.25,137.5
1167.5,138.25
1167.75,138.25
1168.0,138.25
1168.25,138.25
1168.5,138.25
1168.75,138.25
1169.0,138.25
1169.25,138.25
1169.5,138.25
1169.75,137.5
1170.0,137.5
1170.25,138.25
1170.5,139.0
1170.75,139.0
1171.0,138.25
1171.25,138.25
1171.5,139.0
1171.75,139.0
1172.0,139.0
1172.25,139.0
1172.5,139.0
1172.75,139.5
1173.0,139.5
1173.25,139.0
1173.5,139.0
1173.75,140.25
1174.0,139.5
1174.25,139.5
1174.5,139.0
1174.75,139.0
1175.0,138.25
1175.25,139.5
1175.5,139.5
1175.75,139.5
1176.0,139.5
1176.25,137.0
1176.5,137.0
1176.75,136.25
1177.0,135.75
1177.25,135.75
1177.5,136.25
1177.75,136.25
1178.0,135.75
1178.25,135.75
1178.5,137.0
1178.75,137.0
1179.0,137.0
1179.25,137.5
1179.5,137.5
1179.75,137.5
1180.0,137.5
1180.25,138.25
1180.5,139.0
1180.75,139.0
1181.0,139.5
1181.25,139.5
1181.5,139.5
1181.75,139.5
1182.0,140.25
1182.25,140.25
1182.5,140.25
1182.75,141.5
1183.0,141.5
1183.25,141.5
1183.5,141.5
1183.75,141.5
1184.0,142.25
1184.25,142.25
1184.5,142.25
1184.75,142.75
1185.0,142.75
1185.25,142.25
1185.5,142.25
1185.75,142.25
1186.0,143.5
1186.25,142.75
1186.5,144.25
1186.75,144.25
1187.0,143.5
1187.25,145.0
1187.5,145.0
1187.75,145.0
1188.0,145.0
1188.25,144.25
1188.5,145.0
1188.75,145.0
1189.0,145.0
1189.25,145.0
1189.5,145.0
1189.75,145.0
1190.0,145.0
1190.25,145.0
1190.5,145.0
1190.75,145.0
1191.0,144.25
1191.25,145.0
1191.5,144.25
1191.75,144.25
1192.0,144.25
1192.25,144.25
1192.5,144.25
1192.75,142.75
1193.0,142.75
1193.25,143.5
1193.5,142.75
1193.75,142.75
1194.0,142.75
1194.25,142.75
1194.5,142.75
1194.75,142.75
1195.0,142.75
1195.25,142.75
1195.5,142.75
1195.75,142.75
1196.0,142.25
1196.25,142.25
1196.5,142.75
1196.75,142.75
1197.0,142.25
1197.25,142.25
1197.5,142.25
1197.75,141.5
1198.0,141.5
1198.25,141.5
1198.5,141.5
1198.75,141.5
1199.0,140.75
1199.25,140.75
1199.5,141.5
1199.75,141.5
1200.0,140.25
1200.25,140.75
1200.5,140.75
1200.75,140.75
1201.0,140.75
1201.25,140.25
1201.5,140.25
1201.75,140.25
1202.0,140.75
1202.25,140.75
1202.5,139.0
1202.75,139.0
1203.0,137.5
1203.25,137.5
1203.5,135.25
1203.75,135.75
1204.0,135.75
1204.25,135.75
1204.5,135.75
1204.75,135.75
1205.0,135.75
1205.25,135.25
1205.5,135.25
1205.75,135.25
1206.0,135.25
1206.25,135.25
1206.5,135.25
1206.75,135.25
1207.0,135.75
1207.25,135.75
1207.5,135.75
1207.75,136.25
1208.0,136.25
1208.25,137.0
1208.5,137.0
1208.75,137.0
1209.0,137.0
1209.25,137.5
1209.5,137.5
1209.75,137.5
1210.0,137.5
1210.25,137.5
1210.5,137.5
1210.75,137.5
1211.0,137.0
1211.25,138.25
1211.5,138.25
1211.75,137.5
1212.0,137.5
1212.25,137.0
1212.5,137.5
1212.75,137.5
1213.0,137.5
1213.25,137.5
1213.5,137.5
1213.75,137.5
1214.0,137.5
1214.25,137.5
1214.5,137.5
1214.75,137.5
1215.0,137.5
1215.25,137.5
1215.5,137.5
1215.75,139.0
1216.0,137.5
1216.25,137.5
1216.5,137.5
1216.75,137.5
1217.0,137.0
1217.25,137.0
1217.5,137.5
1217.75,137.5
1218.0,137.5
1218.25,137.5
1218.5,137.5
1218.75,137.5
1219.0,137.5
1219.25,137.0
1219.5,137.0
1219.75,137.0
1220.0,137.5
1220.25,137.5
1220.5,138.25
1220.75,138.25
1221.0,139.0
1221.25,138.25
1221.5,138.25
1221.75,138.25
1222.0,138.25
1222.25,139.5
1222.5,139.5
1222.75,139.5
1223.0,139.5
1223.25,139.5
1223.5,139.5
1223.75,139.5
1224.0,139.0
1224.25,137.5
1224.5,137.5
1224.75,136.25
1225.0,136.25
1225.25,135.75
1225.5,135.75
1225.75,135.75
1226.0,136.25
1226.25,136.25
1226.5,136.25
1226.75,136.25
1227.0,137.0
1227.25,137.0
1227.5,137.0
1227.75,137.5
1228.0,137.5
1228.25,137.5
1228.5,137.5
1228.75,138.25
1229.0,138.25
1229.25,138.25
1229.5,137.5
1229.75,137.5
1230.0,139.0
1230.25,139.0
1230.5,138.25
1230.75,138.25
1231.0,138.25
1231.25,137.0
1231.5,137.0
1231.75,137.5
1232.0,137.5
1232.25,135.75
1232.5,135.75
1232.75,135.75
1233.0,136.25
1233.25,136.25
1233.5,135.75
1233.75,135.75
1234.0,136.25
1234.25,136.25
1234.5,136.25
1234.75,137.0
1235.0,137.0
1235.25,137.0
1235.5,137.0
1235.75,136.25
1236.0,136.25
1236.25,137.0
1236.5,137.0
1236.75,137.0
1237.0,137.0
1237.25,137.0
1237.5,135.25
1237.75,135.25
1238.0,136.25
1238.25,136.25
1238.5,136.25
1238.75,136.25
1239.0,136.25
1239.25,137.0
1239.5,137.0
1239.75,137.0
1240.0,137.0
1240.25,137.5
1240.5,137.0
1240.75,137.0
1241.0,138.25
1241.25,138.25
1241.5,137.0
1241.75,137.0
1242.0,137.5
1242.25,138.25
1242.5,138.25
1242.75,137.5
1243.0,137.5
1243.25,137.5
1243.5,137.5
1243.75,137.5
1244.0,138.25
1244.25,138.25
1244.5,137.5
1244.75,137.5
1245.0,138.25
1245.25,138.25
1245.5,138.25
1245.75,138.25
1246.0,138.25
1246.25,137.5
1246.5,137.5
1246.75,138.25
1247.0,137.5
1247.25,137.5
1247.5,137.0
1247.75,137.0
1248.0,137.5
1248.25,137.5
1248.5,137.0
1248.75,137.5
1249.0,137.5
1249.25,137.0
1249.5,137.0
1249.75,137.5
1250.0,137.5
1250.25,137.5
1250.5,137.5
1250.75,137.5
1251.0,138.25
1251.25,138.25
1251.5,139.0
1251.75,139.0
1252.0,138.25
1252.25,139.0
1252.5,139.0
1252.75,139.0
1253.0,139.0
1253.25,139.0
1253.5,139.0
1253.75,139.0
1254.0,139.0
1254.25,139.0
1254.5,138.25
1254.75,138.25
1255.0,139.0
1255.25,138.25
1255.5,138.25
1255.75,139.0
1256.0,139.0
1256.25,138.25
1256.5,138.25
1256.75,139.0
1257.0,139.0
1257.25,139.0
1257.5,139.0
1257.75,139.0
1258.0,137.5
1258.25,137.5
1258.5,138.25
1258.75,137.0
1259.0,137.0
1259.25,137.0
1259.5,137.0
1259.75,137.5
1260.0,137.5
1260.25,137.0
1260.5,137.5
1260.75,137.5
1261.0,137.0
1261.25,137.0
1261.5,138.25
1261.75,138.25
1262.0,137.5
1262.25,139.0
1262.5,139.0
1262.75,139.0
1263.0,139.0
1263.25,139.0
1263.5,137.5
1263.75,137.5
1264.0,137.0
1264.25,137.0
1264.5,135.25
1264.75,135.25
1265.0,133.25
1265.25,133.25
1265.5,134.0
1265.75,133.25
1266.0,133.25
1266.25,134.5
1266.5,134.5
1266.75,134.5
1267.0,134.5
1267.25,135.75
1267.5,135.25
1267.75,135.25
1268.0,135.75
1268.25,135.75
1268.5,136.25
1268.75,136.25
1269.0,137.0
1269.25,137.0
1269.5,137.5
1269.75,137.5
1270.0,137.5
1270.25,137.5
1270.5,137.5
1270.75,138.25
1271.0,137.5
1271.25,137.5
1271.5,138.25
1271.75,138.25
1272.0,137.5
1272.25,137.5
1272.5,138.25
1272.75,138.25
1273.0,138.25
1273.25,138.25
1273.5,138.25
1273.75,138.25
1274.0,138.25
1274.25,138.25
1274.5,139.0
1274.75,139.0
1275.0,139.0
1275.25,139.0
1275.5,139.0
1275.75,139.0
1276.0,139.5
1276.25,138.25
1276.5,138.25
1276.75,139.0
1277.0,139.0
1277.25,139.0
1277.5,139.0
1277.75,139.0
1278.0,138.25
1278.25,138.25
1278.5,139.0
1278.75,139.0
1279.0,139.0
1279.25,139.0
1279.5,139.0
1279.75,139.5
1280.0,139.5
1280.25,139.5
1280.5,139.5
1280.75,139.5
1281.0,139.5
1281.25,139.5
1281.5,139.5
1281.75,139.5
1282.0,140.25
1282.25,140.25
1282.5,140.25
1282.75,139.5
1283.0,139.5
1283.25,140.25
1283.5,140.25
1283.75,140.25
1284.0,139.5
1284.25,139.5
1284.5,140.25
1284.75,140.25
1285.0,140.25
1285.25,140.75
1285.5,140.75
1285.75,140.25
1286.0,140.25
1286.25,140.25
1286.5,140.25
1286.75,140.75
1287.0,140.75
1287.25,140.75
1287.5,140.75
1287.75,140.75
1288.0,140.25
1288.25,140.75
1288.5,140.75
1288.75,140.25
1289.0,140.25
1289.25,140.25
1289.5,140.25
1289.75,140.25
1290.0,140.75
1290.25,140.75
1290.5,140.25
1290.75,140.25
1291.0,140.75
1291.25,140.25
1291.5,140.25
1291.75,140.75
1292.0,140.75
1292.25,140.75
1292.5,141.5
1292.75,141.5
1293.0,140.75
1293.25,140.75
1293.5,140.75
1293.75,140.75
1294.0,141.5
1294.25,140.75
1294.5,140.75
1294.75,141.5
1295.0,141.5
1295.25,140.75
1295.5,141.5
1295.75,141.5
1296.0,141.5
1296.25,141.5
1296.5,141.5
1296.75,140.75
1297.0,140.75
1297.25,141.5
1297.5,141.5
1297.75,141.5
1298.0,141.5
1298.25,141.5
1298.5,141.5
1298.75,141.5
1299.0,142.25
1299.25,142.25
1299.5,141.5
1299.75,141.5
1300.0,141.5
1300.25,142.75
1300.5,142.75
1300.75,141.5
1301.0,141.5
1301.25,141.5
1301.5,142.75
1301.75,142.75
1302.0,141.5
1302.25,141.5
1302.5,141.5
1302.75,141.5
1303.0,141.5
1303.25,141.5
1303.5,141.5
1303.75,142.25
1304.0,142.25
1304.25,142.25
1304.5,141.5
1304.75,141.5
1305.0,141.5
1305.25,142.25
1305.5,142.25
1305.75,141.5
1306.0,141.5
1306.25,142.25
1306.5,142.25
1306.75,142.25
1307.0,141.5
1307.25,141.5
1307.5,140.75
1307.75,140.75
1308.0,140.75
1308.25,140.75
1308.5,140.75
1308.75,139.0
1309.0,139.0
1309.25,137.5
1309.5,137.0
1309.75,137.0
1310.0,137.5
1310.25,137.5
1310.5,137.5
1310.75,137.5
1311.0,138.25
1311.25,138.25
1311.5,138.25
1311.75,137.5
1312.0,137.5
1312.25,138.25
1312.5,138.25
1312.75,137.5
1313.0,138.25
1313.25,138.25
1313.5,138.25
1313.75,138.25
1314.0,137.5
1314.25,137.5
1314.5,137.5
1314.75,137.5
1315.0,137.5
1315.25,137.5
1315.5,137.5
1315.75,137.5
1316.0,137.5
1316.25,137.5
1316.5,137.5
1316.75,137.5
1317.0,137.5
1317.25,137.5
1317.5,137.0
1317.75,138.25
1318.0,138.25
1318.25,137.5
1318.5,137.5
1318.75,138.25
1319.0,138.25
1319.25,138.25
1319.5,138.25
1319.75,138.25
1320.0,139.0
1320.25,139.0
1320.5,139.0
1320.75,139.0
1321.0,139.0
1321.25,139.5
1321.5,139.5
1321.75,140.25
1322.0,140.25
1322.25,139.5
1322.5,139.5
1322.75,139.5
1323.0,139.0
1323.25,139.0
1323.5,139.5
1323.75,139.5
1324.0,139.0
1324.25,139.0
1324.5,139.0
1324.75,139.0
1325.0,139.0
1325.25,139.0
1325.5,139.0
1325.75,139.0
1326.0,139.0
1326.25,139.0
1326.5,138.25
1326.75,138.25
1327.0,139.0
1327.25,139.5
1327.5,139.5
1327.75,138.25
1328.0,138.25
1328.25,139.5
1328.5,139.5
1328.75,139.0
1329.0,139.5
1329.25,139.5
1329.5,139.0
1329.75,139.0
1330.0,139.5
1330.25,139.5
1330.5,139.0
1330.75,138.25
1331.0,138.25
1331.25,138.25
1331.5,138.25
1331.75,137.5
1332.0,137.5
1332.25,136.25
1332.5,137.5
1332.75,137.5
1333.0,138.25
1333.25,138.25
1333.5,137.5
1333.75,137.5
1334.0,137.5
1334.25,138.25
1334.5,138.25
1334.75,138.25
1335.0,139.0
1335.25,139.0
1335.5,140.25
1335.75,140.25
1336.0,139.5
1336.25,139.5
1336.5,140.25
1336.75,140.25
1337.0,140.25
1337.25,140.75
1337.5,140.75
1337.75,140.75
1338.0,140.75
1338.25,140.75
1338.5,141.5
1338.75,141.5
1339.0,141.5
1339.25,141.5
1339.5,137.5
1339.75,137.5
1340.0,128.75
1340.25,128.75
1340.5,129.75
1340.75,128.25
1341.0,128.25
1341.25,126.0
1341.5,126.0
1341.75,124.5
1342.0,124.5
1342.25,123.5
1342.5,123.5
1342.75,127.0
1343.0,127.0
1343.25,130.5
1343.5,130.5
1343.75,132.25
1344.0,132.25
1344.25,133.25
1344.5,135.25
1344.75,135.25
1345.0,137.5
1345.25,137.5
1345.5,137.5
1345.75,137.5
1346.0,137.5
1346.25,139.5
1346.5,139.5
1346.75,139.0
1347.0,139.0
1347.25,140.75
1347.5,141.5
1347.75,141.5
1348.0,141.5
1348.25,141.5
1348.5,141.5
1348.75,141.5
1349.0,141.5
1349.25,143.5
1349.5,143.5
1349.75,145.0
1350.0,142.75
1350.25,142.75
1350.5,140.75
1350.75,140.75
1351.0,135.25
1351.25,135.25
1351.5,135.25
1351.75,135.25
1352.0,132.25
1352.25,135.75
1352.5,135.75
1352.75,137.0
1353.0,137.0
1353.25,134.5
1353.5,134.5
1353.75,135.25
1354.0,134.5
1354.25,134.5
1354.5,134.0
1354.75,134.0
1355.0,135.75
1355.25,135.75
1355.5,137.5
1355.75,136.25
1356.0,136.25
1356.25,137.0
1356.5,137.0
1356.75,137.5
1357.0,137.5
1357.25,138.25
1357.5,135.75
1357.75,135.75
1358.0,137.0
1358.25,137.0
1358.5,135.75
1358.75,135.75
1359.0,137.0
1359.25,137.0
1359.5,136.25
1359.75,136.25
1360.0,136.25
1360.25,136.25
1360.5,136.25
1360.75,137.0
1361.0,137.0
1361.25,137.0
1361.5,137.5
1361.75,137.5
1362.0,137.5
1362.25,137.5
1362.5,138.25
1362.75,137.5
1363.0,137.5
1363.25,139.0
1363.5,139.0
1363.75,138.25
1364.0,138.25
1364.25,139.0
1364.5,139.5
1364.75,139.5
1365.0,139.5
1365.25,139.5
1365.5,140.25
1365.75,140.25
1366.0,139.5
1366.25,140.25
1366.5,140.25
1366.75,140.75
1367.0,140.75
1367.25,140.75
1367.5,141.5
1367.75,141.5
1368.0,142.25
1368.25,142.25
1368.5,142.75
1368.75,142.75
1369.0,142.75
1369.25,143.5
1369.5,143.5
1369.75,145.0
1370.0,145.0
1370.25,145.0
1370.5,145.0
1370.75,145.0
1371.0,146.25
1371.25,146.25
1371.5,146.25
1371.75,146.25
1372.0,146.25
1372.25,147.0
1372.5,146.25
1372.75,146.25
1373.0,145.75
1373.25,145.75
1373.5,145.0
1373.75,145.0
1374.0,145.0
1374.25,145.0
1374.5,145.0
1374.75,144.25
1375.0,145.75
1375.25,145.75
1375.5,145.0
1375.75,145.75
1376.0,145.75
1376.25,144.25
1376.5,144.25
1376.75,145.0
1377.0,142.75
1377.25,142.75
1377.5,142.25
1377.75,142.25
1378.0,142.25
1378.25,142.25
1378.5,142.25
1378.75,141.5
1379.0,141.5
1379.25,141.5
1379.5,141.5
1379.75,140.75
1380.0,140.75
1380.25,140.75
1380.5,140.25
1380.75,140.25
1381.0,140.75
1381.25,140.75
1381.5,140.75
1381.75,140.75
1382.0,140.75
1382.25,139.5
1382.5,139.5
1382.75,137.0
1383.0,135.75
1383.25,135.75
1383.5,133.25
1383.75,133.25
1384.0,134.0
1384.25,134.0
1384.5,133.25
1384.75,133.25
1385.0,133.25
1385.25,134.5
1385.5,134.5
1385.75,132.25
1386.0,132.25
1386.25,132.25
1386.5,132.25
1386.75,133.25
1387.0,133.25
1387.25,134.5
1387.5,135.25
1387.75,135.25
1388.0,135.75
1388.25,135.75
1388.5,136.25
1388.75,136.25
1389.0,137.5
1389.25,139.0
1389.5,139.0
1389.75,139.5
1390.0,139.5
1390.25,139.0
1390.5,139.0
1390.75,139.0
1391.0,130.5
1391.25,123.5
1391.5,123.5
1391.75,123.5
1392.0,124.0
1392.25,127.0
1392.5,128.25
1392.75,128.25
1393.0,130.5
1393.25,130.5
1393.5,131.5
1393.75,131.5
1394.0,133.25
1394.25,133.25
1394.5,134.5
1394.75,135.75
1395.0,135.75
1395.25,136.25
1395.5,136.25
1395.75,137.0
1396.0,137.0
1396.25,138.25
1396.5,138.25
1396.75,138.25
1397.0,139.5
1397.25,139.5
1397.5,140.25
1397.75,139.5
1398.0,139.5
1398.25,141.5
1398.5,141.5
1398.75,140.25
1399.0,140.25
1399.25,140.25
1399.5,140.75
1399.75,140.75
1400.0,140.25
1400.25,140.25
1400.5,140.75
1400.75,140.25
1401.0,140.25
1401.25,140.75
1401.5,140.75
1401.75,140.75
1402.0,140.75
1402.25,140.75
1402.5,140.75
1402.75,140.75
1403.0,140.75
1403.25,140.75
1403.5,141.5
1403.75,140.75
1404.0,140.75
1404.25,140.75
1404.5,140.75
1404.75,141.5
1405.0,140.25
1405.25,140.25
1405.5,139.5
1405.75,139.5
1406.0,140.25
1406.25,140.25
1406.5,139.5
1406.75,139.5
1407.0,139.5
1407.25,139.0
1407.5,139.0
1407.75,139.0
1408.0,139.5
1408.25,139.5
1408.5,140.25
1408.75,140.25
1409.0,139.0
1409.25,139.0
1409.5,137.5
1409.75,137.5
1410.0,137.5
1410.25,137.5
1410.5,137.5
1410.75,137.0
1411.0,137.0
1411.25,137.5
1411.5,137.0
1411.75,137.0
1412.0,137.5
1412.25,137.5
1412.5,138.25
1412.75,138.25
1413.0,139.0
1413.25,139.5
1413.5,139.5
1413.75,139.5
1414.0,139.5
1414.25,140.75
1414.5,140.75
1414.75,140.75
1415.0,141.5
1415.25,141.5
1415.5,142.25
1415.75,142.25
1416.0,142.75
1416.25,143.5
1416.5,143.5
1416.75,142.75
1417.0,142.75
1417.25,144.25
1417.5,144.25
1417.75,144.25
1418.0,144.25
1418.25,144.25
1418.5,144.25
1418.75,144.25
1419.0,145.0
1419.25,144.25
1419.5,144.25
1419.75,144.25
1420.0,143.5
1420.25,143.5
1420.5,143.5
1420.75,143.5
1421.0,142.75
1421.25,142.25
1421.5,142.25
1421.75,142.25
1422.0,142.25
1422.25,141.5
1422.5,140.25
1422.75,140.25
1423.0,140.75
1423.25,140.75
1423.5,140.25
1423.75,140.25
1424.0,140.25
1424.25,140.25
1424.5,140.25
1424.75,140.25
1425.0,140.25
1425.25,140.75
1425.5,140.75
1425.75,140.75
1426.0,141.5
1426.25,141.5
1426.5,140.75
1426.75,141.5
1427.0,141.5
1427.25,141.5
1427.5,141.5
1427.75,141.5
1428.0,142.25
1428.25,142.25
1428.5,142.25
1428.75,142.25
1429.0,141.5
1429.25,141.5
1429.5,141.5
1429.75,141.5
1430.0,141.5
1430.25,140.75
1430.5,140.75
1430.75,137.5
1431.0,135.75
1431.25,135.75
1431.5,135.25
1431.75,135.25
1432.0,134.5
1432.25,134.5
1432.5,132.25
1432.75,132.25
1433.0,134.0
1433.25,133.25
1433.5,133.25
1433.75,133.25
1434.0,133.25
1434.25,132.75
1434.5,132.75
1434.75,134.0
1435.0,134.0
1435.25,134.5
1435.5,135.75
1435.75,135.75
1436.0,135.75
1436.25,135.75
1436.5,136.25
1436.75,136.25
1437.0,137.0
1437.25,137.5
1437.5,137.5
1437.75,137.5
1438.0,137.5
1438.25,139.0
1438.5,139.0
1438.75,138.25
1439.0,138.25
1439.25,138.25
1439.5,139.0
1439.75,139.0
1440.0,139.0
1440.25,139.0
1440.5,138.25
1440.75,137.5
1441.0,137.5
1441.25,136.25
1441.5,136.25
1441.75,134.5
1442.0,134.5
1442.25,130.5
1442.5,132.25
1442.75,132.25
1443.0,130.5
1443.25,130.5
1443.5,129.75
1443.75,129.75
1444.0,131.5
1444.25,131.5
1444.5,132.75
1444.75,132.75
1445.0,132.25
1445.25,132.25
1445.5,132.25
1445.75,131.0
1446.0,131.0
1446.25,132.25
1446.5,132.25
1446.75,133.25
1447.0,133.25
1447.25,134.0
1447.5,134.5
1447.75,134.5
1448.0,134.5
1448.25,134.5
1448.5,135.75
1448.75,135.75
1449.0,136.25
1449.25,136.25
1449.5,135.75
1449.75,137.0
1450.0,137.0
1450.25,137.0
1450.5,137.0
1450.75,138.25
1451.0,138.25
1451.25,137.5
1451.5,138.25
1451.75,138.25
1452.0,138.25
1452.25,138.25
1452.5,136.25
1452.75,137.5
1453.0,137.5
1453.25,135.25
1453.5,135.25
1453.75,135.75
1454.0,135.75
1454.25,135.25
1454.5,135.25
1454.75,135.25
1455.0,135.75
1455.25,135.75
1455.5,135.75
1455.75,135.75
1456.0,135.75
1456.25,135.75
1456.5,136.25
1456.75,137.5
1457.0,137.5
1457.25,137.5
1457.5,137.5
1457.75,138.25
1458.0,138.25
1458.25,139.0
1458.5,139.5
1458.75,139.5
1459.0,139.0
1459.25,139.0
1459.5,140.75
1459.75,140.75
1460.0,140.75
1460.25,141.5
1460.5,141.5
1460.75,142.75
1461.0,142.75
1461.25,142.75
1461.5,142.75
1461.75,142.75
1462.0,143.5
1462.25,143.5
1462.5,145.0
1462.75,145.0
1463.0,145.0
1463.25,146.25
1463.5,145.75
1463.75,145.75
1464.0,145.75
1464.25,145.75
1464.5,146.25
1464.75,147.0
1465.0,147.0
1465.25,147.0
1465.5,147.0
1465.75,147.0
1466.0,147.0
1466.25,147.0
1466.5,147.0
1466.75,147.0
1467.0,147.0
1467.25,147.75
1467.5,147.75
1467.75,147.75
1468.0,147.75
1468.25,147.75
1468.5,147.75
1468.75,147.75
1469.0,147.75
1469.25,147.0
1469.5,147.0
1469.75,147.75
1470.0,147.75
1470.25,147.75
1470.5,147.75
1470.75,147.75
1471.0,147.75
1471.25,147.75
1471.5,147.75
1471.75,147.75
1472.0,147.75
1472.25,147.75
1472.5,147.75
1472.75,147.75
1473.0,147.75
1473.25,147.75
1473.5,148.5
1473.75,147.0
1474.0,147.0
1474.25,147.75
1474.5,148.5
1474.75,148.5
1475.0,147.75
1475.25,147.75
1475.5,148.5
1475.75,148.5
1476.0,148.5
1476.25,148.5
1476.5,148.5
1476.75,148.5
1477.0,149.25
1477.25,149.25
1477.5,148.5
1477.75,148.5
1478.0,148.5
1478.25,149.25
1478.5,149.25
1478.75,150.0
1479.0,150.0
1479.25,150.0
1479.5,150.0
1479.75,149.25
1480.0,149.25
1480.25,149.25
1480.5,149.25
1480.75,148.5
1481.0,149.25
1481.25,149.25
1481.5,149.25
1481.75,149.25
1482.0,149.25
1482.25,149.25
1482.5,149.25
1482.75,149.25
1483.0,150.0
1483.25,150.0
1483.5,149.25
1483.75,148.5
1484.0,148.5
1484.25,147.75
1484.5,147.75
1484.75,147.75
1485.0,147.75
1485.25,147.75
1485.5,147.75
1485.75,147.75
1486.0,146.25
1486.25,145.0
1486.5,145.0
1486.75,144.25
1487.0,144.25
1487.25,142.75
1487.5,142.75
1487.75,142.75
1488.0,142.25
1488.25,142.25
1488.5,141.5
1488.75,141.5
1489.0,141.5
1489.25,142.25
1489.5,142.25
1489.75,142.75
1490.0,142.75
1490.25,142.75
1490.5,142.75
1490.75,142.75
1491.0,143.5
1491.25,143.5
1491.5,143.5
1491.75,142.75
1492.0,142.75
1492.25,143.5
1492.5,143.5
1492.75,143.5
1493.0,143.5
1493.25,143.5
1493.5,142.75
1493.75,143.5
1494.0,143.5
1494.25,142.75
1494.5,142.75
1494.75,143.5
1495.0,142.75
1495.25,142.75
1495.5,141.5
1495.75,141.5
1496.0,142.25
1496.25,142.25
1496.5,142.75
1496.75,142.25
1497.0,142.25
1497.25,142.75
1497.5,142.75
1497.75,143.5
1498.0,142.75
1498.25,142.75
1498.5,142.75
1498.75,142.75
1499.0,143.5
1499.25,142.75
1499.5,142.75
1499.75,143.5
1500.0,143.5
1500.25,143.5
1500.5,143.5
1500.75,143.5
1501.0,143.5
1501.25,143.5
1501.5,142.75
1501.75,143.5
1502.0,143.5
1502.25,142.75
1502.5,142.75
1502.75,143.5
1503.0,142.75
1503.25,142.75
1503.5,143.5
1503.75,143.5
1504.0,142.75
1504.25,143.5
1504.5,143.5
1504.75,142.75
1505.0,142.75
1505.25,144.25
1505.5,143.5
1505.75,143.5
1506.0,143.5
1506.25,143.5
1506.5,144.25
1506.75,144.25
1507.0,144.25
1507.25,143.5
1507.5,143.5
1507.75,144.25
1508.0,143.5
1508.25,143.5
1508.5,143.5
1508.75,143.5
1509.0,143.5
1509.25,143.5
1509.5,143.5
1509.75,143.5
1510.0,143.5
1510.25,143.5
1510.5,143.5
1510.75,143.5
1511.0,145.0
1511.25,145.0
1511.5,144.25
1511.75,145.0
1512.0,145.0
1512.25,145.0
1512.5,145.0
1512.75,145.75
1513.0,145.0
1513.25,145.0
1513.5,145.0
1513.75,145.0
1514.0,145.0
1514.25,145.75
1514.5,145.75
1514.75,145.0
1515.0,145.0
1515.25,145.75
1515.5,145.75
1515.75,145.75
1516.0,145.0
1516.25,145.0
1516.5,145.75
1516.75,145.75
1517.0,145.75
1517.25,145.0
1517.5,145.0
1517.75,145.75
1518.0,145.75
1518.25,145.75
1518.5,145.0
1518.75,145.0
1519.0,144.25
1519.25,145.0
1519.5,145.0
1519.75,144.25
1520.0,144.25
1520.25,143.5
1520.5,144.25
1520.75,144.25
1521.0,143.5
1521.25,143.5
1521.5,142.75
1521.75,143.5
1522.0,143.5
1522.25,142.75
1522.5,142.75
1522.75,142.75
1523.0,143.5
1523.25,143.5
1523.5,142.75
1523.75,142.75
1524.0,143.5
1524.25,143.5
1524.5,143.5
1524.75,143.5
1525.0,143.5
1525.25,143.5
1525.5,144.25
1525.75,144.25
1526.0,144.25
1526.25,144.25
1526.5,144.25
1526.75,142.75
1527.0,142.75
1527.25,143.5
1527.5,143.5
1527.75,143.5
1528.0,144.25
1528.25,144.25
1528.5,142.75
1528.75,142.75
1529.0,143.5
1529.25,143.5
1529.5,143.5
1529.75,143.5
1530.0,143.5
1530.25,143.5
1530.5,143.5
1530.75,143.5
1531.0,144.25
1531.25,144.25
1531.5,144.25
1531.75,144.25
1532.0,144.25
1532.25,144.25
1532.5,144.25
1532.75,143.5
1533.0,144.25
1533.25,144.25
1533.5,145.0
1533.75,145.0
1534.0,143.5
1534.25,143.5
1534.5,143.5
1534.75,142.75
1535.0,142.75
1535.25,142.25
1535.5,141.5
1535.75,141.5
1536.0,141.5
1536.25,141.5
1536.5,140.75
1536.75,141.5
1537.0,141.5
1537.25,140.75
1537.5,140.75
1537.75,141.5
1538.0,141.5
1538.25,140.75
1538.5,140.75
1538.75,140.75
1539.0,141.5
1539.25,141.5
1539.5,140.25
1539.75,140.75
1540.0,140.75
1540.25,140.75
1540.5,140.75
1540.75,140.75
1541.0,140.75
1541.25,141.5
1541.5,141.5
1541.75,141.5
1542.0,141.5
1542.25,141.5
1542.5,142.25
1542.75,142.25
1543.0,142.25
1543.25,142.75
1543.5,142.75
1543.75,142.25
1544.0,142.75
1544.25,142.75
1544.5,142.75
1544.75,142.75
1545.0,143.5
1545.25,143.5
1545.5,143.5
1545.75,143.5
1546.0,143.5
1546.25,144.25
1546.5,143.5
1546.75,143.5
1547.0,144.25
1547.25,144.25
1547.5,145.0
1547.75,144.25
1548.0,144.25
1548.25,145.0
1548.5,145.0
1548.75,145.75
1549.0,146.25
1549.25,146.25
1549.5,146.25
1549.75,146.25
1550.0,147.0
1550.25,147.0
1550.5,147.0
1550.75,148.5
1551.0,148.5
1551.25,148.5
1551.5,148.5
1551.75,148.5
1552.0,150.0
1552.25,150.0
1552.5,150.0
1552.75,150.0
1553.0,150.75
1553.25,150.75
1553.5,150.75
1553.75,150.75
1554.0,151.5
1554.25,150.75
1554.5,150.75
1554.75,151.5
1555.0,152.25
1555.25,152.25
1555.5,151.5
1555.75,151.5
1556.0,152.25
1556.25,151.5
1556.5,151.5
1556.75,151.5
1557.0,151.5
1557.25,151.5
1557.5,151.5
1557.75,150.0
1558.0,150.0
1558.25,148.5
1558.5,148.5
1558.75,147.0
1559.0,147.75
1559.25,147.75
1559.5,147.0
1559.75,147.0
1560.0,147.75
1560.25,147.0
1560.5,147.0
1560.75,147.0
1561.0,145.75
1561.25,145.0
1561.5,144.25
1561.75,144.25
1562.0,145.0
1562.25,144.25
1562.5,144.25
1562.75,142.75
1563.0,142.75
1563.25,142.25
1563.5,142.25
1563.75,141.5
1564.0,140.25
1564.25,140.25
1564.5,140.75
1564.75,140.75
1565.0,140.75
1565.25,140.25
1565.5,140.25
1565.75,140.75
1566.0,140.75
1566.25,140.25
1566.5,140.25
1566.75,140.25
1567.0,140.25
1567.25,140.25
1567.5,140.25
1567.75,140.25
1568.0,140.25
1568.25,140.75
1568.5,140.75
1568.75,141.5
1569.0,141.5
1569.25,142.25
1569.5,142.25
1569.75,142.25
1570.0,142.75
1570.25,142.75
1570.5,142.75
1570.75,143.5
1571.0,143.5
1571.25,143.5
1571.5,143.5
1571.75,144.25
1572.0,144.25
1572.25,144.25
1572.5,145.0
1572.75,145.0
1573.0,145.0
1573.25,144.25
1573.5,144.25
1573.75,145.0
1574.0,145.0
1574.25,145.0
1574.5,145.0
1574.75,145.0
1575.0,145.0
1575.25,145.0
1575.5,145.75
1575.75,145.0
1576.0,145.0
1576.25,146.25
1576.5,146.25
1576.75,145.75
1577.0,146.25
1577.25,146.25
1577.5,147.0
1577.75,147.0
1578.0,147.0
1578.25,147.0
1578.5,147.0
1578.75,147.0
1579.0,147.75
1579.25,148.5
1579.5,148.5
1579.75,148.5
1580.0,147.75
1580.25,148.5
1580.5,148.5
1580.75,148.5
1581.0,148.5
1581.25,148.5
1581.5,148.5
1581.75,148.5
1582.0,148.5
1582.25,148.5
1582.5,148.5
1582.75,148.5
1583.0,148.5
1583.25,147.75
1583.5,148.5
1583.75,148.5
1584.0,148.5
1584.25,148.5
1584.5,148.5
1584.75,147.75
1585.0,147.75
1585.25,147.75
1585.5,147.0
1585.75,147.0
1586.0,147.75
1586.25,147.75
1586.5,146.25
1586.75,146.25
1587.0,146.25
1587.25,145.75
1587.5,145.75
1587.75,145.75
1588.0,145.75
1588.25,145.75
1588.5,145.0
1588.75,145.0
1589.0,145.0
1589.25,145.0
1589.5,145.0
1589.75,144.25
1590.0,143.5
1590.25,143.5
1590.5,145.0
1590.75,145.0
1591.0,143.5
1591.25,144.25
1591.5,144.25
1591.75,142.75
1592.0,142.75
1592.25,144.25
1592.5,143.5
1592.75,143.5
1593.0,142.25
1593.25,142.25
1593.5,142.75
1593.75,142.75
1594.0,143.5
1594.25,142.75
1594.5,142.75
1594.75,142.75
1595.0,142.75
1595.25,143.5
1595.5,143.5
1595.75,143.5
1596.0,143.5
1596.25,143.5
1596.5,143.5
1596.75,144.25
1597.0,144.25
1597.25,143.5
1597.5,143.5
1597.75,144.25
1598.0,144.25
1598.25,144.25
1598.5,144.25
1598.75,144.25
1599.0,144.25
1599.25,145.0
1599.5,145.0
1599.75,145.0
1600.0,145.0
1600.25,144.25
1600.5,145.0
1600.75,145.0
1601.0,145.0
1601.25,145.0
1601.5,144.25
1601.75,145.0
1602.0,145.0
1602.25,145.0
1602.5,145.0
1602.75,144.25
1603.0,144.25
1603.25,144.25
1603.5,144.25
1603.75,144.25
1604.0,144.25
1604.25,144.25
1604.5,144.25
1604.75,144.25
1605.0,144.25
1605.25,144.25
1605.5,144.25
1605.75,144.25
1606.0,144.25
1606.25,144.25
1606.5,144.25
1606.75,144.25
1607.0,144.25
1607.25,144.25
1607.5,143.5
1607.75,143.5
1608.0,144.25
1608.25,144.25
1608.5,143.5
1608.75,144.25
1609.0,144.25
1609.25,144.25
1609.5,144.25
1609.75,145.0
1610.0,145.0
1610.25,145.0
1610.5,145.0
1610.75,145.0
1611.0,145.75
1611.25,146.25
1611.5,146.25
1611.75,146.25
1612.0,146.25
1612.25,147.0
1612.5,147.75
1612.75,147.75
1613.0,147.75
1613.25,147.75
1613.5,148.5
1613.75,149.25
1614.0,149.25
1614.25,149.25
1614.5,148.5
1614.75,148.5
1615.0,149.25
1615.25,149.25
1615.5,150.0
1615.75,150.0
1616.0,150.0
1616.25,150.0
1616.5,150.75
1616.75,150.75
1617.0,150.0
1617.25,150.0
1617.5,150.0
1617.75,150.0
1618.0,150.0
1618.25,150.0
1618.5,151.5
1618.75,151.5
1619.0,151.5
1619.25,151.5
1619.5,150.75
1619.75,152.25
1620.0,152.25
1620.25,151.5
1620.5,150.75
1620.75,150.75
1621.0,151.5
1621.25,150.75
1621.5,150.75
1621.75,150.0
1622.0,150.0
1622.25,150.0
1622.5,149.25
1622.75,149.25
1623.0,148.5
1623.25,149.25
1623.5,149.25
1623.75,149.25
1624.0,149.25
1624.25,148.5
1624.5,149.25
1624.75,149.25
1625.0,148.5
1625.25,148.5
1625.5,149.25
1625.75,148.5
1626.0,148.5
1626.25,149.25
1626.5,149.25
1626.75,149.25
1627.0,148.5
1627.25,148.5
1627.5,148.5
1627.75,147.75
1628.0,147.75
1628.25,148.5
1628.5,147.75
1628.75,147.75
1629.0,147.75
1629.25,147.75
1629.5,146.25
1629.75,146.25
1630.0,146.25
1630.25,145.75
1630.5,145.75
1630.75,146.25
1631.0,145.75
1631.25,145.75
1631.5,145.0
1631.75,145.0
1632.0,144.25
1632.25,143.5
1632.5,143.5
1632.75,143.5
1633.0,143.5
1633.25,144.25
1633.5,143.5
1633.75,143.5
1634.0,142.75
1634.25,142.75
1634.5,142.25
1634.75,142.75
1635.0,142.75
1635.25,142.75
1635.5,142.75
1635.75,143.5
1636.0,142.75
1636.25,142.75
1636.5,143.5
1636.75,143.5
1637.0,143.5
1637.25,143.5
1637.5,143.5
1637.75,144.25
1638.0,144.25
1638.25,144.25
1638.5,144.25
1638.75,144.25
1639.0,143.5
1639.25,143.5
1639.5,144.25
1639.75,144.25
1640.0,144.25
1640.25,144.25
1640.5,144.25
1640.75,144.25
1641.0,143.5
1641.25,143.5
1641.5,143.5
1641.75,143.5
1642.0,144.25
1642.25,144.25
1642.5,144.25
1642.75,144.25
1643.0,143.5
1643.25,144.25
1643.5,144.25
1643.75,144.25
1644.0,143.5
1644.25,143.5
1644.5,144.25
1644.75,144.25
1645.0,143.5
1645.25,143.5
1645.5,143.5
1645.75,142.75
1646.0,142.25
1646.25,142.25
1646.5,141.5
1646.75,141.5
1647.0,141.5
1647.25,141.5
1647.5,140.75
1647.75,138.25
1648.0,138.25
1648.25,137.5
1648.5,137.5
1648.75,138.25
1649.0,138.25
1649.25,136.25
1649.5,137.5
1649.75,137.5
1650.0,137.5
1650.25,137.5
1650.5,137.5
1650.75,139.0
1651.0,139.0
1651.25,139.5
1651.5,139.5
1651.75,140.25
1652.0,140.25
1652.25,141.5
1652.5,142.25
1652.75,142.25
1653.0,142.25
1653.25,142.25
1653.5,143.5
1653.75,143.5
1654.0,143.5
1654.25,144.25
1654.5,144.25
1654.75,144.25
1655.0,145.0
1655.25,145.0
1655.5,145.0
1655.75,145.0
1656.0,145.0
1656.25,145.0
1656.5,145.0
1656.75,145.0
1657.0,145.0
1657.25,145.0
1657.5,145.0
1657.75,145.0
1658.0,144.25
1658.25,144.25
1658.5,144.25
1658.75,145.0
1659.0,145.0
1659.25,145.0
1659.5,145.0
1659.75,145.0
1660.0,145.75
1660.25,145.75
1660.5,145.75
1660.75,145.75
1661.0,145.75
1661.25,146.25
1661.5,146.25
1661.75,146.25
1662.0,147.0
1662.25,147.0
1662.5,147.0
1662.75,147.0
1663.0,147.0
1663.25,147.0
1663.5,147.0
1663.75,147.0
1664.0,147.0
1664.25,147.75
1664.5,148.5
1664.75,148.5
1665.0,148.5
1665.25,148.5
1665.5,148.5
1665.75,149.25
1666.0,149.25
1666.25,149.25
1666.5,148.5
1666.75,148.5
1667.0,148.5
1667.25,148.5
1667.5,148.5
1667.75,147.75
1668.0,147.75
1668.25,147.75
1668.5,147.0
1668.75,147.0
1669.0,147.0
1669.25,147.0
1669.5,146.25
1669.75,145.75
1670.0,145.75
1670.25,146.25
1670.5,146.25
1670.75,142.25
1671.0,142.25
1671.25,142.25
1671.5,141.5
1671.75,141.5
1672.0,141.5
1672.25,141.5
1672.5,141.5
1672.75,141.5
1673.0,141.5
1673.25,142.25
1673.5,141.5
1673.75,141.5
1674.0,140.75
1674.25,140.75
1674.5,140.75
1674.75,140.75
1675.0,141.5
1675.25,141.5
1675.5,141.5
1675.75,140.75
1676.0,140.75
1676.25,140.75
1676.5,141.5
1676.75,141.5
1677.0,140.75
1677.25,140.75
1677.5,140.75
1677.75,141.5
1678.0,141.5
1678.25,141.5
1678.5,141.5
1678.75,140.75
1679.0,140.75
1679.25,140.75
1679.5,141.5
1679.75,141.5
1680.0,140.75
1680.25,140.75
1680.5,140.75
1680.75,141.5
1681.0,141.5
1681.25,141.5
1681.5,141.5
1681.75,140.75
1682.0,141.5
1682.25,141.5
1682.5,142.25
1682.75,142.25
1683.0,141.5
1683.25,141.5
1683.5,140.75
1683.75,141.5
1684.0,141.5
1684.25,140.75
1684.5,140.75
1684.75,141.5
1685.0,141.5
1685.25,141.5
1685.5,141.5
1685.75,141.5
1686.0,141.5
1686.25,141.5
1686.5,141.5
1686.75,142.25
1687.0,142.25
1687.25,142.25
1687.5,142.25
1687.75,142.25
1688.0,142.25
1688.25,142.25
1688.5,142.25
1688.75,142.25
1689.0,142.25
1689.25,142.25
1689.5,142.25
1689.75,142.25
1690.0,142.25
1690.25,142.25
1690.5,141.5
1690.75,141.5
1691.0,142.25
1691.25,142.25
1691.5,142.25
1691.75,141.5
1692.0,141.5
1692.25,142.25
1692.5,142.25
1692.75,141.5
1693.0,141.5
1693.25,141.5
1693.5,141.5
1693.75,141.5
1694.0,141.5
1694.25,141.5
1694.5,140.75
1694.75,141.5
1695.0,141.5
1695.25,141.5
1695.5,141.5
1695.75,141.5
1696.0,140.25
1696.25,140.25
1696.5,140.75
1696.75,140.75
1697.0,140.75
1697.25,140.75
1697.5,140.75
1697.75,140.75
1698.0,140.75
1698.25,140.75
1698.5,140.75
1698.75,140.25
1699.0,139.5
1699.25,139.5
1699.5,139.5
1699.75,139.5
1700.0,140.25
1700.25,140.25
1700.5,140.25
1700.75,140.25
1701.0,140.25
1701.25,140.25
1701.5,140.25
1701.75,140.75
1702.0,139.5
1702.25,139.5
1702.5,137.0
1702.75,137.0
1703.0,132.75
1703.25,132.75
1703.5,131.5
1703.75,131.5
1704.0,129.25
1704.25,131.0
1704.5,131.0
1704.75,131.5
1705.0,131.5
1705.25,132.25
1705.5,132.25
1705.75,134.0
1706.0,134.0
1706.25,133.25
1706.5,132.75
1706.75,132.75
1707.0,134.0
1707.25,134.0
1707.5,133.25
1707.75,133.25
1708.0,131.5
1708.25,131.5
1708.5,129.75
1708.75,129.75
1709.0,131.0
1709.25,131.0
1709.5,131.0
1709.75,129.25
1710.0,129.25
1710.25,129.75
1710.5,129.75
1710.75,129.25
1711.0,129.25
1711.25,129.75
1711.5,129.75
1711.75,132.25
1712.0,132.75
1712.25,132.75
1712.5,133.25
1712.75,133.25
1713.0,134.0
1713.25,134.0
1713.5,135.25
1713.75,135.25
1714.0,136.25
1714.25,136.25
1714.5,136.25
1714.75,138.25
1715.0,138.25
1715.25,138.25
1715.5,139.0
1715.75,139.0
1716.0,139.5
1716.25,139.5
1716.5,140.25
1716.75,140.25
1717.0,140.25
1717.25,140.75
1717.5,140.75
1717.75,142.25
1718.0,142.25
1718.25,141.5
1718.5,142.25
1718.75,142.25
1719.0,142.25
1719.25,142.25
1719.5,142.25
1719.75,142.25
1720.0,142.75
1720.25,143.5
1720.5,143.5
1720.75,143.5
1721.0,144.25
1721.25,144.25
1721.5,144.25
1721.75,144.25
1722.0,144.25
1722.25,145.0
1722.5,145.0
1722.75,145.0
1723.0,145.0
1723.25,145.0
1723.5,146.25
1723.75,146.25
1724.0,147.0
1724.25,147.0
1724.5,147.0
1724.75,147.75
1725.0,147.75
1725.25,148.5
1725.5,148.5
1725.75,148.5
1726.0,149.25
1726.25,149.25
1726.5,150.0
1726.75,149.25
1727.0,149.25
1727.25,148.5
1727.5,148.5
1727.75,149.25
1728.0,149.25
1728.25,149.25
1728.5,148.5
1728.75,148.5
1729.0,148.5
1729.25,148.5
1729.5,148.5
1729.75,148.5
1730.0,147.75
1730.25,147.75
1730.5,148.5
1730.75,148.5
1731.0,148.5
1731.25,147.75
1731.5,147.75
1731.75,147.0
1732.0,147.75
1732.25,147.75
1732.5,147.0
1732.75,147.0
1733.0,144.25
1733.25,142.75
1733.5,142.75
1733.75,140.75
1734.0,140.75
1734.25,141.5
1734.5,142.25
1734.75,142.25
1735.0,141.5
1735.25,141.5
1735.5,141.5
1735.75,141.5
1736.0,141.5
1736.25,141.5
1736.5,141.5
1736.75,141.5
1737.0,141.5
1737.25,142.25
1737.5,141.5
1737.75,141.5
1738.0,141.5
1738.25,141.5
1738.5,140.75
1738.75,141.5
1739.0,141.5
1739.25,141.5
1739.5,141.5
1739.75,140.75
1740.0,141.5
1740.25,141.5
1740.5,142.25
1740.75,142.25
1741.0,142.25
1741.25,142.25
1741.5,142.25
1741.75,143.5
1742.0,143.5
1742.25,142.75
1742.5,142.75
1742.75,143.5
1743.0,144.25
1743.25,144.25
1743.5,143.5
1743.75,143.5
1744.0,143.5
1744.25,142.75
1744.5,142.75
1744.75,142.75
1745.0,142.75
1745.25,142.25
1745.5,141.5
1745.75,141.5
1746.0,141.5
1746.25,141.5
1746.5,140.75
1746.75,140.25
1747.0,140.25
1747.25,140.25
1747.5,140.25
1747.75,140.75
1748.0,140.75
1748.25,140.25
1748.5,140.75
1748.75,140.75
1749.0,140.75
1749.25,140.75
1749.5,141.5
1749.75,141.5
1750.0,141.5
1750.25,141.5
1750.5,141.5
1750.75,142.75
1751.0,142.75
1751.25,142.75
1751.5,142.75
1751.75,142.75
1752.0,142.75
1752.25,143.5
1752.5,143.5
1752.75,143.5
1753.0,143.5
1753.25,145.0
1753.5,144.25
1753.75,144.25
1754.0,145.0
1754.25,145.0
1754.5,144.25
1754.75,144.25
1755.0,144.25
1755.25,144.25
1755.5,144.25
1755.75,145.0
1756.0,145.0
1756.25,145.0
1756.5,145.0
1756.75,145.0
1757.0,145.75
1757.25,145.75
1757.5,145.75
1757.75,146.25
1758.0,146.25
1758.25,145.75
1758.5,146.25
1758.75,146.25
1759.0,147.0
1759.25,147.0
1759.5,147.0
1759.75,147.0
1760.0,147.0
1760.25,147.75
1760.5,146.25
1760.75,146.25
1761.0,147.0
1761.25,147.0
1761.5,147.0
1761.75,146.25
1762.0,146.25
1762.25,147.0
1762.5,147.0
1762.75,147.0
1763.0,145.75
1763.25,146.25
1763.5,145.75
1763.75,145.75
1764.0,145.0
1764.25,145.0
1764.5,145.0
1764.75,144.25
1765.0,144.25
1765.25,144.25
1765.5,143.5
1765.75,143.5
1766.0,143.5
1766.25,143.5
1766.5,142.75
1766.75,142.25
1767.0,142.25
1767.25,141.5
1767.5,141.5
1767.75,142.25
1768.0,141.5
1768.25,141.5
1768.5,141.5
1768.75,141.5
1769.0,140.75
1769.25,141.5
1769.5,141.5
1769.75,140.75
1770.0,140.75
1770.25,141.5
1770.5,141.5
1770.75,140.75
1771.0,141.5
1771.25,141.5
1771.5,141.5
1771.75,141.5
1772.0,141.5
1772.25,140.75
1772.5,140.75
1772.75,139.0
1773.0,139.0
1773.25,135.75
1773.5,135.75
1773.75,135.25
1774.0,137.5
1774.25,137.5
1774.5,137.0
1774.75,137.0
1775.0,137.5
1775.25,137.5
1775.5,137.5
1775.75,138.25
1776.0,138.25
1776.25,139.0
1776.5,139.0
1776.75,139.5
1777.0,139.5
1777.25,139.5
1777.5,140.75
1777.75,140.75
1778.0,140.25
1778.25,140.25
1778.5,140.75
1778.75,140.75
1779.0,140.75
1779.25,140.75
1779.5,140.75
1779.75,140.75
1780.0,140.75
1780.25,140.75
1780.5,140.25
1780.75,140.25
1781.0,140.75
1781.25,140.75
1781.5,140.75
1781.75,141.5
1782.0,141.5
1782.25,140.75
1782.5,140.75
1782.75,140.75
1783.0,141.5
1783.25,141.5
1783.5,140.75
1783.75,140.75
1784.0,140.75
1784.25,141.5
1784.5,141.5
1784.75,140.75
1785.0,140.75
1785.25,140.75
1785.5,140.75
1785.75,140.75
1786.0,140.25
1786.25,140.25
1786.5,140.25
1786.75,140.25
1787.0,140.75
1787.25,139.5
1787.5,139.5
1787.75,140.25
1788.0,140.25
1788.25,139.5
1788.5,139.5
1788.75,139.5
1789.0,139.5
1789.25,139.5
1789.5,139.5
1789.75,139.5
1790.0,139.5
1790.25,139.5
1790.5,139.5
1790.75,139.5
1791.0,139.5
1791.25,140.25
1791.5,140.25
1791.75,139.5
1792.0,139.5
1792.25,139.5
1792.5,140.25
1792.75,140.25
1793.0,140.25
1793.25,140.75
1793.5,140.75
1793.75,140.25
1794.0,140.25
1794.25,140.25
1794.5,140.25
1794.75,140.75
1795.0,140.75
1795.25,140.75
1795.5,140.75
1795.75,140.75
1796.0,140.75
1796.25,140.75
1796.5,140.75
1796.75,140.75
1797.0,140.75
1797.25,140.75
1797.5,141.5
1797.75,141.5
1798.0,141.5
1798.25,141.5
1798.5,141.5
1798.75,141.5
1799.0,141.5
1799.25,141.5
1799.5,141.5
1799.75,141.5
1800.0,141.5
1800.25,139.5
1800.5,140.75
1800.75,140.75
1801.0,140.25
1801.25,140.25
1801.5,139.5
1801.75,139.5
1802.0,140.25
1802.25,139.5
1802.5,139.5
1802.75,139.5
1803.0,139.5
1803.25,140.25
1803.5,140.25
1803.75,140.25
1804.0,139.5
1804.25,139.5
1804.5,140.25
1804.75,140.25
1805.0,140.75
1805.25,139.5
1805.5,139.5
1805.75,140.25
1806.0,140.25
1806.25,139.5
1806.5,140.25
1806.75,140.25
1807.0,139.5
1807.25,139.5
1807.5,140.25
1807.75,140.25
1808.0,140.25
1808.25,140.25
1808.5,140.25
1808.75,140.25
1809.0,140.25
1809.25,140.25
1809.5,139.0
1809.75,139.0
1810.0,138.25
1810.25,138.25
1810.5,136.25
1810.75,136.25
1811.0,132.25
1811.25,134.5
1811.5,134.5
1811.75,134.5
1812.0,134.5
1812.25,134.0
1812.5,134.0
1812.75,134.0
1813.0,134.0
1813.25,135.25
1813.5,135.25
1813.75,135.25
1814.0,135.25
1814.25,135.25
1814.5,135.75
1814.75,135.75
1815.0,136.25
1815.25,136.25
1815.5,136.25
1815.75,137.0
1816.0,137.0
1816.25,137.0
1816.5,137.0
1816.75,137.5
1817.0,137.5
1817.25,137.5
1817.5,137.5
1817.75,137.5
1818.0,137.5
1818.25,137.5
1818.5,137.5
1818.75,137.0
1819.0,137.0
1819.25,138.25
1819.5,138.25
1819.75,137.0
1820.0,137.0
1820.25,137.5
1820.5,138.25
1820.75,138.25
1821.0,137.5
1821.25,137.5
1821.5,138.25
1821.75,138.25
1822.0,138.25
1822.25,139.0
1822.5,139.0
1822.75,138.25
1823.0,138.25
1823.25,139.0
1823.5,139.0
1823.75,138.25
1824.0,139.0
1824.25,139.0
1824.5,139.0
1824.75,139.0
1825.0,137.5
1825.25,137.5
1825.5,138.25
1825.75,138.25
1826.0,138.25
1826.25,138.25
1826.5,138.25
1826.75,138.25
1827.0,139.0
1827.25,139.0
1827.5,138.25
1827.75,138.25
1828.0,139.0
1828.25,139.0
1828.5,139.0
1828.75,139.0
1829.0,139.0
1829.25,139.0
1829.5,139.0
1829.75,139.0
1830.0,139.0
1830.25,137.5
1830.5,138.25
1830.75,138.25
1831.0,137.5
1831.25,137.5
1831.5,137.5
1831.75,137.5
1832.0,137.5
1832.25,137.0
1832.5,137.0
1832.75,137.5
1833.0,137.5
1833.25,138.25
1833.5,138.25
1833.75,137.5
1834.0,137.0
1834.25,137.0
1834.5,136.25
1834.75,136.25
1835.0,136.25
1835.25,136.25
1835.5,136.25
1835.75,137.0
1836.0,137.0
1836.25,137.0
1836.5,137.0
1836.75,137.5
1837.0,137.5
1837.25,137.5
1837.5,137.5
1837.75,137.5
1838.0,138.25
1838.25,138.25
1838.5,137.5
1838.75,137.5
1839.0,137.5
1839.25,138.25
1839.5,138.25
1839.75,138.25
1840.0,138.25
1840.25,138.25
1840.5,138.25
1840.75,138.25
1841.0,139.0
1841.25,139.0
1841.5,139.5
1841.75,139.5
1842.0,139.5
1842.25,140.25
1842.5,140.25
1842.75,140.25
1843.0,140.25
1843.25,140.25
1843.5,139.5
1843.75,139.5
1844.0,139.5
1844.25,139.5
1844.5,139.5
1844.75,139.5
1845.0,139.0
1845.25,139.5
1845.5,139.5
1845.75,139.5
1846.0,139.5
1846.25,139.5
1846.5,139.5
1846.75,140.25
1847.0,139.5
1847.25,139.5
1847.5,140.25
1847.75,140.25
1848.0,140.25
1848.25,139.5
1848.5,139.5
1848.75,140.25
1849.0,140.25
1849.25,139.5
1849.5,139.5
1849.75,139.0
1850.0,139.5
1850.25,139.5
1850.5,139.0
1850.75,139.0
1851.0,138.25
1851.25,139.0
1851.5,139.0
1851.75,137.5
1852.0,137.5
1852.25,138.25
1852.5,138.25
1852.75,136.25
1853.0,137.0
1853.25,137.0
1853.5,136.25
1853.75,136.25
1854.0,136.25
1854.25,136.25
1854.5,136.25
1854.75,135.75
1855.0,135.75
1855.25,135.75
1855.5,135.75
1855.75,134.0
1856.0,134.0
1856.25,134.5
1856.5,134.5
1856.75,134.0
1857.0,135.25
1857.25,135.25
1857.5,134.5
1857.75,134.5
1858.0,135.25
1858.25,135.25
1858.5,135.75
1858.75,136.25
1859.0,136.25
1859.25,136.25
1859.5,136.25
1859.75,136.25
1860.0,136.25
1860.25,137.0
1860.5,137.5
1860.75,137.5
1861.0,137.5
1861.25,137.5
1861.5,137.5
1861.75,137.5
1862.0,137.5
1862.25,138.25
1862.5,138.25
1862.75,138.25
1863.0,138.25
1863.25,138.25
1863.5,138.25
1863.75,139.0
1864.0,139.5
1864.25,139.5
1864.5,139.0
1864.75,139.0
1865.0,139.5
1865.25,139.5
1865.5,139.0
1865.75,139.5
1866.0,139.5
1866.25,138.25
1866.5,138.25
1866.75,139.0
1867.0,139.0
1867.25,139.0
1867.5,138.25
1867.75,138.25
1868.0,138.25
1868.25,138.25
1868.5,138.25
1868.75,139.0
1869.0,139.0
1869.25,138.25
1869.5,138.25
1869.75,139.0
1870.0,139.0
1870.25,138.25
1870.5,139.0
1870.75,139.0
1871.0,138.25
1871.25,138.25
1871.5,139.0
1871.75,139.0
1872.0,139.0
1872.25,139.0
1872.5,139.0
1872.75,139.5
1873.0,139.5
1873.25,139.0
1873.5,139.0
1873.75,139.0
1874.0,139.0
1874.25,139.0
1874.5,137.5
1874.75,137.5
1875.0,136.25
1875.25,134.0
1875.5,134.0
1875.75,132.25
1876.0,132.25
1876.25,129.75
1876.5,129.75
1876.75,131.0
1877.0,131.0
1877.25,129.75
1877.5,129.75
1877.75,131.0
1878.0,131.5
1878.25,131.5
1878.5,132.25
1878.75,132.25
1879.0,131.5
1879.25,131.5
1879.5,132.75
1879.75,132.75
1880.0,132.75
1880.25,132.75
1880.5,132.75
1880.75,132.75
1881.0,132.75
1881.25,133.25
1881.5,133.25
1881.75,134.0
1882.0,134.0
1882.25,134.0
1882.5,134.0
1882.75,134.0
1883.0,134.5
1883.25,134.5
1883.5,135.25
1883.75,135.25
1884.0,134.0
1884.25,134.0
1884.5,134.0
1884.75,132.75
1885.0,132.75
1885.25,132.75
1885.5,132.75
1885.75,129.75
1886.0,129.75
1886.25,130.5
1886.5,130.5
1886.75,129.75
1887.0,129.75
1887.25,131.0
1887.5,131.5
1887.75,131.5
1888.0,132.75
1888.25,132.75
1888.5,132.25
1888.75,132.25
1889.0,133.25
1889.25,133.25
1889.5,134.0
1889.75,134.0
1890.0,134.0
1890.25,134.5
1890.5,134.5
1890.75,134.0
1891.0,134.0
1891.25,134.0
1891.5,134.0
1891.75,133.25
1892.0,133.25
1892.25,133.25
1892.5,133.25
1892.75,133.25
1893.0,133.25
1893.25,133.25
1893.5,132.75
1893.75,132.75
1894.0,132.25
1894.25,133.25
1894.5,133.25
1894.75,132.75
1895.0,132.75
1895.25,133.25
1895.5,133.25
1895.75,133.25
1896.0,133.25
1896.25,133.25
1896.5,133.25
1896.75,133.25
1897.0,133.25
1897.25,133.25
1897.5,134.0
1897.75,134.0
1898.0,134.0
1898.25,134.0
1898.5,134.0
1898.75,134.5
1899.0,134.5
1899.25,134.5
1899.5,134.5
1899.75,135.25
1900.0,135.25
1900.25,134.5
1900.5,134.5
1900.75,135.25
1901.0,135.25
1901.25,135.25
1901.5,135.25
1901.75,135.25
1902.0,134.5
1902.25,134.5
1902.5,134.0
1902.75,135.25
1903.0,135.25
1903.25,134.5
1903.5,134.5
1903.75,134.5
1904.0,134.5
1904.25,135.25
1904.5,135.25
1904.75,135.25
1905.0,135.75
1905.25,135.75
1905.5,135.75
1905.75,135.75
1906.0,135.75
1906.25,135.75
1906.5,135.75
1906.75,135.75
1907.0,135.75
1907.25,135.75
1907.5,135.75
1907.75,135.75
1908.0,135.75
1908.25,134.5
1908.5,134.5
1908.75,134.0
1909.0,134.0
1909.25,134.0
1909.5,134.0
1909.75,134.0
1910.0,133.25
1910.25,133.25
1910.5,133.25
1910.75,133.25
1911.0,133.25
1911.25,134.0
1911.5,134.0
1911.75,133.25
1912.0,133.25
1912.25,134.5
1912.5,134.5
1912.75,134.5
1913.0,136.25
1913.25,136.25
1913.5,137.0
1913.75,137.0
1914.0,138.25
1914.25,138.25
1914.5,139.0
1914.75,139.0
1915.0,139.0
1915.25,140.25
1915.5,140.25
1915.75,141.5
1916.0,142.75
1916.25,142.75
1916.5,142.25
1916.75,142.25
1917.0,143.5
1917.25,143.5
1917.5,143.5
1917.75,144.25
1918.0,144.25
1918.25,145.0
1918.5,145.0
1918.75,145.0
1919.0,145.0
1919.25,145.0
1919.5,145.0
1919.75,144.25
1920.0,144.25
1920.25,144.25
1920.5,144.25
1920.75,142.75
1921.0,142.25
1921.25,142.25
1921.5,141.5
1921.75,141.5
1922.0,141.5
1922.25,141.5
1922.5,140.25
1922.75,139.0
1923.0,139.0
1923.25,139.0
1923.5,139.0
1923.75,138.25
1924.0,138.25
1924.25,138.25
1924.5,137.0
1924.75,137.0
1925.0,135.75
1925.25,135.75
1925.5,135.75
1925.75,135.75
1926.0,135.25
1926.25,133.25
1926.5,133.25
1926.75,133.25
1927.0,132.75
1927.25,134.5
1927.5,134.5
1927.75,135.25
1928.0,135.25
1928.25,135.75
1928.5,137.0
1928.75,137.0
1929.0,137.0
1929.25,137.0
1929.5,138.25
1929.75,139.5
1930.0,139.5
1930.25,140.25
1930.5,140.25
1930.75,139.5
1931.0,139.5
1931.25,140.25
1931.5,139.0
1931.75,139.0
1932.0,138.25
1932.25,138.25
1932.5,137.0
1932.75,137.0
1933.0,137.5
1933.25,137.0
1933.5,137.0
1933.75,136.25
1934.0,136.25
1934.25,135.75
1934.5,135.75
1934.75,135.25
1935.0,135.75
1935.25,135.75
1935.5,135.25
1935.75,135.25
1936.0,135.75
1936.25,135.75
1936.5,135.25
1936.75,135.25
1937.0,135.25
1937.25,135.75
1937.5,135.75
1937.75,134.5
1938.0,134.5
1938.25,135.25
1938.5,135.25
1938.75,134.0
1939.0,134.0
1939.25,134.0
1939.5,134.5
1939.75,134.5
1940.0,134.0
1940.25,134.0
1940.5,134.0
1940.75,134.0
1941.0,134.0
1941.25,134.0
1941.5,134.0
1941.75,134.0
1942.0,134.0
1942.25,132.25
1942.5,132.25
1942.75,132.25
1943.0,132.25
1943.25,132.25
1943.5,131.5
1943.75,131.5
1944.0,132.25
1944.25,132.25
1944.5,131.5
1944.75,131.5
1945.0,131.5
1945.25,131.5
1945.5,132.25
1945.75,132.25
1946.0,132.75
1946.25,132.75
1946.5,132.75
1946.75,133.25
1947.0,133.25
1947.25,133.25
1947.5,133.25
1947.75,133.25
1948.0,133.25
1948.25,134.0
1948.5,134.0
1948.75,134.0
1949.0,134.0
1949.25,134.0
1949.5,134.0
1949.75,134.0
1950.0,133.25
1950.25,134.0
1950.5,134.0
1950.75,134.0
1951.0,134.0
1951.25,134.0
1951.5,134.0
1951.75,134.0
1952.0,134.0
1952.25,134.0
1952.5,133.25
1952.75,133.25
1953.0,134.0
1953.25,134.0
1953.5,134.0
1953.75,134.0
1954.0,133.25
1954.25,133.25
1954.5,134.0
1954.75,133.25
1955.0,133.25
1955.25,134.0
1955.5,134.0
1955.75,134.0
1956.0,134.0
1956.25,134.5
1956.5,134.5
1956.75,134.5
1957.0,134.5
1957.25,134.5
1957.5,135.25
1957.75,135.25
1958.0,135.75
1958.25,135.75
1958.5,135.25
1958.75,135.25
1959.0,135.25
1959.25,135.25
1959.5,135.25
1959.75,134.5
1960.0,134.5
1960.25,134.5
1960.5,134.5
1960.75,134.5
1961.0,134.0
1961.25,134.0
1961.5,134.0
1961.75,134.0
1962.0,133.25
1962.25,133.25
1962.5,131.5
1962.75,131.5
1963.0,132.25
1963.25,131.5
1963.5,131.5
1963.75,130.5
1964.0,130.5
1964.25,128.25
1964.5,128.25
1964.75,126.5
1965.0,126.5
1965.25,126.5
1965.5,126.5
1965.75,127.75
1966.0,127.75
1966.25,128.75
1966.5,128.75
1966.75,127.75
1967.0,127.0
1967.25,127.0
1967.5,128.25
1967.75,128.25
1968.0,128.75
1968.25,128.75
1968.5,128.75
1968.75,128.75
1969.0,129.75
1969.25,129.75
1969.5,129.75
1969.75,129.75
1970.0,130.5
1970.25,131.0
1970.5,131.0
1970.75,131.0
1971.0,131.0
1971.25,131.0
1971.5,131.0
1971.75,132.25
1972.0,132.25
1972.25,132.25
1972.5,132.25
1972.75,133.25
1973.0,132.75
1973.25,132.75
1973.5,132.75
1973.75,132.75
1974.0,131.5
1974.25,131.5
1974.5,131.5
1974.75,131.5
1975.0,132.25
1975.25,132.25
1975.5,132.25
1975.75,132.75
1976.0,132.75
1976.25,132.75
1976.5,132.75
1976.75,133.25
1977.0,133.25
1977.25,134.0
1977.5,133.25
1977.75,133.25
1978.0,134.5
1978.25,134.5
1978.5,134.5
1978.75,134.5
1979.0,134.5
1979.25,134.5
1979.5,134.5
1979.75,134.5
1980.0,134.5
1980.25,135.25
1980.5,135.25
1980.75,135.75
1981.0,135.75
1981.25,135.75
1981.5,135.75
1981.75,135.75
1982.0,135.75
1982.25,135.75
1982.5,135.75
1982.75,135.75
1983.0,135.75
1983.25,135.25
1983.5,135.25
1983.75,134.0
1984.0,134.0
1984.25,134.0
1984.5,134.0
1984.75,133.25
1985.0,133.25
1985.25,132.75
1985.5,134.0
1985.75,134.0
1986.0,132.75
1986.25,132.75
1986.5,133.25
1986.75,133.25
1987.0,134.0
1987.25,134.0
1987.5,133.25
1987.75,134.0
1988.0,134.0
1988.25,134.0
1988.5,134.0
1988.75,134.5
1989.0,134.5
1989.25,135.25
1989.5,135.25
1989.75,135.75
1990.0,135.75
1990.25,135.75
1990.5,135.75
1990.75,135.75
1991.0,135.75
1991.25,135.75
1991.5,135.75
1991.75,136.25
1992.0,136.25
1992.25,135.75
1992.5,135.75
1992.75,135.25
1993.0,135.25
1993.25,134.0
1993.5,134.0
1993.75,135.25
1994.0,134.5
1994.25,134.5
1994.5,133.25
1994.75,133.25
1995.0,132.25
1995.25,132.25
1995.5,131.5
1995.75,131.5
1996.0,132.25
1996.25,131.0
1996.5,131.0
1996.75,131.5
1997.0,131.5
1997.25,131.0
1997.5,131.0
1997.75,131.5
1998.0,131.5
1998.25,130.5
1998.5,130.5
1998.75,131.0
1999.0,131.0
1999.25,131.0
1999.5,131.5
1999.75,131.5
2000.0,131.5
2000.25,131.5
2000.5,131.0
2000.75,131.0
2001.0,130.5
2001.25,130.5
2001.5,131.5
2001.75,132.25
2002.0,132.25
2002.25,132.25
2002.5,132.25
2002.75,133.25
2003.0,133.25
2003.25,134.0
2003.5,134.0
2003.75,134.5
2004.0,134.5
2004.25,134.5
2004.5,134.5
2004.75,134.5
2005.0,134.5
2005.25,134.5
2005.5,133.25
2005.75,133.25
2006.0,133.25
2006.25,132.75
2006.5,132.75
2006.75,133.25
2007.0,133.25
2007.25,133.25
2007.5,133.25
2007.75,132.25
2008.0,132.25
2008.25,132.75
2008.5,131.5
2008.75,131.5
2009.0,132.75
2009.25,132.75
2009.5,132.25
2009.75,132.25
2010.0,132.75
2010.25,132.75
2010.5,131.5
2010.75,132.75
2011.0,132.75
2011.25,132.25
2011.5,132.25
2011.75,132.75
2012.0,132.75
2012.25,133.25
2012.5,133.25
2012.75,133.25
2013.0,134.0
2013.25,134.0
2013.5,134.0
2013.75,134.0
2014.0,134.0
2014.25,134.0
2014.5,134.0
2014.75,134.0
2015.0,133.25
2015.25,129.75
2015.5,129.75
2015.75,130.5
2016.0,130.5
2016.25,131.0
2016.5,131.0
2016.75,131.0
2017.0,131.0
2017.25,128.75
2017.5,128.75
2017.75,128.25
2018.0,128.25
2018.25,127.0
2018.5,128.75
2018.75,128.75
2019.0,128.75
2019.25,128.75
2019.5,129.25
2019.75,129.25
2020.0,130.5
2020.25,130.5
2020.5,131.0
2020.75,131.0
2021.0,131.5
2021.25,132.25
2021.5,132.25
2021.75,132.25
2022.0,132.25
2022.25,132.75
2022.5,132.75
2022.75,133.25
2023.0,133.25
2023.25,134.0
2023.5,133.25
2023.75,133.25
2024.0,134.5
2024.25,134.5
2024.5,134.0
2024.75,134.0
2025.0,134.0
2025.25,134.0
2025.5,134.0
2025.75,133.25
2026.0,133.25
2026.25,132.75
2026.5,132.75
2026.75,131.5
2027.0,131.5
2027.25,131.0
2027.5,131.0
2027.75,131.5
2028.0,131.5
2028.25,131.5
2028.5,131.0
2028.75,131.0
2029.0,131.5
2029.25,131.5
2029.5,131.5
2029.75,131.5
2030.0,132.25
2030.25,132.25
2030.5,132.75
2030.75,132.75
2031.0,132.75
2031.25,132.75
2031.5,132.75
2031.75,132.75
2032.0,132.75
2032.25,133.25
2032.5,133.25
2032.75,132.25
2033.0,132.25
2033.25,133.25
2033.5,132.25
2033.75,132.25
2034.0,132.25
2034.25,132.25
2034.5,132.75
2034.75,132.75
2035.0,132.25
2035.25,132.25
2035.5,132.75
2035.75,132.25
2036.0,132.25
2036.25,133.25
2036.5,133.25
2036.75,134.0
2037.0,134.0
2037.25,134.0
2037.5,134.0
2037.75,134.0
2038.0,134.5
2038.25,134.5
2038.5,134.0
2038.75,134.0
2039.0,134.5
2039.25,134.5
2039.5,134.0
2039.75,134.0
2040.0,134.0
2040.25,134.0
2040.5,134.0
2040.75,134.0
2041.0,134.0
2041.25,134.0
2041.5,134.0
2041.75,134.0
2042.0,134.0
2042.25,134.0
2042.5,133.25
2042.75,133.25
2043.0,133.25
2043.25,133.25
2043.5,133.25
2043.75,133.25
2044.0,132.75
2044.25,131.5
2044.5,131.5
2044.75,131.5
2045.0,131.5
2045.25,132.25
2045.5,132.25
2045.75,131.5
2046.0,131.5
2046.25,132.75
2046.5,132.75
2046.75,132.25
2047.0,132.75
2047.25,132.75
2047.5,132.75
2047.75,132.75
2048.0,133.25
2048.25,133.25
2048.5,133.25
2048.75,133.25
2049.0,132.75
2049.25,132.75
2049.5,132.75
2049.75,132.25
2050.0,132.25
2050.25,132.75
2050.5,132.75
2050.75,132.25
2051.0,132.25
2051.25,131.5
2051.5,131.5
2051.75,131.0
2052.0,131.0
2052.25,131.0
2052.5,129.25
2052.75,129.25
2053.0,129.25
2053.25,129.25
2053.5,128.25
2053.75,128.25
2054.0,129.75
2054.25,129.75
2054.5,129.75
2054.75,129.75
2055.0,129.75
2055.25,130.5
2055.5,130.5
2055.75,131.0
2056.0,131.0
2056.25,131.5
2056.5,131.5
2056.75,131.0
2057.0,131.0
2057.25,129.75
2057.5,130.5
2057.75,130.5
2058.0,131.0
2058.25,131.0
2058.5,131.0
2058.75,131.0
2059.0,131.5
2059.25,131.5
2059.5,131.5
2059.75,131.5
2060.0,131.5
2060.25,130.5
2060.5,130.5
2060.75,131.0
2061.0,131.0
2061.25,127.0
2061.5,127.0
2061.75,126.5
2062.0,126.5
2062.25,128.25
2062.5,128.25
2062.75,128.75
2063.0,128.75
2063.25,129.25
2063.5,129.25
2063.75,129.75
2064.0,130.5
2064.25,130.5
2064.5,131.0
2064.75,131.0
2065.0,131.5
2065.25,131.5
2065.5,132.75
2065.75,132.75
2066.0,132.25
2066.25,133.25
2066.5,133.25
2066.75,132.75
2067.0,132.75
2067.25,133.25
2067.5,133.25
2067.75,133.25
2068.0,133.25
2068.25,131.5
2068.5,132.75
2068.75,132.75
2069.0,131.5
2069.25,131.5
2069.5,130.5
2069.75,130.5
2070.0,129.25
2070.25,129.25
2070.5,127.75
2070.75,127.75
2071.0,127.75
2071.25,127.75
2071.5,127.0
2071.75,127.0
2072.0,127.75
2072.25,125.0
2072.5,125.0
2072.75,123.5
2073.0,123.5
2073.25,122.0
2073.5,122.0
2073.75,124.0
2074.0,124.0
2074.25,125.0
2074.5,125.0
2074.75,126.5
2075.0,126.5
2075.25,127.0
2075.5,127.0
2075.75,126.5
2076.0,126.5
2076.25,125.5
2076.5,125.5
2076.75,127.75
2077.0,127.75
2077.25,128.25
2077.5,128.25
2077.75,128.25
2078.0,125.0
2078.25,125.0
2078.5,124.5
2078.75,124.5
2079.0,125.5
2079.25,125.5
2079.5,125.5
2079.75,125.5
2080.0,125.5
2080.25,125.5
2080.5,126.5
2080.75,126.5
2081.0,124.5
2081.25,124.5
2081.5,126.0
2081.75,126.0
2082.0,127.75
2082.25,128.25
2082.5,128.25
2082.75,128.25
2083.0,128.25
2083.25,129.75
2083.5,129.75
2083.75,130.5
2084.0,130.5
2084.25,131.0
2084.5,131.0
2084.75,132.25
2085.0,132.25
2085.25,132.75
2085.5,133.25
2085.75,133.25
2086.0,133.25
2086.25,133.25
2086.5,134.0
2086.75,134.0
2087.0,134.5
2087.25,134.0
2087.5,134.0
2087.75,134.5
2088.0,134.5
2088.25,134.5
2088.5,134.5
2088.75,134.5
2089.0,134.5
2089.25,134.5
2089.5,134.5
2089.75,134.5
2090.0,134.5
2090.25,134.5
2090.5,134.5
2090.75,134.5
2091.0,134.5
2091.25,134.5
2091.5,135.25
2091.75,134.5
2092.0,134.5
2092.25,134.0
2092.5,134.0
2092.75,134.0
2093.0,134.0
2093.25,134.5
2093.5,133.25
2093.75,133.25
2094.0,133.25
2094.25,133.25
2094.5,132.75
2094.75,132.75
2095.0,133.25
2095.25,133.25
2095.5,133.25
2095.75,132.75
2096.0,132.75
2096.25,133.25
2096.5,133.25
2096.75,133.25
2097.0,133.25
2097.25,133.25
2097.5,133.25
2097.75,134.0
2098.0,132.75
2098.25,132.75
2098.5,133.25
2098.75,133.25
2099.0,131.5
2099.25,131.5
2099.5,132.25
2099.75,132.25
2100.0,132.25
2100.25,132.25
2100.5,131.5
2100.75,132.25
2101.0,132.25
2101.25,132.75
2101.5,132.75
2101.75,133.25
2102.0,133.25
2102.25,133.25
2102.5,133.25
2102.75,133.25
2103.0,134.0
2103.25,134.0
2103.5,132.75
2103.75,132.75
2104.0,132.75
2104.25,132.75
2104.5,132.25
2104.75,132.25
2105.0,131.0
2105.25,131.0
2105.5,131.0
2105.75,131.0
2106.0,131.0
2106.25,130.5
2106.5,130.5
2106.75,131.0
2107.0,131.0
2107.25,131.0
2107.5,131.0
2107.75,131.0
2108.0,131.0
2108.25,131.0
2108.5,131.0
2108.75,131.0
2109.0,131.5
2109.25,131.5
2109.5,131.5
2109.75,131.5
2110.0,132.25
2110.25,132.25
2110.5,132.25
2110.75,133.25
2111.0,133.25
2111.25,133.25
2111.5,133.25
2111.75,134.5
2112.0,134.5
2112.25,135.25
2112.5,135.25
2112.75,135.25
2113.0,135.25
2113.25,135.75
2113.5,134.5
2113.75,134.5
2114.0,132.25
2114.25,132.25
2114.5,127.75
2114.75,127.75
2115.0,127.75
2115.25,127.75
2115.5,128.25
2115.75,128.25
2116.0,128.75
2116.25,129.75
2116.5,129.75
2116.75,129.25
2117.0,129.25
2117.25,128.25
2117.5,128.25
2117.75,126.0
2118.0,126.0
2118.25,128.25
2118.5,128.25
2118.75,127.75
2119.0,127.75
2119.25,127.0
2119.5,124.5
2119.75,124.5
2120.0,125.0
2120.25,125.0
2120.5,126.0
2120.75,126.0
2121.0,127.0
2121.25,127.0
2121.5,127.75
2121.75,127.75
2122.0,128.25
2122.25,128.25
2122.5,128.75
2122.75,128.75
2123.0,129.25
2123.25,129.75
2123.5,129.75
2123.75,130.5
2124.0,130.5
2124.25,130.5
2124.5,130.5
2124.75,131.5
2125.0,131.5
2125.25,131.5
2125.5,131.5
2125.75,131.5
2126.0,132.25
2126.25,132.75
2126.5,132.25
2126.75,132.25
2127.0,132.25
2127.25,132.25
2127.5,132.25
2127.75,132.25
2128.0,132.75
2128.25,132.75
2128.5,132.75
2128.75,132.25
2129.0,132.25
2129.25,132.75
2129.5,132.75
2129.75,132.75
2130.0,132.75
2130.25,133.25
2130.5,133.25
2130.75,132.25
2131.0,132.25
2131.25,132.25
2131.5,131.5
2131.75,131.5
2132.0,130.5
2132.25,130.5
2132.5,131.0
2132.75,131.0
2133.0,131.0
2133.25,131.0
2133.5,131.0
2133.75,131.0
2134.0,131.0
2134.25,131.0
2134.5,131.0
2134.75,131.5
2135.0,131.5
2135.25,131.5
2135.5,131.5
2135.75,131.5
2136.0,132.25
2136.25,132.25
2136.5,131.5
2136.75,131.5
2137.0,132.25
2137.25,132.25
2137.5,131.0
2137.75,131.0
2138.0,130.5
2138.25,130.5
2138.5,131.0
2138.75,130.5
2139.0,130.5
2139.25,129.25
2139.5,129.25
2139.75,129.75
2140.0,129.75
2140.25,129.75
2140.5,129.75
2140.75,129.75
2141.0,129.75
2141.25,129.25
2141.5,129.25
2141.75,129.75
2142.0,129.75
2142.25,129.75
2142.5,130.5
2142.75,130.5
2143.0,129.75
2143.25,129.75
2143.5,129.75
2143.75,129.75
2144.0,128.75
2144.25,128.75
2144.5,128.25
2144.75,128.25
2145.0,127.75
2145.25,128.75
2145.5,128.75
2145.75,128.75
2146.0,128.75
2146.25,129.25
2146.5,129.25
2146.75,129.75
2147.0,129.75
2147.25,129.75
2147.5,129.75
2147.75,131.0
2148.0,132.25
2148.25,132.25
2148.5,133.25
2148.75,133.25
2149.0,133.25
2149.25,133.25
2149.5,134.5
2149.75,134.5
2150.0,135.25
2150.25,136.25
2150.5,136.25
2150.75,137.0
2151.0,137.0
2151.25,137.0
2151.5,137.0
2151.75,137.0
2152.0,137.0
2152.25,137.5
2152.5,137.5
2152.75,137.5
2153.0,138.25
2153.25,138.25
2153.5,139.0
2153.75,138.25
2154.0,138.25
2154.25,139.0
2154.5,139.0
2154.75,138.25
2155.0,138.25
2155.25,138.25
2155.5,137.5
2155.75,137.5
2156.0,137.0
2156.25,137.0
2156.5,135.75
2156.75,135.75
2157.0,133.25
2157.25,134.0
2157.5,134.0
2157.75,131.0
2158.0,131.0
2158.25,128.75
2158.5,128.75
2158.75,128.75
2159.0,126.0
2159.25,128.75
2159.5,128.75
2159.75,130.5
2160.0,130.5
2160.25,131.0
2160.5,132.25
2160.75,132.25
2161.0,131.5
2161.25,131.5
2161.5,131.5
2161.75,131.5
2162.0,132.75
2162.25,132.75
2162.5,130.5
2162.75,131.5
2163.0,131.5
2163.25,131.0
2163.5,131.0
2163.75,132.25
2164.0,132.25
2164.25,132.75
2164.5,132.75
2164.75,131.0
2165.0,131.0
2165.25,131.5
2165.5,131.5
2165.75,131.5
2166.0,131.0
2166.25,131.0
2166.5,131.5
2166.75,131.5
2167.0,129.75
2167.25,129.75
2167.5,128.75
2167.75,128.75
2168.0,129.25
2168.25,129.25
2168.5,129.25
2168.75,130.5
2169.0,130.5
2169.25,129.75
2169.5,129.75
2169.75,129.75
2170.0,129.75
2170.25,129.25
2170.5,129.25
2170.75,129.25
2171.0,129.25
2171.25,129.75
2171.5,129.25
2171.75,129.25
2172.0,129.75
2172.25,129.75
2172.5,129.75
2172.75,129.75
2173.0,130.5
2173.25,130.5
2173.5,130.5
2173.75,130.5
2174.0,130.5
2174.25,130.5
2174.5,130.5
2174.75,131.5
2175.0,131.5
2175.25,132.25
2175.5,132.25
2175.75,131.5
2176.0,131.5
2176.25,132.25
2176.5,132.25
2176.75,132.25
2177.0,132.75
2177.25,132.75
2177.5,132.75
2177.75,132.75
2178.0,132.75
2178.25,132.75
2178.5,132.25
2178.75,132.25
2179.0,133.25
2179.25,132.75
2179.5,132.75
2179.75,132.75
2180.0,132.75
2180.25,133.25
2180.5,133.25
2180.75,133.25
2181.0,133.25
2181.25,133.25
2181.5,133.25
2181.75,133.25
2182.0,134.0
2182.25,134.0
2182.5,132.75
2182.75,132.75
2183.0,134.0
2183.25,134.0
2183.5,133.25
2183.75,134.0
2184.0,134.0
2184.25,134.0
2184.5,134.0
2184.75,134.5
2185.0,134.5
2185.25,134.5
2185.5,134.5
2185.75,134.5
2186.0,134.5
2186.25,134.5
2186.5,135.25
2186.75,135.25
2187.0,135.25
2187.25,135.25
2187.5,135.25
2187.75,135.25
2188.0,135.75
2188.25,135.75
2188.5,135.75
2188.75,135.75
2189.0,135.75
2189.25,135.75
2189.5,135.75
2189.75,135.75
2190.0,135.25
2190.25,135.25
2190.5,135.25
2190.75,135.25
2191.0,134.5
2191.25,134.5
2191.5,134.0
2191.75,134.5
2192.0,134.5
2192.25,134.0
2192.5,134.0
2192.75,134.0
2193.0,134.0
2193.25,134.0
2193.5,134.0
2193.75,134.0
2194.0,134.5
2194.25,134.5
2194.5,134.0
2194.75,134.0
2195.0,134.5
2195.25,134.5
2195.5,135.25
2195.75,135.25
2196.0,135.75
2196.25,135.25
2196.5,135.25
2196.75,135.75
2197.0,135.75
2197.25,135.75
2197.5,135.75
2197.75,136.25
2198.0,135.75
2198.25,135.75
2198.5,136.25
2198.75,136.25
2199.0,136.25
2199.25,136.25
2199.5,136.25
2199.75,137.0
2200.0,137.0
2200.25,137.5
2200.5,137.5
2200.75,137.0
2201.0,137.0
2201.25,136.25
2201.5,136.25
2201.75,136.25
2202.0,135.75
2202.25,135.75
2202.5,134.5
2202.75,134.5
2203.0,135.75
2203.25,135.75
2203.5,135.25
2203.75,135.25
2204.0,135.25
2204.25,135.25
2204.5,135.25
2204.75,135.25
2205.0,135.25
2205.25,135.75
2205.5,135.75
2205.75,135.75
2206.0,135.75
2206.25,135.75
2206.5,136.25
2206.75,136.25
2207.0,136.25
2207.25,136.25
2207.5,136.25
2207.75,137.0
2208.0,137.0
2208.25,136.25
2208.5,136.25
2208.75,136.25
2209.0,136.25
2209.25,136.25
2209.5,135.75
2209.75,135.75
2210.0,136.25
2210.25,136.25
2210.5,136.25
2210.75,136.25
2211.0,135.75
2211.25,136.25
2211.5,136.25
2211.75,136.25
2212.0,135.75
2212.25,135.75
2212.5,135.75
2212.75,135.75
2213.0,135.75
2213.25,135.75
2213.5,135.25
2213.75,135.25
2214.0,135.75
2214.25,135.75
2214.5,135.75
2214.75,135.75
2215.0,135.75
2215.25,135.75
2215.5,135.75
2215.75,135.75
2216.0,135.75
2216.25,136.25
2216.5,135.75
2216.75,135.75
2217.0,135.75
2217.25,135.75
2217.5,135.75
2217.75,135.75
2218.0,136.25
2218.25,136.25
2218.5,135.75
2218.75,135.75
2219.0,135.75
2219.25,135.75
2219.5,135.75
2219.75,135.75
2220.0,135.75
2220.25,135.25
2220.5,135.25
2220.75,135.25
2221.0,134.5
2221.25,134.5
2221.5,135.25
2221.75,135.25
2222.0,134.5
2222.25,134.5
2222.5,134.0
2222.75,135.25
2223.0,135.25
2223.25,134.5
2223.5,134.5
2223.75,134.5
2224.0,134.5
2224.25,135.25
2224.5,135.75
2224.75,135.75
2225.0,135.25
2225.25,135.25
2225.5,134.5
2225.75,134.5
2226.0,134.5
2226.25,134.5
2226.5,134.5
2226.75,134.0
2227.0,134.0
2227.25,134.5
2227.5,134.5
2227.75,134.0
2228.0,134.0
2228.25,134.0
2228.5,134.5
2228.75,134.5
2229.0,134.5
2229.25,134.5
2229.5,135.25
2229.75,135.25
2230.0,135.25
2230.25,135.25
2230.5,135.25
2230.75,135.25
2231.0,135.25
2231.25,135.25
2231.5,135.25
2231.75,134.5
2232.0,134.5
2232.25,134.5
2232.5,134.5
2232.75,134.0
2233.0,133.25
2233.25,133.25
2233.5,133.25
2233.75,133.25
2234.0,133.25
2234.25,133.25
2234.5,132.75
2234.75,132.75
2235.0,133.25
2235.25,132.75
2235.5,132.75
2235.75,132.25
2236.0,132.25
2236.25,132.25
2236.5,132.25
2236.75,132.75
2237.0,132.75
2237.25,132.75
2237.5,132.25
2237.75,132.25
2238.0,132.25
2238.25,132.25
2238.5,132.25
2238.75,132.25
2239.0,131.5
2239.25,131.5
2239.5,127.0
2239.75,127.0
2240.0,124.0
2240.25,124.0
2240.5,125.5
2240.75,126.5
2241.0,126.5
2241.25,127.0
2241.5,127.0
2241.75,128.25
2242.0,128.25
2242.25,129.25
2242.5,129.25
2242.75,129.25
2243.0,129.25
2243.25,129.75
2243.5,129.75
2243.75,130.5
2244.0,131.5
2244.25,131.5
2244.5,131.0
2244.75,131.0
2245.0,131.5
2245.25,131.5
2245.5,132.25
2245.75,132.25
2246.0,132.25
2246.25,132.25
2246.5,132.75
2246.75,132.25
2247.0,132.25
2247.25,132.75
2247.5,132.75
2247.75,132.25
2248.0,132.25
2248.25,132.25
2248.5,132.25
2248.75,132.25
2249.0,132.25
2249.25,132.25
2249.5,132.75
2249.75,132.75
2250.0,133.25
2250.25,133.25
2250.5,133.25
2250.75,133.25
2251.0,134.0
2251.25,134.0
2251.5,134.0
2251.75,134.0
2252.0,134.0
2252.25,134.5
2252.5,134.5
2252.75,134.5
2253.0,134.5
2253.25,134.0
2253.5,134.5
2253.75,134.5
2254.0,134.5
2254.25,134.5
2254.5,134.5
2254.75,134.5
2255.0,134.5
2255.25,134.5
2255.5,134.5
2255.75,135.25
2256.0,135.25
2256.25,134.5
2256.5,134.5
2256.75,135.25
2257.0,135.25
2257.25,135.25
2257.5,135.25
2257.75,135.25
2258.0,135.25
2258.25,135.25
2258.5,134.5
2258.75,134.5
2259.0,135.25
2259.25,135.25
2259.5,135.25
2259.75,135.25
2260.0,135.25
2260.25,135.25
2260.5,135.25
2260.75,134.5
2261.0,134.5
2261.25,135.25
2261.5,135.75
2261.75,135.75
2262.0,134.5
2262.25,134.5
2262.5,135.25
2262.75,135.25
2263.0,135.75
2263.25,135.75
2263.5,135.25
2263.75,135.75
2264.0,135.75
2264.25,135.25
2264.5,135.25
2264.75,135.75
2265.0,135.75
2265.25,135.25
2265.5,135.25
2265.75,135.25
2266.0,135.25
2266.25,135.25
2266.5,135.25
2266.75,135.25
2267.0,135.75
2267.25,135.25
2267.5,135.25
2267.75,135.25
2268.0,135.25
2268.25,135.75
2268.5,135.75
2268.75,135.25
2269.0,135.25
2269.25,135.75
2269.5,135.75
2269.75,135.75
2270.0,135.75
2270.25,135.75
2270.5,136.25
2270.75,136.25
2271.0,135.75
2271.25,136.25
2271.5,136.25
2271.75,136.25
2272.0,136.25
2272.25,137.0
2272.5,137.0
2272.75,137.0
2273.0,136.25
2273.25,136.25
2273.5,137.0
2273.75,137.0
2274.0,137.0
2274.25,137.0
2274.5,136.25
2274.75,137.0
2275.0,137.0
2275.25,135.75
2275.5,135.75
2275.75,136.25
2276.0,136.25
2276.25,137.0
2276.5,136.25
2276.75,136.25
2277.0,136.25
2277.25,136.25
2277.5,136.25
2277.75,136.25
2278.0,136.25
2278.25,136.25
2278.5,136.25
2278.75,136.25
2279.0,136.25
2279.25,136.25
2279.5,136.25
2279.75,135.75
2280.0,135.75
2280.25,136.25
2280.5,135.25
2280.75,135.25
2281.0,136.25
2281.25,136.25
2281.5,135.25
2281.75,135.25
2282.0,136.25
2282.25,135.75
2282.5,135.75
2282.75,135.75
2283.0,135.75
2283.25,136.25
2283.5,136.25
2283.75,136.25
2284.0,136.25
2284.25,136.25
2284.5,137.0
2284.75,137.0
2285.0,137.0
2285.25,137.0
2285.5,137.5
2285.75,137.5
2286.0,137.5
2286.25,137.5
2286.5,137.5
2286.75,137.5
2287.0,137.5
2287.25,137.0
2287.5,137.5
2287.75,137.5
2288.0,137.5
2288.25,137.5
2288.5,137.0
2288.75,137.0
2289.0,137.5
2289.25,137.5
2289.5,137.5
2289.75,137.5
2290.0,137.5
2290.25,138.25
2290.5,138.25
2290.75,137.5
2291.0,138.25
2291.25,138.25
2291.5,138.25
2291.75,138.25
2292.0,138.25
2292.25,138.25
2292.5,138.25
2292.75,139.0
2293.0,139.0
2293.25,137.5
2293.5,137.5
2293.75,139.0
2294.0,139.0
2294.25,137.5
2294.5,137.5
2294.75,137.5
2295.0,137.0
2295.25,137.0
2295.5,137.5
2295.75,137.5
2296.0,137.5
2296.25,137.5
2296.5,137.5
2296.75,137.0
2297.0,137.0
2297.25,137.5
2297.5,137.0
2297.75,137.0
2298.0,137.0
2298.25,137.0
2298.5,137.0
2298.75,137.0
2299.0,137.0
2299.25,137.5
2299.5,137.5
2299.75,137.0
2300.0,137.0
2300.25,137.0
2300.5,137.0
2300.75,137.0
2301.0,137.0
2301.25,137.0
2301.5,137.0
2301.75,137.0
2302.0,137.0
2302.25,137.0
2302.5,136.25
2302.75,136.25
2303.0,136.25
2303.25,137.0
2303.5,137.0
2303.75,136.25
2304.0,136.25
2304.25,136.25
2304.5,136.25
2304.75,137.0
2305.0,136.25
2305.25,136.25
2305.5,136.25
2305.75,136.25
2306.0,136.25
2306.25,136.25
2306.5,136.25
2306.75,135.75
2307.0,135.75
2307.25,135.75
2307.5,135.75
2307.75,135.75
2308.0,135.75
2308.25,135.25
2308.5,135.25
2308.75,135.25
2309.0,135.25
2309.25,135.25
2309.5,135.25
2309.75,135.25
2310.0,134.5
2310.25,134.5
2310.5,134.5
2310.75,134.0
2311.0,134.0
2311.25,134.5
2311.5,134.5
2311.75,133.25
2312.0,133.25
2312.25,133.25
2312.5,133.25
2312.75,133.25
2313.0,132.75
2313.25,132.75
2313.5,133.25
2313.75,133.25
2314.0,132.25
2314.25,132.25
2314.5,131.5
2314.75,131.5
2315.0,126.0
2315.25,126.0
2315.5,126.5
2315.75,125.0
2316.0,125.0
2316.25,125.0
2316.5,125.0
2316.75,125.5
2317.0,125.5
2317.25,126.5
2317.5,126.5
2317.75,127.0
2318.0,127.0
2318.25,126.5
2318.5,126.5
2318.75,127.0
2319.0,127.0
2319.25,127.0
2319.5,127.0
2319.75,116.75
2320.0,116.75
2320.25,100.75
2320.5,100.75
2320.75,100.75
2321.0,97.0
2321.25,97.0
2321.5,101.25
2321.75,101.25
2322.0,102.0
2322.25,102.0
2322.5,102.0
2322.75,102.75
2323.0,102.75
2323.25,101.75
2323.5,101.75
2323.75,105.25
2324.0,105.25
2324.25,105.25
2324.5,93.5
2324.75,93.5
2325.0,93.5
2325.25,83.75
2325.5,83.75
2325.75,83.75
2326.0,88.5
2326.25,88.5
2326.5,91.25
2326.75,91.25
2327.0,91.25
2327.25,91.25
2327.5,91.25
2327.75,96.75
2328.0,96.75
2328.25,96.75
2328.5,107.25
2328.75,107.25
2329.0,110.75
2329.25,110.75
2329.5,111.0
2329.75,111.0
2330.0,107.5
2330.25,107.5
2330.5,107.5
2330.75,82.5
2331.0,82.5
2331.25,82.5
2331.5,83.0
2331.75,83.0
2332.0,83.0
2332.25,86.0
2332.5,86.0
2332.75,89.0
2333.0,89.0
2333.25,89.0
2333.5,94.0
2333.75,94.0
2334.0,98.75
2334.25,98.75
2334.5,98.75
2334.75,106.0
2335.0,106.0
2335.25,113.25
2335.5,113.25
2335.75,116.25
2336.0,116.25
2336.25,117.75
2336.5,117.75
2336.75,120.0
2337.0,120.0
2337.25,122.0
2337.5,122.0
2337.75,123.0
2338.0,123.0
2338.25,123.0
2338.5,123.0
2338.75,123.5
2339.0,123.5
2339.25,125.0
2339.5,125.5
2339.75,125.5
2340.0,126.5
2340.25,126.5
2340.5,127.0
2340.75,127.0
2341.0,127.75
2341.25,127.75
2341.5,126.5
2341.75,126.5
2342.0,128.75
2342.25,128.75
2342.5,128.75
2342.75,128.75
2343.0,129.75
2343.25,129.25
2343.5,129.25
2343.75,129.75
2344.0,129.75
2344.25,130.5
2344.5,130.5
2344.75,131.5
2345.0,131.5
2345.25,132.25
2345.5,132.25
2345.75,132.75
2346.0,132.75
2346.25,132.75
2346.5,132.25
2346.75,132.25
2347.0,132.75
2347.25,132.75
2347.5,131.5
2347.75,131.5
2348.0,129.25
2348.25,129.25
2348.5,130.5
2348.75,129.25
2349.0,129.25
2349.25,130.5
2349.5,130.5
2349.75,129.25
2350.0,129.25
2350.25,130.5
2350.5,130.5
2350.75,130.5
2351.0,130.5
2351.25,130.5
2351.5,130.5
2351.75,130.5
2352.0,131.0
2352.25,131.0
2352.5,130.5
2352.75,130.5
2353.0,131.0
2353.25,131.0
2353.5,130.5
2353.75,130.5
2354.0,129.75
2354.25,129.75
2354.5,129.75
2354.75,129.25
2355.0,129.25
2355.25,128.75
2355.5,128.75
2355.75,127.75
2356.0,127.75
2356.25,127.0
2356.5,127.0
2356.75,127.0
2357.0,127.0
2357.25,124.5
2357.5,124.5
2357.75,124.5
2358.0,124.5
2358.25,124.5
2358.5,124.5
2358.75,123.0
2359.0,123.0
2359.25,125.0
2359.5,125.5
2359.75,125.5
2360.0,127.0
2360.25,127.0
2360.5,127.75
2360.75,127.75
2361.0,128.25
2361.25,128.25
2361.5,128.25
2361.75,128.25
2362.0,128.75
2362.25,128.75
2362.5,128.75
2362.75,128.75
2363.0,126.0
2363.25,126.0
2363.5,125.5
2363.75,122.0
2364.0,122.0
2364.25,123.5
2364.5,123.5
2364.75,125.0
2365.0,125.0
2365.25,126.0
2365.5,126.0
2365.75,127.0
2366.0,127.0
2366.25,126.5
2366.5,126.5
2366.75,128.25
2367.0,128.25
2367.25,128.25
2367.5,128.25
2367.75,127.0
2368.0,127.0
2368.25,127.75
2368.5,128.75
2368.75,128.75
2369.0,128.75
2369.25,128.75
2369.5,128.75
2369.75,128.75
2370.0,129.25
2370.25,129.25
2370.5,129.25
2370.75,129.25
2371.0,129.75
2371.25,129.75
2371.5,129.75
2371.75,129.75
2372.0,129.75
2372.25,128.75
2372.5,128.75
2372.75,128.75
2373.0,128.75
2373.25,128.25
2373.5,128.25
2373.75,129.25
2374.0,129.25
2374.25,128.75
2374.5,128.75
2374.75,129.25
2375.0,128.75
2375.25,128.75
2375.5,128.25
2375.75,128.25
2376.0,127.0
2376.25,127.0
2376.5,123.0
2376.75,123.0
2377.0,124.5
2377.25,124.5
2377.5,125.5
2377.75,125.5
2378.0,126.5
2378.25,126.5
2378.5,126.5
2378.75,126.5
2379.0,127.75
2379.25,127.75
2379.5,127.0
2379.75,128.75
2380.0,128.75
2380.25,128.75
2380.5,128.75
2380.75,128.75
2381.0,128.75
2381.25,128.75
2381.5,128.75
2381.75,129.75
2382.0,129.75
2382.25,129.25
2382.5,129.25
2382.75,129.25
2383.0,128.75
2383.25,128.75
2383.5,129.25
2383.75,129.25
2384.0,128.75
2384.25,128.75
2384.5,128.25
2384.75,128.25
2385.0,128.25
2385.25,128.25
2385.5,127.75
2385.75,127.75
2386.0,127.0
2386.25,127.0
2386.5,127.0
2386.75,126.0
2387.0,126.0
2387.25,126.5
2387.5,126.5
2387.75,126.0
2388.0,126.0
2388.25,126.5
2388.5,126.5
2388.75,126.5
2389.0,126.5
2389.25,125.5
2389.5,125.5
2389.75,126.0
2390.0,126.0
2390.25,126.0
2390.5,126.0
2390.75,126.5
2391.0,126.5
2391.25,127.75
2391.5,127.75
2391.75,127.75
2392.0,127.0
2392.25,127.0
2392.5,127.0
2392.75,127.0
2393.0,125.5
2393.25,125.5
2393.5,127.0
2393.75,127.0
2394.0,127.75
2394.25,127.75
2394.5,127.75
2394.75,127.75
2395.0,127.75
2395.25,127.75
2395.5,128.25
2395.75,128.75
2396.0,128.75
2396.25,128.75
2396.5,128.75
2396.75,128.75
2397.0,128.75
2397.25,128.75
2397.5,128.75
2397.75,128.75
2398.0,128.75
2398.25,129.25
2398.5,129.25
2398.75,128.75
2399.0,129.25
2399.25,129.25
2399.5,129.75
2399.75,129.75
2400.0,129.75
2400.25,129.75
2400.5,130.5
2400.75,130.5
2401.0,130.5
2401.25,130.5
2401.5,131.0
2401.75,131.0
2402.0,131.0
2402.25,131.5
2402.5,131.5
2402.75,131.5
2403.0,131.5
2403.25,131.5
2403.5,131.5
2403.75,132.25
2404.0,132.25
2404.25,131.5
2404.5,132.25
2404.75,132.25
2405.0,131.0
2405.25,131.0
2405.5,131.0
2405.75,131.0
2406.0,130.5
2406.25,130.5
2406.5,131.5
2406.75,131.5
2407.0,131.0
2407.25,131.0
2407.5,131.0
2407.75,131.0
2408.0,131.0
2408.25,131.0
2408.5,131.0
2408.75,131.0
2409.0,131.0
2409.25,131.5
2409.5,131.5
2409.75,130.5
2410.0,131.0
2410.25,131.0
2410.5,131.0
2410.75,131.0
2411.0,131.5
2411.25,131.5
2411.5,131.5
2411.75,131.5
2412.0,131.5
2412.25,131.5
2412.5,131.5
2412.75,131.5
2413.0,131.5
2413.25,131.5
2413.5,131.5
2413.75,132.25
2414.0,132.25
2414.25,132.25
2414.5,132.25
2414.75,132.75
2415.0,133.25
2415.25,133.25
2415.5,132.75
2415.75,132.75
2416.0,133.25
2416.25,133.25
2416.5,134.0
2416.75,134.0
2417.0,133.25
2417.25,132.75
2417.5,132.75
2417.75,133.25
2418.0,133.25
2418.25,133.25
2418.5,133.25
2418.75,133.25
2419.0,133.25
2419.25,133.25
2419.5,133.25
2419.75,133.25
2420.0,132.25
2420.25,132.25
2420.5,132.75
2420.75,132.75
2421.0,132.75
2421.25,132.75
2421.5,132.25
2421.75,131.5
2422.0,131.5
2422.25,132.25
2422.5,132.25
2422.75,131.5
2423.0,131.5
2423.25,132.25
2423.5,132.25
2423.75,132.25
2424.0,132.25
2424.25,132.25
2424.5,132.25
2424.75,132.25
2425.0,132.75
2425.25,132.75
2425.5,132.75
2425.75,132.75
2426.0,132.75
2426.25,132.75
2426.5,133.25
2426.75,133.25
2427.0,133.25
2427.25,132.75
2427.5,132.75
2427.75,134.0
2428.0,134.0
2428.25,133.25
2428.5,133.25
2428.75,132.75
2429.0,133.25
2429.25,133.25
2429.5,131.0
2429.75,131.0
2430.0,131.0
2430.25,131.0
2430.5,131.5
2430.75,131.5
2431.0,131.5
2431.25,131.5
2431.5,132.25
2431.75,132.25
2432.0,132.25
2432.25,132.25
2432.5,132.25
2432.75,132.75
2433.0,132.75
2433.25,132.75
2433.5,132.75
2433.75,134.0
2434.0,134.0
2434.25,134.0
2434.5,134.0
2434.75,134.0
2435.0,134.0
2435.25,134.0
2435.5,134.0
2435.75,134.0
2436.0,134.0
2436.25,134.0
2436.5,134.0
2436.75,134.0
2437.0,134.0
2437.25,133.25
2437.5,133.25
2437.75,133.25
2438.0,133.25
2438.25,133.25
2438.5,133.25
2438.75,133.25
2439.0,134.0
2439.25,134.0
2439.5,133.25
2439.75,133.25
2440.0,134.0
2440.25,134.0
2440.5,134.0
2440.75,134.0
2441.0,134.0
2441.25,134.0
2441.5,134.0
2441.75,133.25
2442.0,133.25
2442.25,134.0
2442.5,133.25
2442.75,133.25
2443.0,134.0
2443.25,134.0
2443.5,133.25
2443.75,133.25
2444.0,133.25
2444.25,133.25
2444.5,133.25
2444.75,133.25
2445.0,133.25
2445.25,134.0
2445.5,134.0
2445.75,133.25
2446.0,133.25
2446.25,134.0
2446.5,134.0
2446.75,134.0
2447.0,134.0
2447.25,134.0
2447.5,134.5
2447.75,134.5
2448.0,134.0
2448.25,134.0
2448.5,133.25
2448.75,133.25
2449.0,133.25
2449.25,134.0
2449.5,134.0
2449.75,133.25
2450.0,133.25
2450.25,134.0
2450.5,134.0
2450.75,132.75
2451.0,132.75
2451.25,133.25
2451.5,132.75
2451.75,132.75
2452.0,129.25
2452.25,129.25
2452.5,121.0
2452.75,121.0
2453.0,120.0
2453.25,120.0
2453.5,122.0
2453.75,122.0
2454.0,123.0
2454.25,123.0
2454.5,125.5
2454.75,125.5
2455.0,127.0
2455.25,127.0
2455.5,127.75
2455.75,127.75
2456.0,128.25
2456.25,128.25
2456.5,126.0
2456.75,126.0
2457.0,123.5
2457.25,123.5
2457.5,118.0
2457.75,118.0
2458.0,110.0
2458.25,110.0
2458.5,113.25
2458.75,113.25
2459.0,116.25
2459.25,116.25
2459.5,121.0
2459.75,121.0
2460.0,123.5
2460.25,123.5
2460.5,124.5
2460.75,124.5
2461.0,125.5
2461.25,125.5
2461.5,126.0
2461.75,126.0
2462.0,126.5
2462.25,127.75
2462.5,127.75
2462.75,127.75
2463.0,127.75
2463.25,128.75
2463.5,128.75
2463.75,129.75
2464.0,129.75
2464.25,130.5
2464.5,130.5
2464.75,129.75
2465.0,129.75
2465.25,131.0
2465.5,131.5
2465.75,131.5
2466.0,132.25
2466.25,132.25
2466.5,132.25
2466.75,132.25
2467.0,131.5
2467.25,131.5
2467.5,132.25
2467.75,132.25
2468.0,132.25
2468.25,132.75
2468.5,132.75
2468.75,132.25
2469.0,132.25
2469.25,132.75
2469.5,132.75
2469.75,132.75
2470.0,132.25
2470.25,132.25
2470.5,132.75
2470.75,132.75
2471.0,132.75
2471.25,132.75
2471.5,132.75
2471.75,132.75
2472.0,133.25
2472.25,133.25
2472.5,133.25
2472.75,134.0
2473.0,134.0
2473.25,133.25
2473.5,133.25
2473.75,134.0
2474.0,134.0
2474.25,134.0
2474.5,134.5
2474.75,134.5
2475.0,134.5
2475.25,134.5
2475.5,134.0
2475.75,134.0
2476.0,134.5
2476.25,134.5
2476.5,134.5
2476.75,135.25
2477.0,135.25
2477.25,134.5
2477.5,134.5
2477.75,135.25
2478.0,135.25
2478.25,135.25
2478.5,135.25
2478.75,135.25
2479.0,135.25
2479.25,135.25
2479.5,135.25
2479.75,135.25
2480.0,135.75
2480.25,135.75
2480.5,135.75
2480.75,135.25
2481.0,135.25
2481.25,134.5
2481.5,134.5
2481.75,135.25
2482.0,135.25
2482.25,134.0
2482.5,134.5
2482.75,134.5
2483.0,134.5
2483.25,134.5
2483.5,134.5
2483.75,134.5
2484.0,135.25
2484.25,135.25
2484.5,134.5
2484.75,135.25
2485.0,135.25
2485.25,135.25
2485.5,135.25
2485.75,134.5
2486.0,134.5
2486.25,135.25
2486.5,135.25
2486.75,135.25
2487.0,134.0
2487.25,134.0
2487.5,134.0
2487.75,134.0
2488.0,134.5
2488.25,134.5
2488.5,134.0
2488.75,134.0
2489.0,134.0
2489.25,133.25
2489.5,133.25
2489.75,134.5
2490.0,134.5
2490.25,134.0
2490.5,134.0
2490.75,134.5
2491.0,135.25
2491.25,135.25
2491.5,135.25
2491.75,135.25
2492.0,135.25
2492.25,135.25
2492.5,134.0
2492.75,134.0
2493.0,134.5
2493.25,134.5
2493.5,134.5
2493.75,134.0
2494.0,134.0
2494.25,134.0
2494.5,134.0
2494.75,134.0
2495.0,134.5
2495.25,134.5
2495.5,135.25
2495.75,135.25
2496.0,135.75
2496.25,135.75
2496.5,135.75
2496.75,135.75
2497.0,136.25
2497.25,136.25
2497.5,136.25
2497.75,137.0
2498.0,137.0
2498.25,137.5
2498.5,137.5
2498.75,137.5
2499.0,138.25
2499.25,138.25
2499.5,138.25
2499.75,138.25
2500.0,138.25
2500.25,138.25
2500.5,138.25
2500.75,138.25
2501.0,138.25
2501.25,138.25
2501.5,138.25
2501.75,137.5
2502.0,137.0
2502.25,137.0
2502.5,137.0
2502.75,137.0
2503.0,135.75
2503.25,135.75
2503.5,135.75
2503.75,135.75
2504.0,134.5
2504.25,134.5
2504.5,134.5
2504.75,134.0
2505.0,134.0
2505.25,134.5
2505.5,134.5
2505.75,134.0
2506.0,134.5
2506.25,134.5
2506.5,134.5
2506.75,134.5
2507.0,134.0
2507.25,134.0
2507.5,135.25
2507.75,135.25
2508.0,134.5
2508.25,134.0
2508.5,134.0
2508.75,134.0
2509.0,134.0
2509.25,133.25
2509.5,133.25
2509.75,133.25
2510.0,133.25
2510.25,132.75
2510.5,132.25
2510.75,132.25
2511.0,133.25
2511.25,133.25
2511.5,134.0
2511.75,134.0
2512.0,134.0
2512.25,134.0
2512.5,134.5
2512.75,134.5
2513.0,134.5
2513.25,135.75
2513.5,135.75
2513.75,134.5
2514.0,134.5
2514.25,135.25
2514.5,135.25
2514.75,135.25
2515.0,135.25
2515.25,135.25
2515.5,134.5
2515.75,134.5
2516.0,135.25
2516.25,135.25
2516.5,135.25
2516.75,134.0
2517.0,134.0
2517.25,134.5
2517.5,134.5
2517.75,134.5
2518.0,134.5
2518.25,134.0
2518.5,134.0
2518.75,134.5
2519.0,134.5
2519.25,134.5
2519.5,133.25
2519.75,133.25
2520.0,133.25
2520.25,133.25
2520.5,133.25
2520.75,133.25
2521.0,132.75
2521.25,132.75
2521.5,132.75
2521.75,132.75
2522.0,132.75
2522.25,132.25
2522.5,132.25
2522.75,132.25
2523.0,132.25
2523.25,130.5
2523.5,131.5
2523.75,131.5
2524.0,131.5
2524.25,131.5
2524.5,131.5
2524.75,131.5
2525.0,132.25
2525.25,132.25
2525.5,132.75
2525.75,132.75
2526.0,132.75
2526.25,132.75
2526.5,132.75
2526.75,132.75
2527.0,132.75
2527.25,132.75
2527.5,132.75
2527.75,131.5
2528.0,131.5
2528.25,132.75
2528.5,131.5
2528.75,131.5
2529.0,132.75
2529.25,132.75
2529.5,132.25
2529.75,132.25
2530.0,132.75
2530.25,132.75
2530.5,132.25
2530.75,132.75
2531.0,132.75
2531.25,132.75
2531.5,132.75
2531.75,132.75
2532.0,132.75
2532.25,134.0
2532.5,134.0
2532.75,133.25
2533.0,133.25
2533.25,133.25
2533.5,134.0
2533.75,134.0
2534.0,134.0
2534.25,134.0
2534.5,134.0
2534.75,134.0
2535.0,134.0
2535.25,134.0
2535.5,134.0
2535.75,134.5
2536.0,134.5
2536.25,134.5
2536.5,134.5
2536.75,134.5
2537.0,134.5
2537.25,134.5
2537.5,135.25
2537.75,135.25
2538.0,135.25
2538.25,135.25
2538.5,135.25
2538.75,135.25
2539.0,135.25
2539.25,136.25
2539.5,136.25
2539.75,135.75
2540.0,135.75
2540.25,135.75
2540.5,135.75
2540.75,136.25
2541.0,136.25
2541.25,136.25
2541.5,136.25
2541.75,136.25
2542.0,135.75
2542.25,135.75
2542.5,136.25
2542.75,136.25
2543.0,136.25
2543.25,136.25
2543.5,136.25
2543.75,136.25
2544.0,136.25
2544.25,137.0
2544.5,137.0
2544.75,136.25
2545.0,137.0
2545.25,137.0
2545.5,137.0
2545.75,137.0
2546.0,137.5
2546.25,137.5
2546.5,136.25
2546.75,137.0
2547.0,137.0
2547.25,136.25
2547.5,136.25
2547.75,135.75
2548.0,135.75
2548.25,135.25
2548.5,134.0
2548.75,134.0
2549.0,134.5
2549.25,134.5
2549.5,134.5
2549.75,134.5
2550.0,135.25
2550.25,135.25
2550.5,135.75
2550.75,135.25
2551.0,135.25
2551.25,135.75
2551.5,135.75
2551.75,135.75
2552.0,135.75
2552.25,136.25
2552.5,136.25
2552.75,136.25
2553.0,136.25
2553.25,136.25
2553.5,135.25
2553.75,135.25
2554.0,135.25
2554.25,134.5
2554.5,134.5
2554.75,134.0
2555.0,134.0
2555.25,133.25
2555.5,133.25
2555.75,134.0
2556.0,134.0
2556.25,134.0
2556.5,134.0
2556.75,134.0
2557.0,134.0
2557.25,134.0
2557.5,134.5
2557.75,134.5
2558.0,134.5
2558.25,134.5
2558.5,134.5
2558.75,134.5
2559.0,134.5
2559.25,134.5
2559.5,134.5
2559.75,135.75
2560.0,135.75
2560.25,135.25
2560.5,135.25
2560.75,135.25
2561.0,135.25
2561.25,135.25
2561.5,135.25
2561.75,135.25
2562.0,134.5
2562.25,134.5
2562.5,135.25
2562.75,135.25
2563.0,135.25
2563.25,135.25
2563.5,135.25
2563.75,135.25
2564.0,135.25
2564.25,134.5
2564.5,134.0
2564.75,134.0
2565.0,134.0
2565.25,134.0
2565.5,134.0
2565.75,134.0
2566.0,134.0
2566.25,134.0
2566.5,134.0
2566.75,133.25
2567.0,133.25
2567.25,134.0
2567.5,134.0
2567.75,134.0
2568.0,134.0
2568.25,132.75
2568.5,132.75
2568.75,134.0
2569.0,134.0
2569.25,134.0
2569.5,134.0
2569.75,134.0
2570.0,133.25
2570.25,133.25
2570.5,132.75
2570.75,132.75
2571.0,132.75
2571.25,133.25
2571.5,133.25
2571.75,132.75
2572.0,132.75
2572.25,133.25
2572.5,133.25
2572.75,132.25
2573.0,132.25
2573.25,132.75
2573.5,131.5
2573.75,131.5
2574.0,132.25
2574.25,132.25
2574.5,132.25
2574.75,132.25
2575.0,131.0
2575.25,131.0
2575.5,131.5
2575.75,131.5
2576.0,131.0
2576.25,131.5
2576.5,131.5
2576.75,131.5
2577.0,131.5
2577.25,132.75
2577.5,132.75
2577.75,131.5
2578.0,131.5
2578.25,132.25
2578.5,131.5
2578.75,131.5
2579.0,131.0
2579.25,131.0
2579.5,129.75
2579.75,129.75
2580.0,128.25
2580.25,128.25
2580.5,128.75
2580.75,128.75
2581.0,128.75
2581.25,128.75
2581.5,130.5
2581.75,131.0
2582.0,131.0
2582.25,131.0
2582.5,131.0
2582.75,129.75
2583.0,129.75
2583.25,125.5
2583.5,125.5
2583.75,125.0
2584.0,125.0
2584.25,115.75
2584.5,115.75
2584.75,108.75
2585.0,108.75
2585.25,108.75
2585.5,103.0
2585.75,103.0
2586.0,99.75
2586.25,99.75
2586.5,99.75
2586.75,90.0
2587.0,90.0
2587.25,93.75
2587.5,93.75
2587.75,93.75
2588.0,94.75
2588.25,94.75
2588.5,94.75
2588.75,94.75
2589.0,94.75
2589.25,94.25
2589.5,94.25
2589.75,93.25
2590.0,93.25
2590.25,93.25
2590.5,87.5
2590.75,87.5
2591.0,87.5
2591.25,82.0
2591.5,82.0
2591.75,82.0
2592.0,82.5
2592.25,82.5
2592.5,82.5
2592.75,82.25
2593.0,82.25
2593.25,82.25
2593.5,89.5
2593.75,89.5
2594.0,93.75
2594.25,93.75
2594.5,93.75
2594.75,93.75
2595.0,93.75
2595.25,95.25
2595.5,95.25
2595.75,95.25
2596.0,95.75
2596.25,95.75
2596.5,110.0
2596.75,110.0
2597.0,115.0
2597.25,115.0
2597.5,120.5
2597.75,120.5
2598.0,122.5
2598.25,122.5
2598.5,123.5
2598.75,123.5
2599.0,122.5
2599.25,122.5
2599.5,124.5
2599.75,124.5
2600.0,124.0
2600.25,124.0
2600.5,124.5
2600.75,124.5
2601.0,125.0
2601.25,126.5
2601.5,126.5
2601.75,127.0
2602.0,127.0
2602.25,127.0
2602.5,127.0
2602.75,126.0
2603.0,126.0
2603.25,128.25
2603.5,128.25
2603.75,129.25
2604.0,129.25
2604.25,129.25
2604.5,129.25
2604.75,129.75
2605.0,130.5
2605.25,130.5
2605.5,129.75
2605.75,129.75
2606.0,130.5
2606.25,130.5
2606.5,131.0
2606.75,131.0
2607.0,131.5
2607.25,131.5
2607.5,132.75
2607.75,132.75
2608.0,132.75
2608.25,133.25
2608.5,133.25
2608.75,134.0
2609.0,134.0
2609.25,134.0
2609.5,134.0
2609.75,133.25
2610.0,132.75
2610.25,132.75
2610.5,132.75
2610.75,132.75
2611.0,134.0
2611.25,134.0
2611.5,134.0
2611.75,134.0
2612.0,134.0
2612.25,134.0
2612.5,134.0
2612.75,133.25
2613.0,133.25
2613.25,134.5
2613.5,134.5
2613.75,132.75
2614.0,132.75
2614.25,132.25
2614.5,130.5
2614.75,130.5
2615.0,131.5
2615.25,131.5
2615.5,130.5
2615.75,130.5
2616.0,129.75
2616.25,129.75
2616.5,131.0
2616.75,131.0
2617.0,130.5
2617.25,129.75
2617.5,129.75
2617.75,129.25
2618.0,129.25
2618.25,130.5
2618.5,130.5
2618.75,128.25
2619.0,128.25
2619.25,128.75
2619.5,128.75
2619.75,128.25
2620.0,128.25
2620.25,127.75
2620.5,127.75
2620.75,125.5
2621.0,124.0
2621.25,124.0
2621.5,123.0
2621.75,123.0
2622.0,124.5
2622.25,124.5
2622.5,123.5
2622.75,123.5
2623.0,125.0
2623.25,125.0
2623.5,125.0
2623.75,125.0
2624.0,125.5
2624.25,125.5
2624.5,124.0
2624.75,124.0
2625.0,125.5
2625.25,125.5
2625.5,126.0
2625.75,126.0
2626.0,126.0
2626.25,126.0
2626.5,126.0
2626.75,126.0
2627.0,126.0
2627.25,124.0
2627.5,124.0
2627.75,124.5
2628.0,124.5
2628.25,123.0
2628.5,123.0
2628.75,126.0
2629.0,126.0
2629.25,128.25
2629.5,128.25
2629.75,129.25
2630.0,129.25
2630.25,130.5
2630.5,130.5
2630.75,132.25
2631.0,131.5
2631.25,131.5
2631.5,132.75
2631.75,132.75
2632.0,133.25
2632.25,133.25
2632.5,132.25
2632.75,132.25
2633.0,131.5
2633.25,131.5
2633.5,131.5
2633.75,131.5
2634.0,131.5
2634.25,131.0
2634.5,131.0
2634.75,130.5
2635.0,130.5
2635.25,130.5
2635.5,130.5
2635.75,131.5
2636.0,131.5
2636.25,131.5
2636.5,131.5
2636.75,131.5
2637.0,132.75
2637.25,132.75
2637.5,132.75
2637.75,132.75
2638.0,133.25
2638.25,133.25
2638.5,134.0
2638.75,134.0
2639.0,134.0
2639.25,134.0
2639.5,134.0
2639.75,134.5
2640.0,134.5
2640.25,134.0
2640.5,134.0
2640.75,134.0
2641.0,134.5
2641.25,134.5
2641.5,134.0
2641.75,134.0
2642.0,134.0
2642.25,134.0
2642.5,133.25
2642.75,133.25
2643.0,133.25
2643.25,133.25
2643.5,133.25
2643.75,133.25
2644.0,133.25
2644.25,133.25
2644.5,133.25
2644.75,132.75
2645.0,132.75
2645.25,132.75
2645.5,132.25
2645.75,132.25
2646.0,132.25
2646.25,132.25
2646.5,128.75
2646.75,128.75
2647.0,122.5
2647.25,122.5
2647.5,116.25
2647.75,116.25
2648.0,108.25
2648.25,108.25
2648.5,108.75
2648.75,108.75
2649.0,108.75
2649.25,110.25
2649.5,110.25
2649.75,112.25
2650.0,112.25
2650.25,114.0
2650.5,114.0
2650.75,114.0
2651.0,114.0
2651.25,116.25
2651.5,116.25
2651.75,115.0
2652.0,115.0
2652.25,119.0
2652.5,119.0
2652.75,118.0
2653.0,118.0
2653.25,106.5
2653.5,106.5
2653.75,106.5
2654.0,102.0
2654.25,102.0
2654.5,95.25
2654.75,95.25
2655.0,95.25
2655.25,94.0
2655.5,94.0
2655.75,94.75
2656.0,94.75
2656.25,94.75
2656.5,88.75
2656.75,88.75
2657.0,88.75
2657.25,76.0
2657.5,76.0
2657.75,76.0
2658.0,76.0
2658.25,66.25
2658.5,66.25
2658.75,66.25
2659.0,69.0
2659.25,69.0
2659.5,69.0
2659.75,69.0
2660.0,65.0
2660.25,65.0
2660.5,65.0
2660.75,75.5
2661.0,75.5
2661.25,75.5
2661.5,91.5
2661.75,91.5
2662.0,94.75
2662.25,94.75
2662.5,94.75
2662.75,95.0
2663.0,95.0
2663.25,96.25
2663.5,96.25
2663.75,96.25
2664.0,99.75
2664.25,99.75
2664.5,115.0
2664.75,115.0
2665.0,118.5
2665.25,118.5
2665.5,116.75
2665.75,116.75
2666.0,118.0
2666.25,118.0
2666.5,120.0
2666.75,120.0
2667.0,116.25
2667.25,116.25
2667.5,121.5
2667.75,121.5
2668.0,122.0
2668.25,122.0
2668.5,124.5
2668.75,124.5
2669.0,124.0
2669.25,124.0
2669.5,126.0
2669.75,126.0
2670.0,128.25
2670.25,129.75
2670.5,129.75
2670.75,129.75
2671.0,129.75
2671.25,131.5
2671.5,131.5
2671.75,132.75
2672.0,132.75
2672.25,134.0
2672.5,134.5
2672.75,134.5
2673.0,135.25
2673.25,135.25
2673.5,134.5
2673.75,134.5
2674.0,134.0
2674.25,134.0
2674.5,134.5
2674.75,134.5
2675.0,134.5
2675.25,134.5
2675.5,134.5
2675.75,134.5
2676.0,134.5
2676.25,134.5
2676.5,134.5
2676.75,135.25
2677.0,134.5
2677.25,134.5
2677.5,134.0
2677.75,134.0
2678.0,132.75
2678.25,132.75
2678.5,130.5
2678.75,130.5
2679.0,129.75
2679.25,129.75
2679.5,129.75
2679.75,129.75
2680.0,129.75
2680.25,131.0
2680.5,131.0
2680.75,131.0
2681.0,131.0
2681.25,131.0
2681.5,131.0
2681.75,129.75
2682.0,130.5
2682.25,130.5
2682.5,130.5
2682.75,130.5
2683.0,129.75
2683.25,129.75
2683.5,128.25
2683.75,128.25
2684.0,128.25
2684.25,128.25
2684.5,126.5
2684.75,126.5
2685.0,127.0
2685.25,127.0
2685.5,126.0
2685.75,126.0
2686.0,126.0
2686.25,127.0
2686.5,127.0
2686.75,128.25
2687.0,128.25
2687.25,128.75
2687.5,128.75
2687.75,128.25
2688.0,128.25
2688.25,127.0
2688.5,127.0
2688.75,127.75
2689.0,127.75
2689.25,128.25
2689.5,128.25
2689.75,128.75
2690.0,127.75
2690.25,127.75
2690.5,129.25
2690.75,129.25
2691.0,127.75
2691.25,127.75
2691.5,127.75
2691.75,127.75
2692.0,128.75
2692.25,128.75
2692.5,128.75
2692.75,128.75
2693.0,129.25
2693.25,128.75
2693.5,128.75
2693.75,129.75
2694.0,129.75
2694.25,129.75
2694.5,129.75
2694.75,130.5
2695.0,130.5
2695.25,132.25
2695.5,132.25
2695.75,132.25
2696.0,131.5
2696.25,131.5
2696.5,131.5
2696.75,131.5
2697.0,132.25
2697.25,132.25
2697.5,133.25
2697.75,133.25
2698.0,132.75
2698.25,132.75
2698.5,132.75
2698.75,132.75
2699.0,132.75
2699.25,132.75
2699.5,132.75
2699.75,132.25
2700.0,132.25
2700.25,132.25
2700.5,132.25
2700.75,132.75
2701.0,133.25
2701.25,133.25
2701.5,133.25
2701.75,133.25
2702.0,133.25
2702.25,133.25
2702.5,133.25
2702.75,133.25
2703.0,132.25
2703.25,132.75
2703.5,132.75
2703.75,132.75
2704.0,132.75
2704.25,132.75
2704.5,132.75
2704.75,131.5
2705.0,131.5
2705.25,132.25
2705.5,132.25
2705.75,132.25
2706.0,131.0
2706.25,131.0
2706.5,132.75
2706.75,132.75
2707.0,132.25
2707.25,132.25
2707.5,132.75
2707.75,132.75
2708.0,133.25
2708.25,134.0
2708.5,134.0
2708.75,134.0
2709.0,134.0
2709.25,132.25
2709.5,132.25
2709.75,132.75
2710.0,132.75
2710.25,134.0
2710.5,132.75
2710.75,132.75
2711.0,134.0
2711.25,134.0
2711.5,132.25
2711.75,132.25
2712.0,133.25
2712.25,133.25
2712.5,133.25
2712.75,134.0
2713.0,134.0
2713.25,131.0
2713.5,131.0
2713.75,130.5
2714.0,130.5
2714.25,130.5
2714.5,130.5
2714.75,129.75
2715.0,129.75
2715.25,130.5
2715.5,132.75
2715.75,132.75
2716.0,132.25
2716.25,132.25
2716.5,132.25
2716.75,132.25
2717.0,132.75
2717.25,132.75
2717.5,131.5
2717.75,132.25
2718.0,132.25
2718.25,132.25
2718.5,132.25
2718.75,132.25
2719.0,132.25
2719.25,133.25
2719.5,133.25
2719.75,134.0
2720.0,134.0
2720.25,134.0
2720.5,134.0
2720.75,134.0
2721.0,135.25
2721.25,135.25
2721.5,133.25
2721.75,133.25
2722.0,127.75
2722.25,127.75
2722.5,112.0
2722.75,112.0
2723.0,106.5
2723.25,106.5
2723.5,105.0
2723.75,105.0
2724.0,105.0
2724.25,102.75
2724.5,102.75
2724.75,102.0
2725.0,102.0
2725.25,102.5
2725.5,102.5
2725.75,102.5
2726.0,104.25
2726.25,104.25
2726.5,108.0
2726.75,108.0
2727.0,111.0
2727.25,111.0
2727.5,112.25
2727.75,112.25
2728.0,114.5
2728.25,114.5
2728.5,115.0
2728.75,115.0
2729.0,118.5
2729.25,118.5
2729.5,118.5
2729.75,106.0
2730.0,106.0
2730.25,98.75
2730.5,98.75
2730.75,98.75
2731.0,90.75
2731.25,90.75
2731.5,90.75
2731.75,82.75
2732.0,82.75
2732.25,82.75
2732.5,82.75
2732.75,82.75
2733.0,85.25
2733.25,85.25
2733.5,85.25
2733.75,88.75
2734.0,88.75
2734.25,88.75
2734.5,87.0
2734.75,87.0
2735.0,93.5
2735.25,93.5
2735.5,93.5
2735.75,95.25
2736.0,95.25
2736.25,98.0
2736.5,98.0
2736.75,98.0
2737.0,90.25
2737.25,90.25
2737.5,90.25
2737.75,90.25
2738.0,64.5
2738.25,64.5
2738.5,64.5
2738.75,64.5
2739.0,64.5
2739.25,64.5
2739.5,64.5
2739.75,72.75
2740.0,72.75
2740.25,72.75
2740.5,84.75
2740.75,84.75
2741.0,88.0
2741.25,88.0
2741.5,88.0
2741.75,87.75
2742.0,87.75
2742.25,87.75
2742.5,92.25
2742.75,92.25
2743.0,93.0
2743.25,93.0
2743.5,93.0
2743.75,93.25
2744.0,93.25
2744.25,92.5
2744.5,92.5
2744.75,92.5
2745.0,92.5
2745.25,92.5
2745.5,92.5
2745.75,93.25
2746.0,93.25
2746.25,93.0
2746.5,93.0
2746.75,93.0
2747.0,100.25
2747.25,100.25
2747.5,110.0
2747.75,110.0
2748.0,114.5
2748.25,114.5
2748.5,117.75
2748.75,117.75
2749.0,123.0
2749.25,123.0
2749.5,125.0
2749.75,125.0
2750.0,127.75
2750.25,127.75
2750.5,129.25
2750.75,129.25
2751.0,129.25
2751.25,129.25
2751.5,129.25
2751.75,130.5
2752.0,130.5
2752.25,131.5
2752.5,131.5
2752.75,131.5
2753.0,131.5
2753.25,132.25
2753.5,131.5
2753.75,131.5
2754.0,131.0
2754.25,131.0
2754.5,131.5
2754.75,131.5
2755.0,129.75
2755.25,129.75
2755.5,127.0
2755.75,127.0
2756.0,122.5
2756.25,122.5
2756.5,122.5
2756.75,122.5
2757.0,119.5
2757.25,119.5
2757.5,121.0
2757.75,121.0
2758.0,119.0
2758.25,119.0
2758.5,121.0
2758.75,121.0
2759.0,121.5
2759.25,121.5
2759.5,121.0
2759.75,121.0
2760.0,121.0
2760.25,121.0
2760.5,116.75
2760.75,116.75
2761.0,121.5
2761.25,121.5
2761.5,118.5
2761.75,118.5
2762.0,119.5
2762.25,119.5
2762.5,116.75
2762.75,116.75
2763.0,118.0
2763.25,118.0
2763.5,115.75
2763.75,115.75
2764.0,117.25
2764.25,117.25
2764.5,120.5
2764.75,120.5
2765.0,116.25
2765.25,116.25
2765.5,120.5
2765.75,120.5
2766.0,121.5
2766.25,121.5
2766.5,122.5
2766.75,122.5
2767.0,124.0
2767.25,124.0
2767.5,125.5
2767.75,125.5
2768.0,125.5
2768.25,125.5
2768.5,124.5
2768.75,124.5
2769.0,124.5
2769.25,124.0
2769.5,124.0
2769.75,125.5
2770.0,125.5
2770.25,123.0
2770.5,123.0
2770.75,123.5
2771.0,123.5
2771.25,124.0
2771.5,124.0
2771.75,124.5
2772.0,124.5
2772.25,127.0
2772.5,127.0
2772.75,127.0
2773.0,127.0
2773.25,129.25
2773.5,129.25
2773.75,130.5
2774.0,131.0
2774.25,131.0
2774.5,130.5
2774.75,130.5
2775.0,131.5
2775.25,131.5
2775.5,131.0
2775.75,131.0
2776.0,130.5
2776.25,130.5
2776.5,129.25
2776.75,130.5
2777.0,130.5
2777.25,132.25
2777.5,132.25
2777.75,130.5
2778.0,130.5
2778.25,131.0
2778.5,131.0
2778.75,127.75
2779.0,127.75
2779.25,123.0
2779.5,123.0
2779.75,119.0
2780.0,119.0
2780.25,115.75
2780.5,115.75
2780.75,118.5
2781.0,118.5
2781.25,120.0
2781.5,120.0
2781.75,113.75
2782.0,113.75
2782.25,107.25
2782.5,107.25
2782.75,106.5
2783.0,106.5
2783.25,106.5
2783.5,106.75
2783.75,106.75
2784.0,112.0
2784.25,112.0
2784.5,109.0
2784.75,109.0
2785.0,106.75
2785.25,106.75
2785.5,106.75
2785.75,91.75
2786.0,91.75
2786.25,91.75
2786.5,72.75
2786.75,72.75
2787.0,72.75
2787.25,72.75
2787.5,66.0
2787.75,66.0
2788.0,66.0
2788.25,66.0
2788.5,58.0
2788.75,58.0
2789.0,58.0
2789.25,58.0
2789.5,68.75
2789.75,68.75
2790.0,68.75
2790.25,68.75
2790.5,59.0
2790.75,59.0
2791.0,59.0
2791.25,75.0
2791.5,75.0
2791.75,91.0
2792.0,91.0
2792.25,91.0
2792.5,91.0
2792.75,69.25
2793.0,69.25
2793.25,69.25
2793.5,78.5
2793.75,78.5
2794.0,78.5
2794.25,91.5
2794.5,91.5
2794.75,95.0
2795.0,95.0
2795.25,95.0
2795.5,95.25
2795.75,95.25
2796.0,95.5
2796.25,95.5
2796.5,110.0
2796.75,110.0
2797.0,118.0
2797.25,118.0
2797.5,120.5
2797.75,120.5
2798.0,124.0
2798.25,124.0
2798.5,126.0
2798.75,126.0
2799.0,126.0
2799.25,126.0
2799.5,126.5
2799.75,126.5
2800.0,125.0
2800.25,125.0
2800.5,126.5
2800.75,126.5
2801.0,128.75
2801.25,132.25
2801.5,132.25
2801.75,132.25
2802.0,132.25
2802.25,132.75
2802.5,132.75
2802.75,134.5
2803.0,134.5
2803.25,135.25
2803.5,136.25
2803.75,136.25
2804.0,136.25
2804.25,136.25
2804.5,137.5
2804.75,137.5
2805.0,136.25
2805.25,135.75
2805.5,135.75
2805.75,137.5
2806.0,137.5
2806.25,135.25
2806.5,135.25
2806.75,137.0
2807.0,135.25
2807.25,135.25
2807.5,137.0
2807.75,137.0
2808.0,137.0
2808.25,137.0
2808.5,136.25
2808.75,136.25
2809.0,135.75
2809.25,134.5
2809.5,134.5
2809.75,133.25
2810.0,133.25
2810.25,132.75
2810.5,132.75
2810.75,131.5
2811.0,131.5
2811.25,130.5
2811.5,130.5
2811.75,130.5
2812.0,128.75
2812.25,128.75
2812.5,129.25
2812.75,129.25
2813.0,128.75
2813.25,128.75
2813.5,131.0
2813.75,131.0
2814.0,130.5
2814.25,130.5
2814.5,130.5
2814.75,131.0
2815.0,131.0
2815.25,132.75
2815.5,132.75
2815.75,132.25
2816.0,132.25
2816.25,134.0
2816.5,134.0
2816.75,133.25
2817.0,132.75
2817.25,132.75
2817.5,131.0
2817.75,131.0
2818.0,131.5
2818.25,131.5
2818.5,130.5
2818.75,130.5
2819.0,131.0
2819.25,131.0
2819.5,131.0
2819.75,132.25
2820.0,132.25
2820.25,131.5
2820.5,131.5
2820.75,132.25
2821.0,132.25
2821.25,131.0
2821.5,131.0
2821.75,132.25
2822.0,132.25
2822.25,132.25
2822.5,132.75
2822.75,132.75
2823.0,133.25
2823.25,133.25
2823.5,132.75
2823.75,132.75
2824.0,133.25
2824.25,132.75
2824.5,132.75
2824.75,132.25
2825.0,132.25
2825.25,133.25
2825.5,133.25
2825.75,132.75
2826.0,132.75
2826.25,134.5
2826.5,135.75
2826.75,135.75
2827.0,135.75
2827.25,135.75
2827.5,136.25
2827.75,136.25
2828.0,136.25
2828.25,135.75
2828.5,135.75
2828.75,135.25
2829.0,135.25
2829.25,135.25
2829.5,135.25
2829.75,135.25
2830.0,135.25
2830.25,135.25
2830.5,135.75
2830.75,135.75
2831.0,135.25
2831.25,135.25
2831.5,135.25
2831.75,135.25
2832.0,135.25
2832.25,135.25
2832.5,135.25
2832.75,135.75
2833.0,135.75
2833.25,135.75
2833.5,135.75
2833.75,135.75
2834.0,135.75
2834.25,133.25
2834.5,132.75
2834.75,132.75
2835.0,132.75
2835.25,132.75
2835.5,131.0
2835.75,131.0
2836.0,131.0
2836.25,131.0
2836.5,125.0
2836.75,125.0
2837.0,113.75
2837.25,113.75
2837.5,103.5
2837.75,103.5
2838.0,105.25
2838.25,105.25
2838.5,105.25
2838.75,107.25
2839.0,107.25
2839.25,107.5
2839.5,107.5
2839.75,110.75
2840.0,110.75
2840.25,112.25
2840.5,112.25
2840.75,116.75
2841.0,116.75
2841.25,120.5
2841.5,120.5
2841.75,122.5
2842.0,122.5
2842.25,125.0
2842.5,125.0
2842.75,126.0
2843.0,126.0
2843.25,128.75
2843.5,128.75
2843.75,127.75
2844.0,127.75
2844.25,125.5
2844.5,125.5
2844.75,119.0
2845.0,119.0
2845.25,115.75
2845.5,115.75
2845.75,100.0
2846.0,100.0
2846.25,100.0
2846.5,99.25
2846.75,99.25
2847.0,101.25
2847.25,101.25
2847.5,103.5
2847.75,103.5
2848.0,103.5
2848.25,104.5
2848.5,104.5
2848.75,104.25
2849.0,104.25
2849.25,101.25
2849.5,101.25
2849.75,101.25
2850.0,95.5
2850.25,95.5
2850.5,95.5
2850.75,80.75
2851.0,80.75
2851.25,80.75
2851.5,79.25
2851.75,79.25
2852.0,79.25
2852.25,86.5
2852.5,86.5
2852.75,86.5
2853.0,78.0
2853.25,78.0
2853.5,86.25
2853.75,86.25
2854.0,86.25
2854.25,92.0
2854.5,92.0
2854.75,92.0
2855.0,93.5
2855.25,93.5
2855.5,95.5
2855.75,95.5
2856.0,111.5
2856.25,111.5
2856.5,118.0
2856.75,118.0
2857.0,122.5
2857.25,122.5
2857.5,120.0
2857.75,120.0
2858.0,120.0
2858.25,108.0
2858.5,108.0
2858.75,90.0
2859.0,90.0
2859.25,90.0
2859.5,84.0
2859.75,84.0
2860.0,84.0
2860.25,82.0
2860.5,82.0
2860.75,82.0
2861.0,90.75
2861.25,90.75
2861.5,85.25
2861.75,85.25
2862.0,85.25
2862.25,94.75
2862.5,94.75
2862.75,97.5
2863.0,97.5
2863.25,97.5
2863.5,107.25
2863.75,107.25
2864.0,116.25
2864.25,116.25
2864.5,119.0
2864.75,119.0
2865.0,124.0
2865.25,124.0
2865.5,127.75
2865.75,128.25
2866.0,128.25
2866.25,128.75
2866.5,128.75
2866.75,127.75
2867.0,127.75
2867.25,129.75
2867.5,129.75
2867.75,129.75
2868.0,129.75
2868.25,130.5
2868.5,130.5
2868.75,131.0
2869.0,131.0
2869.25,131.0
2869.5,131.0
2869.75,131.0
2870.0,132.75
2870.25,132.75
2870.5,133.25
2870.75,133.25
2871.0,133.25
2871.25,134.0
2871.5,134.0
2871.75,133.25
2872.0,133.25
2872.25,133.25
2872.5,133.25
2872.75,133.25
2873.0,133.25
2873.25,132.75
2873.5,131.0
2873.75,131.0
2874.0,129.75
2874.25,129.75
2874.5,129.25
2874.75,129.25
2875.0,128.25
2875.25,128.25
2875.5,128.75
2875.75,128.75
2876.0,127.75
2876.25,127.75
2876.5,125.5
2876.75,125.5
2877.0,123.0
2877.25,123.0
2877.5,122.0
2877.75,122.0
2878.0,119.5
2878.25,119.5
2878.5,119.5
2878.75,119.5
2879.0,119.0
2879.25,119.0
2879.5,119.0
2879.75,119.0
2880.0,115.75
2880.25,115.75
2880.5,118.5
2880.75,118.5
2881.0,120.0
2881.25,120.0
2881.5,120.0
2881.75,120.0
2882.0,120.0
2882.25,120.0
2882.5,119.0
2882.75,119.0
2883.0,115.75
2883.25,115.75
2883.5,116.75
2883.75,116.75
2884.0,119.5
2884.25,119.5
2884.5,118.5
2884.75,118.5
2885.0,120.0
2885.25,120.0
2885.5,120.0
2885.75,120.0
2886.0,122.0
2886.25,122.0
2886.5,124.0
2886.75,124.0
2887.0,124.0
2887.25,124.0
2887.5,126.0
2887.75,126.0
2888.0,126.0
2888.25,127.75
2888.5,127.75
2888.75,128.75
2889.0,128.75
2889.25,128.75
2889.5,128.75
2889.75,128.75
2890.0,128.75
2890.25,127.75
2890.5,127.75
2890.75,128.75
2891.0,128.75
2891.25,130.5
2891.5,131.0
2891.75,131.0
2892.0,129.75
2892.25,129.75
2892.5,129.25
2892.75,129.25
2893.0,126.5
2893.25,126.5
2893.5,127.0
2893.75,127.0
2894.0,129.25
2894.25,129.25
2894.5,129.25
2894.75,129.25
2895.0,129.25
2895.25,128.75
2895.5,128.75
2895.75,129.25
2896.0,129.25
2896.25,128.25
2896.5,128.25
2896.75,130.5
2897.0,130.5
2897.25,131.5
2897.5,131.5
2897.75,130.5
2898.0,129.75
2898.25,129.75
2898.5,130.5
2898.75,130.5
2899.0,129.75
2899.25,129.75
2899.5,131.0
2899.75,131.0
2900.0,131.0
2900.25,131.0
2900.5,132.75
2900.75,132.75
2901.0,132.75
2901.25,132.75
2901.5,132.75
2901.75,132.75
2902.0,132.75
2902.25,133.25
2902.5,133.25
2902.75,134.0
2903.0,134.0
2903.25,134.0
2903.5,133.25
2903.75,133.25
2904.0,134.0
2904.25,134.0
2904.5,133.25
2904.75,133.25
2905.0,134.5
2905.25,134.0
2905.5,134.0
2905.75,131.5
2906.0,131.5
2906.25,131.5
2906.5,131.5
2906.75,132.75
2907.0,132.75
2907.25,134.0
2907.5,134.5
2907.75,134.5
2908.0,135.25
2908.25,135.25
2908.5,133.25
2908.75,133.25
2909.0,134.5
2909.25,134.5
2909.5,132.25
2909.75,132.75
2910.0,132.75
2910.25,131.5
2910.5,131.5
2910.75,131.0
2911.0,131.0
2911.25,132.25
2911.5,132.25
2911.75,132.75
2912.0,132.75
2912.25,131.5
2912.5,134.0
2912.75,134.0
2913.0,134.0
2913.25,134.0
2913.5,132.75
2913.75,132.75
2914.0,134.5
2914.25,134.5
2914.5,134.5
2914.75,135.75
2915.0,135.75
2915.25,135.75
2915.5,135.75
2915.75,136.25
2916.0,136.25
2916.25,137.0
2916.5,135.25
2916.75,135.25
2917.0,135.75
2917.25,135.75
2917.5,136.25
2917.75,136.25
2918.0,135.75
2918.25,135.25
2918.5,135.25
2918.75,135.25
2919.0,135.25
2919.25,133.25
2919.5,133.25
2919.75,135.25
2920.0,135.25
2920.25,133.25
2920.5,135.75
2920.75,135.75
2921.0,135.75
2921.25,135.75
2921.5,135.75
2921.75,135.75
2922.0,136.25
2922.25,136.25
2922.5,136.25
2922.75,135.75
2923.0,135.75
2923.25,136.25
2923.5,136.25
2923.75,135.75
2924.0,135.25
2924.25,135.25
2924.5,135.75
2924.75,135.75
2925.0,135.75
2925.25,135.75
2925.5,136.25
2925.75,136.25
2926.0,136.25
2926.25,137.5
2926.5,137.5
2926.75,137.0
2927.0,137.0
2927.25,137.5
2927.5,137.0
2927.75,137.0
2928.0,136.25
2928.25,136.25
2928.5,136.25
2928.75,136.25
2929.0,134.0
2929.25,134.0
2929.5,132.25
2929.75,132.25
2930.0,125.5
2930.25,121.5
2930.5,121.5
2930.75,121.5
2931.0,117.25
2931.25,117.25
2931.5,119.5
2931.75,119.5
2932.0,122.5
2932.25,122.0
2932.5,122.0
2932.75,123.5
2933.0,123.5
2933.25,125.5
2933.5,125.5
2933.75,127.75
2934.0,127.75
2934.25,130.5
2934.5,130.5
2934.75,132.75
2935.0,132.75
2935.25,133.25
2935.5,134.0
2935.75,134.0
2936.0,136.25
2936.25,136.25
2936.5,136.25
2936.75,136.25
2937.0,137.0
2937.25,137.0
2937.5,137.0
2937.75,135.75
2938.0,135.75
2938.25,135.75
2938.5,135.75
2938.75,135.75
2939.0,135.75
2939.25,135.75
2939.5,136.25
2939.75,136.25
2940.0,136.25
2940.25,136.25
2940.5,135.75
2940.75,135.75
2941.0,136.25
2941.25,135.25
2941.5,135.25
2941.75,135.75
2942.0,135.75
2942.25,137.0
2942.5,137.0
2942.75,136.25
2943.0,135.75
2943.25,135.75
2943.5,135.75
2943.75,135.75
2944.0,135.25
2944.25,135.25
2944.5,135.25
2944.75,135.25
2945.0,135.25
2945.25,135.75
2945.5,135.75
2945.75,135.25
2946.0,135.25
2946.25,135.75
2946.5,135.75
2946.75,135.25
2947.0,135.75
2947.25,135.75
2947.5,135.25
2947.75,135.25
2948.0,134.5
2948.25,134.5
2948.5,135.75
2948.75,135.25
2949.0,135.25
2949.25,134.0
2949.5,134.0
2949.75,135.25
2950.0,135.25
2950.25,134.0
2950.5,134.0
2950.75,135.25
2951.0,135.25
2951.25,135.25
2951.5,135.25
2951.75,135.25
2952.0,135.75
2952.25,135.75
2952.5,135.75
2952.75,136.25
2953.0,136.25
2953.25,137.5
2953.5,137.5
2953.75,137.0
2954.0,137.0
2954.25,137.5
2954.5,137.0
2954.75,137.0
2955.0,139.0
2955.25,139.0
2955.5,137.5
2955.75,137.5
2956.0,138.25
2956.25,138.25
2956.5,138.25
2956.75,137.5
2957.0,137.5
2957.25,137.5
2957.5,137.5
2957.75,137.5
2958.0,136.25
2958.25,136.25
2958.5,137.0
2958.75,137.0
2959.0,135.75
2959.25,135.75
2959.5,136.25
2959.75,136.25
2960.0,136.25
2960.25,136.25
2960.5,136.25
2960.75,135.75
2961.0,135.75
2961.25,136.25
2961.5,136.25
2961.75,136.25
2962.0,137.0
2962.25,137.0
2962.5,136.25
2962.75,136.25
2963.0,137.0
2963.25,136.25
2963.5,136.25
2963.75,136.25
2964.0,136.25
2964.25,137.0
2964.5,137.0
2964.75,137.5
2965.0,137.5
2965.25,137.5
2965.5,138.25
2965.75,138.25
2966.0,138.25
2966.25,138.25
2966.5,138.25
2966.75,139.0
2967.0,139.0
2967.25,139.0
2967.5,139.0
2967.75,139.0
2968.0,139.0
2968.25,139.0
2968.5,139.5
2968.75,139.5
2969.0,139.5
2969.25,139.5
2969.5,139.5
2969.75,139.5
2970.0,137.5
2970.25,137.5
2970.5,137.5
2970.75,137.0
2971.0,137.0
2971.25,137.5
2971.5,137.5
2971.75,135.25
2972.0,135.75
2972.25,135.75
2972.5,135.25
2972.75,135.25
2973.0,135.75
2973.25,135.75
2973.5,135.75
2973.75,136.25
2974.0,136.25
2974.25,136.25
2974.5,136.25
2974.75,136.25
2975.0,136.25
2975.25,137.0
2975.5,137.5
2975.75,137.5
2976.0,137.5
2976.25,137.5
2976.5,139.0
2976.75,139.0
2977.0,138.25
2977.25,138.25
2977.5,138.25
2977.75,139.0
2978.0,139.0
2978.25,139.0
2978.5,139.0
2978.75,138.25
2979.0,137.5
2979.25,137.5
2979.5,138.25
2979.75,138.25
2980.0,137.5
2980.25,137.5
2980.5,137.5
2980.75,138.25
2981.0,138.25
2981.25,138.25
2981.5,138.25
2981.75,139.0
2982.0,139.0
2982.25,139.0
2982.5,139.0
2982.75,139.0
2983.0,139.0
2983.25,139.0
2983.5,139.0
2983.75,139.5
2984.0,139.5
2984.25,139.0
2984.5,139.0
2984.75,140.25
2985.0,139.5
2985.25,139.5
2985.5,140.25
2985.75,140.25
2986.0,140.25
2986.25,140.25
2986.5,140.25
2986.75,140.75
2987.0,140.75
2987.25,140.75
2987.5,140.75
2987.75,140.75
2988.0,140.75
2988.25,140.75
2988.5,140.75
2988.75,140.75
2989.0,140.25
2989.25,140.25
2989.5,140.25
2989.75,139.5
2990.0,139.5
2990.25,139.5
2990.5,139.5
2990.75,139.5
2991.0,140.25
2991.25,140.25
2991.5,140.75
2991.75,140.75
2992.0,140.25
2992.25,140.25
2992.5,140.75
2992.75,141.5
2993.0,141.5
2993.25,140.75
2993.5,140.75
2993.75,141.5
2994.0,141.5
2994.25,141.5
2994.5,141.5
2994.75,141.5
2995.0,142.25
2995.25,141.5
2995.5,141.5
2995.75,141.5
2996.0,141.5
2996.25,141.5
2996.5,141.5
2996.75,141.5
2997.0,142.25
2997.25,142.25
2997.5,142.25
2997.75,142.25
2998.0,141.5
2998.25,142.25
2998.5,142.25
2998.75,142.25
2999.0,142.25
2999.25,142.75
2999.5,142.25
2999.75,142.25
3000.0,143.5
3000.25,143.5
3000.5,142.75
3000.75,143.5
3001.0,143.5
3001.25,142.75
3001.5,142.75
3001.75,142.25
3002.0,142.75
3002.25,142.75
3002.5,142.25
3002.75,142.25
3003.0,142.25
3003.25,141.5
3003.5,141.5
3003.75,142.75
3004.0,142.75
3004.25,142.25
3004.5,142.25
3004.75,142.75
3005.0,142.75
3005.25,142.75
3005.5,142.25
3005.75,142.25
3006.0,142.75
3006.25,142.75
3006.5,142.75
3006.75,142.25
3007.0,142.25
3007.25,140.75
3007.5,140.75
3007.75,140.75
3008.0,140.75
3008.25,140.75
3008.5,141.5
3008.75,139.5
3009.0,139.5
3009.25,140.25
3009.5,140.25
3009.75,140.25
3010.0,140.25
3010.25,140.75
3010.5,140.75
3010.75,140.75
3011.0,140.75
3011.25,140.75
3011.5,141.5
3011.75,141.5
3012.0,141.5
3012.25,141.5
3012.5,141.5
3012.75,141.5
3013.0,142.25
3013.25,142.25
3013.5,142.25
3013.75,142.25
3014.0,142.25
3014.25,142.25
3014.5,142.25
3014.75,142.75
3015.0,142.75
3015.25,142.25
3015.5,142.25
3015.75,142.75
3016.0,142.25
3016.25,142.25
3016.5,142.25
3016.75,142.25
3017.0,142.25
3017.25,141.5
3017.5,141.5
3017.75,142.75
3018.0,142.75
3018.25,142.25
3018.5,142.25
3018.75,142.25
3019.0,142.75
3019.25,142.75
3019.5,141.5
3019.75,142.75
3020.0,142.75
3020.25,142.25
3020.5,142.25
3020.75,142.75
3021.0,142.75
3021.25,142.75
3021.5,142.25
3021.75,142.25
3022.0,142.75
3022.25,142.75
3022.5,142.75
3022.75,142.75
3023.0,142.75
3023.25,142.75
3023.5,142.75
3023.75,142.75
3024.0,142.75
3024.25,142.75
3024.5,142.75
3024.75,142.75
3025.0,143.5
3025.25,143.5
3025.5,143.5
3025.75,143.5
3026.0,143.5
3026.25,143.5
3026.5,144.25
3026.75,144.25
3027.0,143.5
3027.25,143.5
3027.5,143.5
3027.75,144.25
3028.0,144.25
3028.25,142.75
3028.5,142.75
3028.75,143.5
3029.0,143.5
3029.25,143.5
3029.5,143.5
3029.75,143.5
3030.0,142.75
3030.25,143.5
3030.5,143.5
3030.75,143.5
3031.0,143.5
3031.25,143.5
3031.5,144.25
3031.75,144.25
3032.0,142.75
3032.25,142.75
3032.5,143.5
3032.75,143.5
3033.0,143.5
3033.25,142.75
3033.5,142.75
3033.75,142.75
3034.0,142.75
3034.25,142.75
3034.5,143.5
3034.75,143.5
3035.0,142.75
3035.25,142.75
3035.5,142.75
3035.75,143.5
3036.0,143.5
3036.25,143.5
3036.5,143.5
3036.75,143.5
3037.0,143.5
3037.25,143.5
3037.5,143.5
3037.75,143.5
3038.0,143.5
3038.25,143.5
3038.5,143.5
3038.75,144.25
3039.0,144.25
3039.25,143.5
3039.5,144.25
3039.75,144.25
3040.0,144.25
3040.25,144.25
3040.5,143.5
3040.75,144.25
3041.0,144.25
3041.25,143.5
3041.5,143.5
3041.75,142.75
3042.0,143.5
3042.25,143.5
3042.5,142.25
3042.75,142.25
3043.0,142.75
3043.25,142.75
3043.5,142.75
3043.75,142.75
3044.0,142.75
3044.25,142.75
3044.5,141.5
3044.75,141.5
3045.0,137.0
3045.25,137.0
3045.5,134.0
3045.75,134.0
3046.0,129.75
3046.25,129.75
3046.5,127.0
3046.75,131.0
3047.0,131.0
3047.25,133.25
3047.5,133.25
3047.75,134.5
3048.0,134.5
3048.25,136.25
3048.5,136.25
3048.75,136.25
3049.0,137.5
3049.25,137.5
3049.5,137.0
3049.75,137.0
3050.0,138.25
3050.25,138.25
3050.5,136.25
3050.75,122.0
3051.0,122.0
3051.25,122.0
3051.5,108.75
3051.75,108.75
3052.0,95.0
3052.25,95.0
3052.5,95.0
3052.75,97.75
3053.0,97.75
3053.25,100.75
3053.5,100.75
3053.75,101.0
3054.0,101.0
3054.25,101.0
3054.5,100.25
3054.75,100.25
3055.0,100.0
3055.25,100.0
3055.5,100.0
3055.75,102.75
3056.0,102.75
3056.25,113.25
3056.5,113.25
3056.75,112.75
3057.0,112.75
3057.25,111.0
3057.5,111.0
3057.75,111.0
3058.0,91.75
3058.25,91.75
3058.5,91.75
3058.75,80.5
3059.0,80.5
3059.25,80.5
3059.5,81.25
3059.75,81.25
3060.0,84.0
3060.25,84.0
3060.5,84.0
3060.75,86.75
3061.0,86.75
3061.25,86.75
3061.5,88.75
3061.75,88.75
3062.0,93.75
3062.25,93.75
3062.5,93.75
3062.75,97.5
3063.0,97.5
3063.25,104.25
3063.5,104.25
3063.75,111.5
3064.0,111.5
3064.25,111.5
3064.5,109.5
3064.75,109.5
3065.0,106.5
3065.25,106.5
3065.5,102.5
3065.75,102.5
3066.0,102.5
3066.25,97.75
3066.5,97.75
3066.75,96.25
3067.0,96.25
3067.25,96.25
3067.5,93.75
3067.75,93.75
3068.0,93.75
3068.25,93.75
3068.5,93.75
3068.75,93.75
3069.0,93.75
3069.25,96.5
3069.5,96.5
3069.75,96.5
3070.0,99.25
3070.25,99.25
3070.5,102.75
3070.75,102.75
3071.0,109.5
3071.25,109.5
3071.5,116.25
3071.75,116.25
3072.0,121.0
3072.25,121.0
3072.5,125.5
3072.75,125.5
3073.0,129.25
3073.25,129.25
3073.5,131.5
3073.75,131.5
3074.0,134.5
3074.25,135.25
3074.5,135.25
3074.75,136.25
3075.0,136.25
3075.25,136.25
3075.5,136.25
3075.75,136.25
3076.0,136.25
3076.25,136.25
3076.5,135.75
3076.75,135.75
3077.0,137.5
3077.25,137.5
3077.5,138.25
3077.75,138.25
3078.0,138.25
3078.25,138.25
3078.5,138.25
3078.75,138.25
3079.0,138.25
3079.25,137.0
3079.5,136.25
3079.75,136.25
3080.0,137.5
3080.25,137.5
3080.5,138.25
3080.75,138.25
3081.0,137.5
3081.25,137.0
3081.5,137.0
3081.75,138.25
3082.0,138.25
3082.25,138.25
3082.5,138.25
3082.75,139.0
3083.0,139.0
3083.25,139.0
3083.5,139.5
3083.75,139.5
3084.0,139.5
3084.25,139.5
3084.5,139.5
3084.75,139.0
3085.0,139.0
3085.25,139.5
3085.5,139.5
3085.75,137.5
3086.0,137.0
3086.25,137.0
3086.5,137.5
3086.75,137.5
3087.0,136.25
3087.25,136.25
3087.5,136.25
3087.75,136.25
3088.0,136.25
3088.25,135.25
3088.5,135.25
3088.75,137.0
3089.0,137.0
3089.25,138.25
3089.5,137.5
3089.75,137.5
3090.0,139.0
3090.25,139.0
3090.5,137.0
3090.75,137.0
3091.0,138.25
3091.25,136.25
3091.5,136.25
3091.75,135.25
3092.0,135.25
3092.25,132.75
3092.5,132.75
3092.75,132.75
3093.0,132.75
3093.25,132.75
3093.5,133.25
3093.75,133.25
3094.0,133.25
3094.25,133.25
3094.5,135.75
3094.75,135.75
3095.0,135.25
3095.25,135.25
3095.5,136.25
3095.75,137.0
3096.0,137.0
3096.25,138.25
3096.5,138.25
3096.75,139.5
3097.0,140.25
3097.25,140.25
3097.5,140.25
3097.75,140.25
3098.0,140.75
3098.25,140.75
3098.5,141.5
3098.75,142.25
3099.0,142.25
3099.25,141.5
3099.5,141.5
3099.75,142.75
3100.0,142.75
3100.25,142.75
3100.5,141.5
3100.75,141.5
3101.0,142.75
3101.25,142.25
3101.5,142.25
3101.75,142.25
3102.0,142.25
3102.25,142.25
3102.5,143.5
3102.75,143.5
3103.0,142.75
3103.25,142.75
3103.5,144.25
3103.75,144.25
3104.0,144.25
3104.25,145.0
3104.5,145.0
3104.75,145.75
3105.0,145.75
3105.25,145.75
3105.5,145.75
3105.75,145.75
3106.0,145.75
3106.25,143.5
3106.5,143.5
3106.75,143.5
3107.0,143.5
3107.25,144.25
3107.5,140.25
3107.75,140.25
3108.0,140.25
3108.25,140.25
3108.5,140.75
3108.75,142.75
3109.0,142.75
3109.25,142.25
3109.5,142.25
3109.75,142.75
3110.0,142.75
3110.25,143.5
3110.5,143.5
3110.75,143.5
3111.0,145.0
3111.25,145.0
3111.5,145.0
3111.75,146.25
3112.0,146.25
3112.25,145.75
3112.5,147.0
3112.75,147.0
3113.0,146.25
3113.25,146.25
3113.5,147.0
3113.75,147.0
3114.0,147.0
3114.25,148.5
3114.5,148.5
3114.75,146.25
3115.0,146.25
3115.25,146.25
3115.5,145.0
3115.75,145.0
3116.0,144.25
3116.25,142.75
3116.5,142.75
3116.75,140.75
3117.0,140.75
3117.25,134.0
3117.5,134.0
3117.75,129.75
3118.0,126.0
3118.25,126.0
3118.5,127.0
3118.75,127.0
3119.0,127.75
3119.25,127.75
3119.5,128.75
3119.75,128.75
3120.0,132.25
3120.25,132.25
3120.5,134.0
3120.75,134.0
3121.0,134.0
3121.25,136.25
3121.5,136.25
3121.75,137.5
3122.0,137.5
3122.25,139.0
3122.5,140.25
3122.75,140.25
3123.0,140.75
3123.25,140.75
3123.5,140.75
3123.75,140.75
3124.0,142.25
3124.25,142.75
3124.5,142.75
3124.75,142.75
3125.0,142.75
3125.25,143.5
3125.5,144.25
3125.75,144.25
3126.0,145.75
3126.25,145.75
3126.5,146.25
3126.75,144.25
3127.0,144.25
3127.25,144.25
3127.5,144.25
3127.75,144.25
3128.0,144.25
3128.25,144.25
3128.5,144.25
3128.75,145.75
3129.0,145.75
3129.25,145.75
3129.5,145.75
3129.75,147.0
3130.0,148.5
3130.25,148.5
3130.5,150.0
3130.75,150.0
3131.0,148.5
3131.25,150.0
3131.5,150.0
3131.75,148.5
3132.0,150.0
3132.25,150.0
3132.5,148.5
3132.75,148.5
3133.0,149.25
3133.25,149.25
3133.5,149.25
3133.75,149.25
3134.0,149.25
3134.25,149.25
3134.5,148.5
3134.75,148.5
3135.0,149.25
3135.25,148.5
3135.5,148.5
3135.75,150.0
3136.0,150.0
3136.25,148.5
3136.5,147.75
3136.75,147.75
3137.0,147.75
3137.25,147.75
3137.5,147.75
3137.75,147.75
3138.0,147.75
3138.25,149.25
3138.5,148.5
3138.75,148.5
3139.0,150.0
3139.25,150.0
3139.5,150.0
3139.75,150.75
3140.0,150.75
3140.25,151.5
3140.5,151.5
3140.75,151.5
3141.0,152.25
3141.25,152.25
3141.5,152.25
3141.75,153.0
3142.0,153.75
3142.25,153.75
3142.5,153.75
3142.75,153.75
3143.0,153.75
3143.25,154.75
3143.5,154.75
3143.75,154.75
3144.0,155.5
3144.25,155.5
3144.5,155.5
3144.75,156.25
3145.0,156.25
3145.25,156.25
3145.5,157.0
3145.75,157.0
3146.0,157.0
3146.25,157.0
3146.5,157.0
3146.75,158.0
3147.0,157.0
3147.25,157.0
3147.5,158.75
3147.75,158.75
3148.0,158.75
3148.25,158.75
3148.5,158.75
3148.75,158.75
3149.0,158.0
3149.25,158.0
3149.5,158.75
3149.75,158.75
3150.0,158.75
3150.25,158.0
3150.5,158.0
3150.75,158.0
3151.0,158.0
3151.25,158.75
3151.5,158.75
3151.75,159.5
3152.0,159.5
3152.25,159.5
3152.5,159.5
3152.75,159.5
3153.0,159.5
3153.25,160.5
3153.5,159.5
3153.75,159.5
3154.0,158.75
3154.25,158.75
3154.5,158.75
3154.75,158.75
3155.0,158.0
3155.25,158.0
3155.5,158.0
3155.75,157.0
3156.0,157.0
3156.25,157.0
3156.5,156.25
3156.75,156.25
3157.0,156.25
3157.25,156.25
3157.5,156.25
3157.75,156.25
3158.0,155.5
3158.25,155.5
3158.5,156.25
3158.75,156.25
3159.0,154.75
3159.25,154.75
3159.5,154.75
3159.75,153.75
3160.0,154.75
3160.25,154.75
3160.5,154.75
3160.75,154.75
3161.0,154.75
3161.25,154.75
3161.5,155.5
3161.75,155.5
3162.0,154.75
3162.25,154.75
3162.5,155.5
3162.75,156.25
3163.0,156.25
3163.25,156.25
3163.5,157.0
3163.75,157.0
3164.0,157.0
3164.25,157.0
3164.5,157.0
3164.75,157.0
3165.0,156.25
3165.25,156.25
3165.5,157.0
3165.75,157.0
3166.0,157.0
3166.25,158.0
3166.5,158.0
3166.75,158.0
3167.0,158.75
3167.25,158.75
3167.5,158.75
3167.75,159.5
3168.0,160.5
3168.25,160.5
3168.5,160.5
3168.75,160.5
3169.0,160.5
3169.25,161.25
3169.5,161.25
3169.75,161.25
3170.0,162.25
3170.25,161.25
3170.5,161.25
3170.75,162.25
3171.0,163.0
3171.25,163.0
3171.5,162.25
3171.75,164.0
3172.0,164.0
3172.25,163.0
3172.5,164.0
3172.75,164.0
3173.0,164.0
3173.25,164.0
3173.5,164.0
3173.75,164.0
3174.0,164.0
3174.25,163.0
3174.5,163.0
3174.75,163.0
3175.0,164.0
3175.25,164.0
3175.5,164.0
3175.75,163.0
3176.0,163.0
3176.25,163.0
3176.5,163.0
3176.75,163.0
3177.0,163.0
3177.25,164.75
3177.5,164.75
3177.75,164.0
3178.0,164.0
3178.25,164.0
3178.5,164.75
3178.75,164.0
3179.0,164.0
3179.25,164.0
3179.5,164.0
3179.75,164.0
3180.0,164.0
3180.25,164.75
3180.5,164.75
3180.75,164.75
3181.0,164.75
3181.25,165.75
3181.5,165.75
3181.75,165.75
3182.0,166.75
3182.25,166.75
3182.5,164.75
3182.75,165.75
3183.0,165.75
3183.25,164.75
3183.5,164.75
3183.75,164.0
3184.0,164.0
3184.25,164.0
3184.5,164.0
3184.75,164.0
3185.0,163.0
3185.25,164.0
3185.5,164.0
3185.75,163.0
3186.0,164.0
3186.25,164.0
3186.5,160.5
3186.75,159.5
3187.0,159.5
3187.25,154.75
3187.5,151.5
3187.75,151.5
3188.0,142.25
3188.25,142.25
3188.5,128.75
3188.75,128.75
3189.0,132.25
3189.25,132.25
3189.5,136.25
3189.75,139.5
3190.0,139.5
3190.25,142.75
3190.5,142.75
3190.75,147.75
3191.0,153.0
3191.25,153.0
3191.5,154.75
3191.75,154.75
3192.0,154.75
3192.25,154.75
3192.5,153.75
3192.75,153.75
3193.0,150.0
3193.25,150.0
3193.5,136.25
3193.75,136.25
3194.0,106.75
3194.25,106.75
3194.5,112.0
3194.75,112.0
3195.0,0.0
3195.25,0.0
3195.5,0.0
3195.75,0.0
3196.0,0.0
3196.25,0.0
3196.5,0.0
3196.75,86.0
3197.0,86.0
3197.25,86.0
3197.5,85.5
3197.75,85.5
3198.0,85.5
3198.25,87.0
3198.5,87.0
3198.75,87.0
3199.0,91.25
3199.25,91.25
3199.5,87.25
3199.75,87.25
3200.0,87.25
3200.25,89.75
3200.5,89.75
3200.75,89.75
3201.0,88.75
3201.25,88.75
3201.5,89.75
3201.75,89.75
3202.0,89.75
3202.25,88.5
3202.5,88.5
3202.75,88.5
3203.0,91.25
3203.25,91.25
3203.5,93.25
3203.75,93.25
3204.0,93.25
3204.25,94.25
3204.5,94.25
3204.75,94.25
3205.0,95.5
3205.25,95.5
3205.5,95.0
3205.75,95.0
3206.0,96.5
3206.25,96.5
3206.5,96.5
3206.75,97.75
3207.0,97.75
3207.25,98.75
3207.5,98.75
3207.75,98.75
3208.0,103.0
3208.25,103.0
3208.5,104.5
3208.75,104.5
3209.0,104.5
3209.25,104.5
3209.5,103.0
3209.75,103.0
3210.0,103.0
3210.25,103.0
3210.5,103.0
3210.75,103.0
3211.0,103.0
3211.25,103.0
3211.5,99.25
3211.75,99.25
3212.0,101.0
3212.25,101.0
3212.5,103.75
3212.75,103.75
3213.0,103.75
3213.25,105.0
3213.5,105.0
3213.75,107.5
3214.0,107.5
3214.25,111.5
3214.5,111.5
3214.75,119.5
3215.0,119.5
3215.25,121.0
3215.5,121.0
3215.75,123.0
3216.0,123.0
3216.25,123.0
3216.5,123.0
3216.75,124.0
3217.0,124.0
3217.25,125.0
3217.5,125.0
3217.75,124.5
3218.0,126.5
3218.25,126.5
3218.5,125.5
3218.75,125.5
3219.0,128.75
3219.25,128.75
3219.5,131.0
3219.75,131.0
3220.0,129.25
3220.25,129.25
3220.5,130.5
3220.75,130.5
3221.0,127.75
3221.25,127.75
3221.5,129.25
3221.75,132.25
3222.0,132.25
3222.25,135.75
3222.5,135.75
3222.75,131.5
3223.0,131.5
3223.25,129.75
3223.5,129.75
3223.75,120.5
3224.0,120.5
3224.25,120.0
3224.5,120.0
3224.75,120.5
3225.0,120.5
3225.25,123.5
3225.5,123.5
3225.75,127.75
3226.0,132.75
3226.25,132.75
3226.5,135.75
3226.75,135.75
3227.0,137.5
3227.25,137.5
3227.5,136.25
3227.75,133.25
3228.0,133.25
3228.25,132.75
3228.5,132.75
3228.75,134.5
3229.0,134.5
3229.25,139.0
3229.5,139.0
3229.75,139.0
3230.0,140.75
3230.25,140.75
3230.5,140.75
3230.75,140.75
3231.0,141.5
3231.25,140.25
3231.5,140.25
3231.75,142.25
3232.0,142.25
3232.25,144.25
3232.5,144.25
3232.75,144.25
3233.0,144.25
3233.25,144.25
3233.5,145.0
3233.75,145.0
3234.0,145.0
3234.25,143.5
3234.5,143.5
3234.75,142.75
3235.0,144.25
3235.25,144.25
3235.5,143.5
3235.75,143.5
3236.0,142.75
3236.25,146.25
3236.5,146.25
3236.75,142.75
3237.0,142.75
3237.25,145.75
3237.5,140.75
3237.75,140.75
3238.0,137.0
3238.25,137.0
3238.5,137.5
3238.75,137.5
3239.0,136.25
3239.25,137.5
3239.5,137.5
3239.75,136.25
3240.0,136.25
3240.25,139.5
3240.5,139.5
3240.75,141.5
3241.0,140.75
3241.25,140.75
3241.5,142.25
3241.75,142.25
3242.0,141.5
3242.25,140.25
3242.5,140.25
3242.75,142.25
3243.0,142.25
3243.25,143.5
3243.5,142.25
3243.75,142.25
3244.0,144.25
3244.25,144.25
3244.5,146.25
3244.75,146.25
3245.0,146.25
3245.25,147.75
3245.5,147.75
3245.75,147.75
3246.0,149.25
3246.25,149.25
3246.5,149.25
3246.75,148.5
3247.0,148.5
3247.25,149.25
3247.5,149.25
3247.75,148.5
3248.0,150.0
3248.25,150.0
3248.5,151.5
3248.75,152.25
3249.0,152.25
3249.25,152.25
3249.5,152.25
3249.75,153.0
3250.0,153.0
3250.25,153.0
3250.5,153.75
3250.75,153.75
3251.0,153.75
3251.25,153.75
3251.5,153.75
3251.75,153.75
3252.0,153.75
3252.25,154.75
3252.5,154.75
3252.75,154.75
3253.0,154.75
3253.25,154.75
3253.5,155.5
3253.75,155.5
3254.0,156.25
3254.25,156.25
3254.5,156.25
3254.75,156.25
3255.0,156.25
3255.25,156.25
3255.5,157.0
3255.75,156.25
3256.0,156.25
3256.25,157.0
3256.5,158.0
3256.75,158.0
3257.0,158.0
3257.25,157.0
3257.5,157.0
3257.75,158.0
3258.0,158.0
3258.25,158.0
3258.5,157.0
3258.75,157.0
3259.0,158.0
3259.25,158.0
3259.5,158.0
3259.75,158.0
3260.0,158.75
3260.25,158.75
3260.5,158.75
3260.75,158.75
3261.0,158.75
3261.25,158.75
3261.5,158.75
3261.75,158.75
3262.0,158.0
3262.25,158.0
3262.5,158.0
3262.75,157.0
3263.0,157.0
3263.25,157.0
3263.5,156.25
3263.75,157.0
3264.0,157.0
3264.25,157.0
3264.5,157.0
3264.75,157.0
3265.0,157.0
3265.25,158.0
3265.5,158.0
3265.75,157.0
3266.0,158.0
3266.25,158.0
3266.5,158.75
3266.75,159.5
3267.0,159.5
3267.25,159.5
3267.5,159.5
3267.75,159.5
3268.0,161.25
3268.25,160.5
3268.5,160.5
3268.75,160.5
3269.0,162.25
3269.25,160.5
3269.5,162.25
3269.75,162.25
3270.0,162.25
3270.25,161.25
3270.5,162.25
3270.75,162.25
3271.0,161.25
3271.25,162.25
3271.5,162.25
3271.75,161.25
3272.0,162.25
3272.25,162.25
3272.5,161.25
3272.75,161.25
3273.0,161.25
3273.25,161.25
3273.5,162.25
3273.75,162.25
3274.0,162.25
3274.25,161.25
3274.5,161.25
3274.75,162.25
3275.0,162.25
3275.25,162.25
3275.5,160.5
3275.75,159.5
3276.0,159.5
3276.25,158.0
3276.5,158.75
3276.75,158.75
3277.0,158.75
3277.25,158.75
3277.5,158.75
3277.75,158.0
3278.0,158.0
3278.25,158.0
3278.5,158.75
3278.75,154.75
3279.0,154.75
3279.25,151.5
3279.5,151.5
3279.75,145.0
3280.0,139.0
3280.25,139.0
3280.5,136.25
3280.75,136.25
3281.0,134.5
3281.25,134.5
3281.5,135.25
3281.75,135.25
3282.0,135.25
3282.25,135.25
3282.5,135.25
3282.75,135.25
3283.0,135.25
3283.25,136.25
3283.5,137.0
3283.75,137.0
3284.0,137.0
3284.25,137.0
3284.5,135.75
3284.75,135.75
3285.0,135.25
3285.25,135.25
3285.5,132.25
3285.75,129.25
3286.0,129.25
3286.25,126.5
3286.5,126.5
3286.75,111.0
3287.0,111.0
3287.25,111.0
3287.5,107.5
3287.75,107.5
3288.0,93.25
3288.25,93.25
3288.5,93.25
3288.75,95.25
3289.0,95.25
3289.25,94.25
3289.5,94.25
3289.75,94.25
3290.0,89.75
3290.25,89.75
3290.5,89.75
3290.75,90.0
3291.0,90.0
3291.25,91.5
3291.5,91.5
3291.75,91.5
3292.0,97.5
3292.25,97.5
3292.5,104.5
3292.75,104.5
3293.0,104.5
3293.25,97.5
3293.5,97.5
3293.75,84.5
3294.0,84.5
3294.25,84.5
3294.5,81.25
3294.75,81.25
3295.0,81.25
3295.25,84.5
3295.5,84.5
3295.75,84.5
3296.0,89.0
3296.25,89.0
3296.5,94.0
3296.75,94.0
3297.0,94.0
3297.25,99.25
3297.5,99.25
3297.75,99.75
3298.0,99.75
3298.25,99.75
3298.5,97.5
3298.75,97.5
3299.0,100.75
3299.25,100.75
3299.5,111.0
3299.75,111.0
3300.0,115.5
3300.25,115.5
3300.5,119.5
3300.75,119.5
3301.0,123.0
3301.25,123.0
3301.5,124.5
3301.75,124.5
3302.0,127.0
3302.25,127.0
3302.5,128.25
3302.75,128.25
3303.0,130.5
3303.25,130.5
3303.5,132.25
3303.75,135.25
3304.0,135.25
3304.25,135.25
3304.5,135.25
3304.75,135.25
3305.0,138.25
3305.25,140.75
3305.5,142.75
3305.75,142.75
3306.0,143.5
3306.25,143.5
3306.5,145.0
3306.75,145.75
3307.0,145.75
3307.25,144.25
3307.5,144.25
3307.75,147.0
3308.0,146.25
3308.25,146.25
3308.5,147.0
3308.75,148.5
3309.0,148.5
3309.25,147.75
3309.5,147.75
3309.75,147.0
3310.0,147.0
3310.25,147.0
3310.5,147.0
3310.75,147.0
3311.0,145.75
3311.25,147.0
3311.5,147.0
3311.75,145.75
3312.0,145.75
3312.25,147.0
3312.5,146.25
3312.75,146.25
3313.0,145.0
3313.25,144.25
3313.5,144.25
3313.75,145.0
3314.0,145.0
3314.25,143.5
3314.5,145.75
3314.75,145.75
3315.0,146.25
3315.25,146.25
3315.5,144.25
3315.75,145.75
3316.0,145.75
3316.25,145.75
3316.5,145.75
3316.75,147.0
3317.0,147.0
3317.25,147.0
3317.5,148.5
3317.75,148.5
3318.0,150.0
3318.25,150.0
3318.5,150.0
3318.75,149.25
3319.0,151.5
3319.25,151.5
3319.5,150.0
3319.75,150.0
3320.0,151.5
3320.25,151.5
3320.5,151.5
3320.75,151.5
3321.0,150.0
3321.25,150.0
3321.5,151.5
3321.75,152.25
3322.0,152.25
3322.25,152.25
3322.5,152.25
3322.75,151.5
3323.0,152.25
3323.25,152.25
3323.5,153.0
3323.75,152.25
3324.0,152.25
3324.25,153.0
3324.5,151.5
3324.75,151.5
3325.0,151.5
3325.25,151.5
3325.5,152.25
3325.75,153.75
3326.0,153.75
3326.25,153.0
3326.5,153.75
3326.75,153.75
3327.0,153.75
3327.25,154.75
3327.5,154.75
3327.75,154.75
3328.0,154.75
3328.25,155.5
3328.5,154.75
3328.75,154.75
3329.0,155.5
3329.25,154.75
3329.5,154.75
3329.75,155.5
3330.0,151.5
3330.25,151.5
3330.5,156.25
3330.75,152.25
3331.0,152.25
3331.25,153.75
3331.5,153.75
3331.75,153.75
3332.0,152.25
3332.25,152.25
3332.5,150.75
3332.75,150.75
3333.0,150.75
3333.25,150.75
3333.5,150.75
3333.75,149.25
3334.0,150.75
3334.25,150.75
3334.5,149.25
3334.75,149.25
3335.0,149.25
3335.25,150.0
3335.5,151.5
3335.75,151.5
3336.0,151.5
3336.25,151.5
3336.5,152.25
3336.75,153.75
3337.0,153.75
3337.25,153.75
3337.5,153.75
3337.75,153.75
3338.0,154.75
3338.25,153.75
3338.5,153.75
3338.75,155.5
3339.0,155.5
3339.25,154.75
3339.5,154.75
3339.75,154.75
3340.0,153.75
3340.25,154.75
3340.5,154.75
3340.75,154.75
3341.0,154.75
3341.25,154.75
3341.5,156.25
3341.75,156.25
3342.0,156.25
3342.25,155.5
3342.5,157.0
3342.75,157.0
3343.0,155.5
3343.25,155.5
3343.5,156.25
3343.75,155.5
3344.0,155.5
3344.25,155.5
3344.5,156.25
3344.75,156.25
3345.0,155.5
3345.25,157.0
3345.5,157.0
3345.75,156.25
3346.0,156.25
3346.25,156.25
3346.5,156.25
3346.75,154.75
3347.0,154.75
3347.25,150.0
3347.5,150.0
3347.75,146.25
3348.0,139.5
3348.25,139.5
3348.5,141.5
3348.75,141.5
3349.0,145.0
3349.25,147.0
3349.5,147.0
3349.75,147.75
3350.0,147.75
3350.25,148.5
3350.5,147.0
3350.75,147.0
3351.0,147.75
3351.25,147.75
3351.5,147.75
3351.75,145.75
3352.0,145.75
3352.25,141.5
3352.5,141.5
3352.75,135.75
3353.0,132.25
3353.25,132.25
3353.5,128.25
3353.75,128.25
3354.0,123.0
3354.25,123.0
3354.5,119.0
3354.75,119.0
3355.0,121.5
3355.25,121.5
3355.5,123.0
3355.75,123.0
3356.0,126.0
3356.25,126.0
3356.5,124.0
3356.75,124.0
3357.0,124.0
3357.25,124.0
3357.5,124.5
3357.75,124.5
3358.0,128.25
3358.25,128.25
3358.5,131.0
3358.75,131.0
3359.0,131.0
3359.25,131.0
3359.5,131.0
3359.75,131.0
3360.0,131.0
3360.25,135.75
3360.5,135.75
3360.75,134.5
3361.0,128.75
3361.25,128.75
3361.5,124.0
3361.75,124.0
3362.0,117.75
3362.25,117.75
3362.5,117.75
3362.75,99.25
3363.0,99.25
3363.25,93.25
3363.5,93.25
3363.75,93.25
3364.0,98.75
3364.25,98.75
3364.5,98.75
3364.75,98.75
3365.0,98.75
3365.25,102.0
3365.5,102.0
3365.75,106.0
3366.0,106.0
3366.25,109.0
3366.5,109.0
3366.75,115.75
3367.0,115.75
3367.25,124.5
3367.5,124.5
3367.75,124.5
3368.0,128.75
3368.25,131.5
3368.5,131.5
3368.75,123.0
3369.0,123.0
3369.25,111.5
3369.5,111.5
3369.75,101.75
3370.0,101.75
3370.25,101.75
3370.5,90.25
3370.75,90.25
3371.0,90.25
3371.25,85.0
3371.5,85.0
3371.75,85.0
3372.0,88.75
3372.25,88.75
3372.5,95.25
3372.75,95.25
3373.0,100.0
3373.25,100.0
3373.5,100.0
3373.75,100.0
3374.0,101.75
3374.25,105.75
3374.5,105.75
3374.75,105.75
3375.0,117.25
3375.25,122.5
3375.5,122.5
3375.75,126.5
3376.0,126.5
3376.25,131.5
3376.5,137.0
3376.75,137.0
3377.0,137.0
3377.25,137.0
3377.5,139.0
3377.75,139.0
3378.0,137.5
3378.25,139.5
3378.5,139.5
3378.75,139.5
3379.0,139.0
3379.25,140.75
3379.5,140.75
3379.75,142.25
3380.0,144.25
3380.25,144.25
3380.5,143.5
3380.75,143.5
3381.0,144.25
3381.25,143.5
3381.5,143.5
3381.75,142.25
3382.0,142.25
3382.25,142.75
3382.5,140.25
3382.75,140.25
3383.0,139.0
3383.25,139.0
3383.5,137.5
3383.75,137.5
3384.0,139.0
3384.25,139.5
3384.5,139.5
3384.75,140.75
3385.0,140.75
3385.25,140.75
3385.5,142.75
3385.75,142.75
3386.0,143.5
3386.25,143.5
3386.5,143.5
3386.75,143.5
3387.0,143.5
3387.25,144.25
3387.5,144.25
3387.75,145.75
3388.0,145.0
3388.25,145.0
3388.5,147.0
3388.75,147.0
3389.0,145.0
3389.25,145.75
3389.5,145.75
3389.75,145.75
3390.0,145.75
3390.25,143.5
3390.5,143.5
3390.75,143.5
3391.0,144.25
3391.25,144.25
3391.5,144.25
3391.75,144.25
3392.0,144.25
3392.25,145.0
3392.5,145.0
3392.75,142.75
3393.0,143.5
3393.25,143.5
3393.5,143.5
3393.75,143.5
3394.0,144.25
3394.25,143.5
3394.5,143.5
3394.75,145.0
3395.0,145.0
3395.25,144.25
3395.5,145.75
3395.75,145.75
3396.0,146.25
3396.25,147.0
3396.5,147.0
3396.75,148.5
3397.0,148.5
3397.25,149.25
3397.5,150.0
3397.75,150.0
3398.0,149.25
3398.25,149.25
3398.5,149.25
3398.75,150.0
3399.0,150.0
3399.25,150.75
3399.5,150.75
3399.75,150.75
3400.0,150.75
3400.25,150.0
3400.5,150.0
3400.75,151.5
3401.0,151.5
3401.25,150.75
3401.5,150.75
3401.75,150.75
3402.0,152.25
3402.25,151.5
3402.5,151.5
3402.75,152.25
3403.0,152.25
3403.25,150.75
3403.5,152.25
3403.75,152.25
3404.0,152.25
3404.25,152.25
3404.5,152.25
3404.75,151.5
3405.0,150.75
3405.25,150.75
3405.5,151.5
3405.75,151.5
3406.0,151.5
3406.25,150.75
3406.5,150.75
3406.75,151.5
3407.0,151.5
3407.25,151.5
3407.5,152.25
3407.75,152.25
3408.0,153.0
3408.25,153.0
3408.5,153.0
3408.75,153.75
3409.0,155.5
3409.25,155.5
3409.5,154.75
3409.75,155.5
3410.0,155.5
3410.25,156.25
3410.5,156.25
3410.75,156.25
3411.0,155.5
3411.25,156.25
3411.5,156.25
3411.75,156.25
3412.0,156.25
3412.25,156.25
3412.5,157.0
3412.75,157.0
3413.0,156.25
3413.25,157.0
3413.5,157.0
3413.75,158.0
3414.0,157.0
3414.25,157.0
3414.5,156.25
3414.75,156.25
3415.0,156.25
3415.25,157.0
3415.5,158.0
3415.75,158.0
3416.0,158.0
3416.25,158.0
3416.5,158.0
3416.75,158.0
3417.0,157.0
3417.25,157.0
3417.5,157.0
3417.75,155.5
3418.0,155.5
3418.25,153.75
3418.5,153.75
3418.75,153.75
3419.0,153.75
3419.25,153.75
3419.5,153.0
3419.75,153.0
3420.0,153.0
3420.25,151.5
3420.5,151.5
3420.75,151.5
3421.0,152.25
3421.25,152.25
3421.5,153.0
3421.75,153.75
3422.0,153.75
3422.25,153.0
3422.5,151.5
3422.75,151.5
3423.0,151.5
3423.25,150.75
3423.5,150.75
3423.75,152.25
3424.0,152.25
3424.25,151.5
3424.5,152.25
3424.75,152.25
3425.0,150.75
3425.25,150.0
3425.5,150.0
3425.75,148.5
3426.0,148.5
3426.25,149.25
3426.5,149.25
3426.75,149.25
3427.0,150.75
3427.25,150.75
3427.5,150.75
3427.75,152.25
3428.0,152.25
3428.25,153.0
3428.5,153.75
3428.75,153.75
3429.0,154.75
3429.25,155.5
3429.5,155.5
3429.75,150.75
3430.0,148.5
3430.25,148.5
3430.5,148.5
3430.75,148.5
3431.0,150.0
3431.25,148.5
3431.5,148.5
3431.75,147.75
3432.0,147.75
3432.25,140.75
3432.5,129.75
3432.75,129.75
3433.0,128.75
3433.25,128.75
3433.5,124.5
3433.75,124.5
3434.0,122.0
3434.25,122.0
3434.5,121.5
3434.75,121.5
3435.0,119.5
3435.25,119.5
3435.5,120.5
3435.75,120.5
3436.0,122.0
3436.25,122.0
3436.5,124.0
3436.75,124.0
3437.0,120.5
3437.25,120.5
3437.5,115.5
3437.75,115.5
3438.0,108.75
3438.25,108.75
3438.5,108.75
3438.75,93.25
3439.0,93.25
3439.25,93.25
3439.5,92.25
3439.75,92.25
3440.0,93.25
3440.25,93.25
3440.5,93.25
3440.75,93.25
3441.0,93.25
3441.25,95.75
3441.5,95.75
3441.75,107.25
3442.0,107.25
3442.25,107.25
3442.5,115.75
3442.75,121.0
3443.0,121.0
3443.25,124.5
3443.5,124.5
3443.75,131.5
3444.0,131.5
3444.25,137.0
3444.5,137.0
3444.75,140.25
3445.0,140.75
3445.25,140.75
3445.5,142.75
3445.75,142.75
3446.0,140.75
3446.25,140.75
3446.5,140.75
3446.75,141.5
3447.0,141.5
3447.25,140.75
3447.5,140.75
3447.75,141.5
3448.0,142.25
3448.25,142.25
3448.5,140.25
3448.75,140.25
3449.0,140.75
3449.25,140.25
3449.5,140.25
3449.75,142.25
3450.0,142.25
3450.25,144.25
3450.5,145.75
3450.75,145.75
3451.0,147.0
3451.25,147.0
3451.5,147.75
3451.75,147.0
3452.0,147.0
3452.25,148.5
3452.5,148.5
3452.75,150.0
3453.0,150.75
3453.25,150.75
3453.5,151.5
3453.75,152.25
3454.0,152.25
3454.25,152.25
3454.5,153.75
3454.75,153.75
3455.0,153.75
3455.25,153.75
3455.5,154.75
3455.75,153.75
3456.0,153.75
3456.25,154.75
3456.5,153.75
3456.75,153.75
3457.0,153.75
3457.25,153.0
3457.5,153.0
3457.75,153.75
3458.0,153.0
3458.25,153.0
3458.5,151.5
3458.75,151.5
3459.0,151.5
3459.25,150.75
3459.5,150.75
3459.75,150.0
3460.0,149.25
3460.25,149.25
3460.5,149.25
3460.75,149.25
3461.0,149.25
3461.25,150.0
3461.5,150.0
3461.75,149.25
3462.0,149.25
3462.25,149.25
3462.5,150.0
3462.75,150.0
3463.0,149.25
3463.25,149.25
3463.5,149.25
3463.75,148.5
3464.0,148.5
3464.25,148.5
3464.5,150.0
3464.75,150.0
3465.0,150.75
3465.25,151.5
3465.5,151.5
3465.75,151.5
3466.0,152.25
3466.25,152.25
3466.5,151.5
3466.75,151.5
3467.0,152.25
3467.25,153.0
3467.5,153.0
3467.75,152.25
3468.0,153.75
3468.25,153.75
3468.5,153.75
3468.75,153.75
3469.0,153.75
3469.25,154.75
3469.5,154.75
3469.75,154.75
3470.0,155.5
3470.25,155.5
3470.5,155.5
3470.75,156.25
3471.0,156.25
3471.25,156.25
3471.5,156.25
3471.75,156.25
3472.0,157.0
3472.25,158.0
3472.5,158.0
3472.75,156.25
3473.0,156.25
3473.25,156.25
3473.5,157.0
3473.75,157.0
3474.0,157.0
3474.25,157.0
3474.5,156.25
3474.75,156.25
3475.0,156.25
3475.25,156.25
3475.5,157.0
3475.75,157.0
3476.0,157.0
3476.25,158.0
3476.5,157.0
3476.75,157.0
3477.0,158.75
3477.25,157.0
3477.5,157.0
3477.75,157.0
3478.0,158.0
3478.25,158.0
3478.5,157.0
3478.75,157.0
3479.0,157.0
3479.25,157.0
3479.5,156.25
3479.75,156.25
3480.0,158.0
3480.25,158.0
3480.5,158.0
3480.75,157.0
3481.0,158.0
3481.25,158.0
3481.5,158.0
3481.75,158.0
3482.0,158.0
3482.25,158.0
3482.5,158.0
3482.75,158.0
3483.0,157.0
3483.25,157.0
3483.5,157.0
3483.75,158.0
3484.0,158.0
3484.25,157.0
3484.5,157.0
3484.75,157.0
3485.0,158.0
3485.25,157.0
3485.5,157.0
3485.75,158.0
3486.0,157.0
3486.25,157.0
3486.5,157.0
3486.75,154.75
3487.0,154.75
3487.25,155.5
3487.5,156.25
3487.75,156.25
3488.0,154.75
3488.25,155.5
3488.5,155.5
3488.75,156.25
3489.0,156.25
3489.25,156.25
3489.5,156.25
3489.75,156.25
3490.0,154.75
3490.25,154.75
3490.5,154.75
3490.75,155.5
3491.0,155.5
3491.25,155.5
3491.5,155.5
3491.75,155.5
3492.0,155.5
3492.25,154.75
3492.5,154.75
3492.75,154.75
3493.0,155.5
3493.25,155.5
3493.5,155.5
3493.75,155.5
3494.0,155.5
3494.25,155.5
3494.5,156.25
3494.75,156.25
3495.0,154.75
3495.25,153.0
3495.5,153.0
3495.75,150.0
3496.0,149.25
3496.25,149.25
3496.5,142.75
3496.75,142.75
3497.0,136.25
3497.25,136.25
3497.5,132.25
3497.75,132.25
3498.0,132.75
3498.25,133.25
3498.5,133.25
3498.75,134.0
3499.0,134.0
3499.25,137.0
3499.5,137.0
3499.75,140.25
3500.0,139.5
3500.25,139.5
3500.5,137.5
3500.75,137.5
3501.0,127.0
3501.25,127.0
3501.5,124.0
3501.75,124.0
3502.0,114.0
3502.25,114.0
3502.5,114.0
3502.75,114.0
3503.0,115.5
3503.25,115.5
3503.5,115.75
3503.75,115.75
3504.0,117.25
3504.25,117.25
3504.5,115.5
3504.75,115.5
3505.0,115.5
3505.25,105.75
3505.5,105.75
3505.75,95.75
3506.0,95.75
3506.25,95.75
3506.5,95.25
3506.75,95.25
3507.0,95.0
3507.25,95.0
3507.5,95.0
3507.75,90.25
3508.0,90.25
3508.25,90.25
3508.5,89.5
3508.75,89.5
3509.0,93.0
3509.25,93.0
3509.5,93.0
3509.75,96.75
3510.0,96.75
3510.25,102.0
3510.5,102.0
3510.75,107.5
3511.0,107.5
3511.25,104.25
3511.5,104.25
3511.75,104.25
3512.0,100.75
3512.25,100.75
3512.5,100.75
3512.75,90.75
3513.0,90.75
3513.25,95.75
3513.5,95.75
3513.75,97.5
3514.0,97.5
3514.25,97.5
3514.5,99.0
3514.75,99.0
3515.0,101.25
3515.25,101.25
3515.5,101.25
3515.75,101.25
3516.0,101.25
3516.25,112.0
3516.5,112.0
3516.75,121.5
3517.0,121.5
3517.25,127.0
3517.5,131.5
3517.75,131.5
3518.0,134.0
3518.25,134.0
3518.5,135.25
3518.75,135.25
3519.0,134.0
3519.25,134.0
3519.5,134.0
3519.75,134.0
3520.0,128.25
3520.25,134.0
3520.5,134.0
3520.75,136.25
3521.0,136.25
3521.25,137.5
3521.5,137.5
3521.75,139.0
3522.0,140.25
3522.25,140.25
3522.5,143.5
3522.75,143.5
3523.0,144.25
3523.25,146.25
3523.5,146.25
3523.75,147.0
3524.0,147.75
3524.25,147.75
3524.5,148.5
3524.75,148.5
3525.0,149.25
3525.25,149.25
3525.5,149.25
3525.75,149.25
3526.0,149.25
3526.25,150.75
3526.5,149.25
3526.75,149.25
3527.0,150.0
3527.25,150.75
3527.5,150.75
3527.75,151.5
3528.0,151.5
3528.25,151.5
3528.5,150.75
3528.75,150.75
3529.0,151.5
3529.25,150.0
3529.5,150.0
3529.75,151.5
3530.0,148.5
3530.25,148.5
3530.5,150.75
3530.75,150.75
3531.0,150.0
3531.25,150.75
3531.5,150.75
3531.75,150.75
3532.0,152.25
3532.25,152.25
3532.5,152.25
3532.75,152.25
3533.0,152.25
3533.25,150.75
3533.5,150.75
3533.75,150.0
3534.0,149.25
3534.25,149.25
3534.5,148.5
3534.75,148.5
3535.0,146.25
3535.25,145.75
3535.5,145.75
3535.75,144.25
3536.0,144.25
3536.25,145.0
3536.5,145.0
3536.75,145.0
3537.0,146.25
3537.25,146.25
3537.5,147.0
3537.75,148.5
3538.0,148.5
3538.25,148.5
3538.5,146.25
3538.75,146.25
3539.0,147.75
3539.25,147.75
3539.5,148.5
3539.75,146.25
3540.0,146.25
3540.25,145.0
3540.5,145.0
3540.75,146.25
3541.0,145.75
3541.25,145.75
3541.5,147.0
3541.75,147.0
3542.0,147.0
3542.25,143.5
3542.5,143.5
3542.75,142.75
3543.0,143.5
3543.25,143.5
3543.5,144.25
3543.75,144.25
3544.0,145.75
3544.25,145.75
3544.5,145.75
3544.75,146.25
3545.0,146.25
3545.25,145.75
3545.5,147.75
3545.75,147.75
3546.0,147.0
3546.25,147.0
3546.5,148.5
3546.75,148.5
3547.0,148.5
3547.25,149.25
3547.5,147.0
3547.75,147.0
3548.0,148.5
3548.25,148.5
3548.5,147.75
3548.75,148.5
3549.0,148.5
3549.25,147.75
3549.5,147.75
3549.75,150.0
3550.0,149.25
3550.25,149.25
3550.5,150.0
3550.75,151.5
3551.0,151.5
3551.25,150.75
3551.5,150.75
3551.75,152.25
3552.0,151.5
3552.25,151.5
3552.5,151.5
3552.75,152.25
3553.0,152.25
3553.25,150.75
3553.5,149.25
3553.75,149.25
3554.0,150.0
3554.25,150.0
3554.5,150.75
3554.75,150.0
3555.0,150.0
3555.25,150.0
3555.5,151.5
3555.75,151.5
3556.0,150.75
3556.25,150.75
3556.5,151.5
3556.75,151.5
3557.0,151.5
3557.25,152.25
3557.5,153.0
3557.75,153.0
3558.0,153.0
3558.25,152.25
3558.5,152.25
3558.75,153.0
3559.0,153.0
3559.25,153.0
3559.5,153.75
3559.75,153.75
3560.0,154.75
3560.25,152.25
3560.5,152.25
3560.75,153.0
3561.0,152.25
3561.25,152.25
3561.5,151.5
3561.75,151.5
3562.0,150.75
3562.25,151.5
3562.5,151.5
3562.75,149.25
3563.0,150.75
3563.25,150.75
3563.5,150.75
3563.75,150.75
3564.0,151.5
3564.25,151.5
3564.5,151.5
3564.75,150.75
3565.0,150.75
3565.25,150.75
3565.5,152.25
3565.75,153.0
3566.0,153.0
3566.25,151.5
3566.5,151.5
3566.75,153.0
3567.0,153.0
3567.25,153.0
3567.5,153.0
3567.75,152.25
3568.0,152.25
3568.25,153.0
3568.5,153.0
3568.75,153.0
3569.0,152.25
3569.25,152.25
3569.5,151.5
3569.75,153.0
3570.0,153.0
3570.25,153.0
3570.5,153.0
3570.75,153.0
3571.0,153.75
3571.25,153.0
3571.5,153.0
3571.75,153.0
3572.0,153.0
3572.25,153.0
3572.5,153.0
3572.75,153.0
3573.0,153.75
3573.25,153.75
3573.5,153.75
3573.75,153.75
3574.0,153.0
3574.25,153.0
3574.5,153.75
3574.75,153.75
3575.0,153.0
3575.25,153.75
3575.5,153.75
3575.75,153.0
3576.0,153.0
3576.25,153.0
3576.5,153.75
3576.75,153.0
3577.0,153.0
3577.25,153.75
3577.5,153.75
3577.75,153.0
3578.0,153.75
3578.25,153.75
3578.5,153.75
3578.75,154.75
3579.0,154.75
3579.25,154.75
3579.5,155.5
3579.75,155.5
3580.0,154.75
3580.25,154.75
3580.5,154.75
3580.75,153.75
3581.0,153.75
3581.25,153.0
3581.5,153.75
3581.75,153.75
3582.0,153.75
3582.25,152.25
3582.5,152.25
3582.75,153.75
3583.0,153.0
3583.25,153.0
3583.5,154.75
3583.75,153.75
3584.0,153.75
3584.25,153.75
3584.5,153.75
3584.75,153.75
3585.0,153.75
3585.25,153.75
3585.5,153.0
3585.75,150.0
3586.0,150.0
3586.25,145.0
3586.5,145.0
3586.75,145.75
3587.0,145.75
3587.25,145.75
3587.5,147.75
3587.75,147.75
3588.0,146.25
3588.25,146.25
3588.5,146.25
3588.75,144.25
3589.0,144.25
3589.25,137.5
3589.5,132.75
3589.75,132.75
3590.0,127.75
3590.25,127.75
3590.5,129.25
3590.75,129.25
3591.0,131.0
3591.25,131.0
3591.5,132.25
3591.75,132.25
3592.0,134.0
3592.25,134.0
3592.5,134.0
3592.75,129.75
3593.0,129.75
3593.25,132.25
3593.5,132.25
3593.75,135.75
3594.0,135.75
3594.25,138.25
3594.5,140.75
3594.75,140.75
3595.0,142.75
3595.25,142.75
3595.5,140.25
3595.75,134.0
3596.0,134.0
3596.25,131.0
3596.5,131.0
3596.75,129.75
3597.0,129.75
3597.25,129.75
3597.5,129.75
3597.75,125.0
3598.0,125.0
3598.25,123.0
3598.5,123.0
3598.75,123.5
3599.0,123.5
3599.25,122.0
3599.5,122.0
3599.75,126.0
3600.0,130.5
3600.25,130.5
3600.5,134.0
3600.75,134.0
3601.0,134.0
3601.25,134.0
3601.5,127.0
3601.75,127.0
3602.0,123.5
3602.25,123.5
3602.5,121.0
3602.75,121.0
3603.0,114.0
3603.25,114.0
3603.5,109.5
3603.75,109.5
3604.0,109.0
3604.25,109.0
3604.5,109.0
3604.75,110.0
3605.0,110.0
3605.25,110.25
3605.5,110.25
3605.75,109.5
3606.0,109.5
3606.25,110.0
3606.5,110.0
3606.75,112.25
3607.0,112.25
3607.25,110.25
3607.5,110.25
3607.75,110.25
3608.0,105.25
3608.25,105.25
3608.5,103.0
3608.75,103.0
3609.0,102.0
3609.25,102.0
3609.5,102.0
3609.75,99.75
3610.0,99.75
3610.25,101.0
3610.5,101.0
3610.75,101.0
3611.0,101.0
3611.25,101.0
3611.5,103.0
3611.75,103.0
3612.0,102.5
3612.25,102.5
3612.5,104.5
3612.75,104.5
3613.0,104.5
3613.25,104.25
3613.5,104.25
3613.75,103.5
3614.0,103.5
3614.25,103.5
3614.5,103.5
3614.75,103.5
3615.0,101.0
3615.25,101.0
3615.5,98.25
3615.75,98.25
3616.0,98.25
3616.25,98.75
3616.5,98.75
3616.75,99.75
3617.0,99.75
3617.25,102.0
3617.5,102.0
3617.75,102.0
3618.0,103.75
3618.25,103.75
3618.5,105.75
3618.75,105.75
3619.0,106.5
3619.25,106.5
3619.5,106.5
3619.75,105.75
3620.0,105.75
3620.25,106.0
3620.5,106.0
3620.75,102.0
3621.0,102.0
3621.25,104.5
3621.5,104.5
3621.75,104.5
3622.0,107.5
3622.25,107.5
3622.5,108.75
3622.75,108.75
3623.0,113.25
3623.25,113.25
3623.5,121.0
3623.75,121.0
3624.0,124.0
3624.25,124.0
3624.5,128.25
3624.75,128.25
3625.0,132.25
3625.25,134.5
3625.5,134.5
3625.75,135.25
3626.0,135.25
3626.25,135.25
3626.5,135.25
3626.75,132.25
3627.0,132.25
3627.25,126.0
3627.5,126.0
3627.75,126.0
3628.0,128.75
3628.25,128.75
3628.5,129.75
3628.75,129.75
3629.0,131.5
3629.25,131.5
3629.5,134.5
3629.75,134.5
3630.0,135.75
3630.25,135.25
3630.5,135.25
3630.75,135.25
3631.0,135.25
3631.25,135.75
3631.5,135.75
3631.75,134.5
3632.0,134.5
3632.25,135.25
3632.5,135.75
3632.75,135.75
3633.0,135.75
3633.25,135.75
3633.5,135.75
3633.75,135.75
3634.0,136.25
3634.25,137.0
3634.5,137.0
3634.75,135.25
3635.0,135.25
3635.25,132.75
3635.5,132.75
3635.75,134.0
3636.0,134.0
3636.25,134.5
3636.5,132.25
3636.75,132.25
3637.0,128.75
3637.25,128.75
3637.5,131.0
3637.75,131.0
3638.0,128.75
3638.25,128.75
3638.5,123.5
3638.75,123.5
3639.0,118.5
3639.25,118.5
3639.5,125.5
3639.75,125.5
3640.0,124.5
3640.25,124.5
3640.5,129.25
3640.75,129.75
3641.0,129.75
3641.25,132.25
3641.5,132.25
3641.75,131.5
3642.0,131.5
3642.25,134.5
3642.5,134.5
3642.75,132.25
3643.0,134.0
3643.25,134.0
3643.5,137.5
3643.75,137.5
3644.0,138.25
3644.25,138.25
3644.5,141.5
3644.75,141.5
3645.0,141.5
3645.25,141.5
3645.5,141.5
3645.75,141.5
3646.0,142.25
3646.25,142.25
3646.5,143.5
3646.75,143.5
3647.0,143.5
3647.25,145.0
3647.5,145.0
3647.75,145.0
3648.0,145.0
3648.25,145.75
3648.5,146.25
3648.75,146.25
3649.0,146.25
3649.25,146.25
3649.5,148.5
3649.75,147.75
3650.0,147.75
3650.25,147.75
3650.5,149.25
3650.75,149.25
3651.0,149.25
3651.25,149.25
3651.5,150.0
3651.75,150.75
3652.0,150.75
3652.25,150.0
3652.5,150.0
3652.75,150.0
3653.0,150.0
3653.25,150.0
3653.5,150.0
3653.75,150.0
3654.0,150.0
3654.25,149.25
3654.5,150.0
3654.75,150.0
3655.0,149.25
3655.25,149.25
3655.5,149.25
3655.75,149.25
3656.0,149.25
3656.25,148.5
3656.5,148.5
3656.75,149.25
3657.0,147.75
3657.25,147.75
3657.5,146.25
3657.75,146.25
3658.0,146.25
3658.25,147.0
3658.5,147.0
3658.75,147.0
3659.0,145.75
3659.25,145.75
3659.5,145.0
3659.75,145.0
3660.0,142.75
3660.25,142.25
3660.5,142.25
3660.75,133.25
3661.0,133.25
3661.25,118.5
3661.5,118.5
3661.75,115.75
3662.0,115.75
3662.25,119.0
3662.5,119.0
3662.75,116.25
3663.0,116.25
3663.25,113.75
3663.5,113.75
3663.75,113.75
3664.0,113.75
3664.25,113.75
3664.5,112.75
3664.75,112.75
3665.0,112.0
3665.25,112.0
3665.5,110.75
3665.75,110.75
3666.0,107.25
3666.25,107.25
3666.5,108.25
3666.75,108.25
3667.0,108.25
3667.25,106.75
3667.5,106.75
3667.75,102.75
3668.0,102.75
3668.25,99.75
3668.5,99.75
3668.75,99.75
3669.0,98.25
3669.25,98.25
3669.5,95.5
3669.75,95.5
3670.0,95.5
3670.25,98.25
3670.5,98.25
3670.75,101.0
3671.0,101.0
3671.25,101.0
3671.5,100.25
3671.75,100.25
3672.0,97.0
3672.25,97.0
3672.5,97.0
3672.75,96.5
3673.0,96.5
3673.25,92.0
3673.5,92.0
3673.75,92.0
3674.0,86.75
3674.25,86.75
3674.5,86.75
3674.75,83.0
3675.0,83.0
3675.25,93.5
3675.5,93.5
3675.75,93.5
3676.0,95.0
3676.25,95.0
3676.5,96.5
3676.75,96.5
3677.0,96.5
3677.25,87.5
3677.5,87.5
3677.75,87.5
3678.0,98.75
3678.25,98.75
3678.5,105.25
3678.75,105.25
3679.0,113.25
3679.25,113.25
3679.5,119.0
3679.75,119.0
3680.0,127.75
3680.25,127.75
3680.5,129.75
3680.75,129.75
3681.0,132.25
3681.25,131.5
3681.5,131.5
3681.75,132.25
3682.0,132.25
3682.25,132.75
3682.5,132.75
3682.75,131.0
3683.0,131.0
3683.25,133.25
3683.5,135.75
3683.75,135.75
3684.0,135.75
3684.25,135.75
3684.5,136.25
3684.75,136.25
3685.0,136.25
3685.25,136.25
3685.5,136.25
3685.75,135.25
3686.0,135.25
3686.25,135.75
3686.5,135.75
3686.75,137.5
3687.0,137.5
3687.25,137.5
3687.5,137.5
3687.75,137.5
3688.0,138.25
3688.25,138.25
3688.5,140.25
3688.75,140.75
3689.0,140.75
3689.25,140.25
3689.5,140.25
3689.75,136.25
3690.0,136.25
3690.25,137.5
3690.5,137.5
3690.75,137.5
3691.0,136.25
3691.25,136.25
3691.5,138.25
3691.75,138.25
3692.0,138.25
3692.25,138.25
3692.5,138.25
3692.75,139.5
3693.0,139.5
3693.25,140.25
3693.5,139.5
3693.75,139.5
3694.0,140.75
3694.25,140.75
3694.5,140.25
3694.75,140.25
3695.0,140.25
3695.25,139.5
3695.5,139.5
3695.75,139.5
3696.0,139.5
3696.25,139.5
3696.5,140.75
3696.75,140.75
3697.0,142.75
3697.25,142.75
3697.5,143.5
3697.75,143.5
3698.0,140.75
3698.25,140.25
3698.5,140.25
3698.75,141.5
3699.0,141.5
3699.25,142.25
3699.5,144.25
3699.75,144.25
3700.0,142.75
3700.25,142.75
3700.5,142.75
3700.75,142.25
3701.0,142.25
3701.25,141.5
3701.5,141.5
3701.75,140.25
3702.0,141.5
3702.25,141.5
3702.5,142.75
3702.75,142.75
3703.0,142.75
3703.25,142.25
3703.5,142.25
3703.75,142.75
3704.0,142.75
3704.25,142.25
3704.5,142.25
3704.75,142.75
3705.0,142.75
3705.25,142.75
3705.5,141.5
3705.75,141.5
3706.0,141.5
3706.25,140.75
3706.5,140.75
3706.75,140.25
3707.0,140.25
3707.25,140.75
3707.5,142.25
3707.75,142.25
3708.0,142.25
3708.25,142.25
3708.5,142.25
3708.75,142.25
3709.0,142.25
3709.25,143.5
3709.5,143.5
3709.75,142.75
3710.0,143.5
3710.25,143.5
3710.5,142.25
3710.75,142.25
3711.0,142.75
3711.25,142.75
3711.5,142.25
3711.75,142.75
3712.0,142.75
3712.25,141.5
3712.5,141.5
3712.75,143.5
3713.0,142.25
3713.25,142.25
3713.5,144.25
3713.75,144.25
3714.0,143.5
3714.25,144.25
3714.5,144.25
3714.75,143.5
3715.0,143.5
3715.25,144.25
3715.5,145.0
3715.75,145.0
3716.0,145.75
3716.25,145.75
3716.5,147.0
3716.75,148.5
3717.0,148.5
3717.25,148.5
3717.5,150.0
3717.75,150.0
3718.0,150.0
3718.25,150.0
3718.5,150.0
3718.75,150.0
3719.0,150.0
3719.25,151.5
3719.5,151.5
3719.75,151.5
3720.0,151.5
3720.25,151.5
3720.5,151.5
3720.75,151.5
3721.0,151.5
3721.25,150.75
3721.5,147.75
3721.75,147.75
3722.0,139.5
3722.25,139.5
3722.5,132.75
3722.75,132.75
3723.0,124.5
3723.25,124.5
3723.5,121.0
3723.75,121.0
3724.0,119.5
3724.25,119.5
3724.5,113.75
3724.75,113.75
3725.0,115.75
3725.25,115.75
3725.5,118.0
3725.75,118.0
3726.0,121.0
3726.25,121.0
3726.5,123.5
3726.75,123.5
3727.0,124.0
3727.25,124.0
3727.5,115.5
3727.75,115.5
3728.0,108.25
3728.25,108.25
3728.5,101.75
3728.75,101.75
3729.0,101.75
3729.25,82.5
3729.5,82.5
3729.75,82.5
3730.0,84.75
3730.25,84.75
3730.5,84.75
3730.75,83.0
3731.0,83.0
3731.25,83.0
3731.5,80.75
3731.75,80.75
3732.0,80.75
3732.25,86.0
3732.5,86.0
3732.75,93.75
3733.0,93.75
3733.25,93.75
3733.5,98.25
3733.75,98.25
3734.0,99.0
3734.25,99.0
3734.5,99.0
3734.75,95.5
3735.0,95.5
3735.25,97.5
3735.5,97.5
3735.75,97.5
3736.0,95.75
3736.25,95.75
3736.5,92.5
3736.75,92.5
3737.0,92.5
3737.25,91.75
3737.5,91.75
3737.75,91.75
3738.0,92.0
3738.25,92.0
3738.5,93.0
3738.75,93.0
3739.0,93.0
3739.25,92.25
3739.5,92.25
3739.75,92.25
3740.0,70.5
3740.25,70.5
3740.5,70.5
3740.75,79.0
3741.0,79.0
3741.25,79.0
3741.5,97.5
3741.75,97.5
3742.0,100.25
3742.25,100.25
3742.5,100.75
3742.75,100.75
3743.0,100.75
3743.25,98.0
3743.5,98.0
3743.75,105.25
3744.0,105.25
3744.25,115.0
3744.5,115.0
3744.75,116.75
3745.0,116.75
3745.25,119.0
3745.5,119.0
3745.75,115.0
3746.0,115.0
3746.25,115.0
3746.5,110.0
3746.75,110.0
3747.0,107.5
3747.25,107.5
3747.5,104.5
3747.75,104.5
3748.0,104.5
3748.25,101.25
3748.5,101.25
3748.75,106.0
3749.0,106.0
3749.25,109.5
3749.5,109.5
3749.75,106.0
3750.0,106.0
3750.25,106.0
3750.5,105.25
3750.75,105.25
3751.0,108.0
3751.25,108.0
3751.5,108.25
3751.75,108.25
3752.0,110.0
3752.25,110.0
3752.5,112.0
3752.75,112.0
3753.0,112.0
3753.25,112.0
3753.5,112.0
3753.75,112.0
3754.0,112.0
3754.25,111.5
3754.5,111.5
3754.75,113.75
3755.0,113.75
3755.25,114.5
3755.5,114.5
3755.75,116.75
3756.0,116.75
3756.25,119.5
3756.5,119.5
3756.75,121.5
3757.0,121.5
3757.25,122.0
3757.5,122.0
3757.75,122.5
3758.0,122.5
3758.25,123.5
3758.5,123.5
3758.75,124.5
3759.0,124.5
3759.25,126.5
3759.5,126.5
3759.75,127.75
3760.0,126.0
3760.25,126.0
3760.5,126.5
3760.75,126.5
3761.0,126.0
3761.25,126.0
3761.5,126.0
3761.75,126.0
3762.0,125.5
3762.25,125.5
3762.5,124.0
3762.75,124.0
3763.0,114.5
3763.25,114.5
3763.5,112.75
3763.75,112.75
3764.0,114.0
3764.25,114.0
3764.5,119.0
3764.75,119.0
3765.0,124.5
3765.25,124.5
3765.5,126.0
3765.75,126.0
3766.0,125.5
3766.25,125.5
3766.5,127.0
3766.75,127.0
3767.0,127.75
3767.25,127.75
3767.5,129.75
3767.75,129.75
3768.0,130.5
3768.25,131.5
3768.5,131.5
3768.75,132.75
3769.0,132.75
3769.25,131.0
3769.5,131.0
3769.75,135.25
3770.0,135.25
3770.25,137.0
3770.5,137.0
3770.75,137.0
3771.0,139.0
3771.25,139.0
3771.5,138.25
3771.75,139.0
3772.0,139.0
3772.25,135.25
3772.5,135.25
3772.75,136.25
3773.0,136.25
3773.25,134.5
3773.5,134.5
3773.75,134.5
3774.0,134.5
3774.25,134.5
3774.5,138.25
3774.75,138.25
3775.0,140.75
3775.25,140.75
3775.5,142.75
3775.75,144.25
3776.0,144.25
3776.25,145.0
3776.5,146.25
3776.75,146.25
3777.0,147.0
3777.25,147.0
3777.5,147.75
3777.75,148.5
3778.0,148.5
3778.25,147.0
3778.5,147.0
3778.75,143.5
3779.0,142.75
3779.25,142.75
3779.5,140.75
3779.75,140.75
3780.0,138.25
3780.25,139.0
3780.5,139.0
3780.75,139.5
3781.0,139.5
3781.25,135.25
3781.5,135.25
3781.75,132.25
3782.0,132.25
3782.25,131.0
3782.5,132.25
3782.75,132.25
3783.0,135.25
3783.25,135.25
3783.5,133.25
3783.75,133.25
3784.0,137.0
3784.25,137.0
3784.5,135.25
3784.75,133.25
3785.0,133.25
3785.25,133.25
3785.5,133.25
3785.75,130.5
3786.0,130.5
3786.25,129.25
3786.5,129.25
3786.75,124.5
3787.0,124.5
3787.25,113.25
3787.5,113.25
3787.75,108.25
3788.0,108.25
3788.25,105.75
3788.5,105.75
3788.75,105.75
3789.0,104.25
3789.25,104.25
3789.5,104.25
3789.75,104.25
3790.0,97.75
3790.25,97.75
3790.5,97.75
3790.75,95.0
3791.0,95.0
3791.25,95.0
3791.5,86.5
3791.75,86.5
3792.0,86.5
3792.25,77.0
3792.5,77.0
3792.75,77.0
3793.0,79.25
3793.25,79.25
3793.5,79.25
3793.75,87.5
3794.0,87.5
3794.25,92.0
3794.5,92.0
3794.75,92.0
3795.0,94.0
3795.25,94.0
3795.5,96.25
3795.75,96.25
3796.0,96.25
3796.25,95.0
3796.5,95.0
3796.75,91.75
3797.0,91.75
3797.25,91.75
3797.5,94.75
3797.75,94.75
3798.0,94.75
3798.25,90.25
3798.5,90.25
3798.75,88.75
3799.0,88.75
3799.25,88.75
3799.5,94.0
3799.75,94.0
3800.0,93.5
3800.25,93.5
3800.5,93.5
3800.75,96.25
3801.0,96.25
3801.25,96.25
3801.5,88.25
3801.75,88.25
3802.0,88.25
3802.25,88.25
3802.5,88.25
3802.75,86.0
3803.0,86.0
3803.25,86.0
3803.5,93.5
3803.75,93.5
3804.0,96.75
3804.25,96.75
3804.5,96.75
3804.75,98.0
3805.0,98.0
3805.25,99.75
3805.5,99.75
3805.75,99.75
3806.0,94.0
3806.25,94.0
3806.5,98.75
3806.75,98.75
3807.0,98.75
3807.25,97.5
3807.5,97.5
3807.75,95.5
3808.0,95.5
3808.25,95.5
3808.5,70.5
3808.75,70.5
3809.0,70.5
3809.25,70.5
3809.5,75.25
3809.75,75.25
3810.0,90.0
3810.25,90.0
3810.5,90.0
3810.75,95.25
3811.0,95.25
3811.25,95.5
3811.5,95.5
3811.75,95.5
3812.0,91.5
3812.25,91.5
3812.5,95.25
3812.75,95.25
3813.0,95.25
3813.25,95.5
3813.5,95.5
3813.75,95.5
3814.0,86.25
3814.25,86.25
3814.5,97.5
3814.75,97.5
3815.0,97.5
3815.25,95.5
3815.5,95.5
3815.75,97.75
3816.0,97.75
3816.25,97.75
3816.5,99.75
3816.75,99.75
3817.0,101.25
3817.25,101.25
3817.5,103.0
3817.75,103.0
3818.0,103.0
3818.25,103.0
3818.5,103.0
3818.75,102.75
3819.0,102.75
3819.25,102.75
3819.5,102.75
3819.75,102.75
3820.0,102.0
3820.25,102.0
3820.5,104.25
3820.75,104.25
3821.0,101.75
3821.25,101.75
3821.5,101.75
3821.75,102.5
3822.0,102.5
3822.25,102.75
3822.5,102.75
3822.75,96.75
3823.0,96.75
3823.25,96.75
3823.5,93.5
3823.75,93.5
3824.0,93.5
3824.25,93.75
3824.5,93.75
3824.75,95.0
3825.0,95.0
3825.25,95.0
3825.5,93.25
3825.75,93.25
3826.0,95.25
3826.25,95.25
3826.5,95.25
3826.75,96.75
3827.0,96.75
3827.25,98.0
3827.5,98.0
3827.75,98.0
3828.0,98.75
3828.25,98.75
3828.5,100.75
3828.75,100.75
3829.0,101.75
3829.25,101.75
3829.5,101.75
3829.75,104.5
3830.0,104.5
3830.25,105.0
3830.5,105.0
3830.75,112.75
3831.0,112.75
3831.25,114.5
3831.5,114.5
3831.75,117.75
3832.0,117.75
3832.25,121.5
3832.5,121.5
3832.75,119.0
3833.0,119.0
3833.25,120.5
3833.5,120.5
3833.75,121.0
3834.0,121.0
3834.25,121.0
3834.5,121.0
3834.75,122.0
3835.0,122.0
3835.25,125.0
3835.5,125.0
3835.75,126.5
3836.0,126.5
3836.25,125.0
3836.5,125.0
3836.75,125.5
3837.0,125.5
3837.25,124.5
3837.5,124.5
3837.75,126.5
3838.0,127.75
3838.25,127.75
3838.5,129.25
3838.75,129.25
3839.0,124.5
3839.25,124.5
3839.5,127.75
3839.75,127.75
3840.0,129.25
3840.25,129.25
3840.5,131.5
3840.75,131.5
3841.0,128.25
3841.25,128.25
3841.5,128.25
3841.75,128.25
3842.0,118.5
3842.25,118.5
3842.5,115.5
3842.75,115.5
3843.0,110.75
3843.25,110.75
3843.5,113.75
3843.75,113.75
3844.0,112.25
3844.25,112.25
3844.5,114.0
3844.75,114.0
3845.0,117.25
3845.25,117.25
3845.5,118.5
3845.75,118.5
3846.0,122.5
3846.25,122.5
3846.5,124.5
3846.75,124.5
3847.0,127.0
3847.25,127.0
3847.5,129.25
3847.75,129.25
3848.0,124.5
3848.25,124.5
3848.5,119.5
3848.75,119.5
3849.0,115.5
3849.25,115.5
3849.5,118.0
3849.75,118.0
3850.0,116.75
3850.25,116.75
3850.5,119.5
3850.75,119.5
3851.0,116.75
3851.25,116.75
3851.5,117.25
3851.75,117.25
3852.0,120.5
3852.25,120.5
3852.5,117.25
3852.75,117.25
3853.0,118.0
3853.25,118.0
3853.5,118.5
3853.75,118.5
3854.0,116.75
3854.25,116.75
3854.5,115.0
3854.75,115.0
3855.0,115.0
3855.25,115.0
3855.5,115.0
3855.75,109.0
3856.0,109.0
3856.25,99.75
3856.5,99.75
3856.75,100.25
3857.0,100.25
3857.25,100.25
3857.5,95.0
3857.75,95.0
3858.0,95.0
3858.25,86.5
3858.5,86.5
3858.75,86.5
3859.0,71.25
3859.25,71.25
3859.5,71.25
3859.75,71.25
3860.0,66.25
3860.25,66.25
3860.5,66.25
3860.75,66.25
3861.0,63.0
3861.25,63.0
3861.5,63.0
3861.75,76.0
3862.0,76.0
3862.25,76.0
3862.5,85.0
3862.75,85.0
3863.0,92.0
3863.25,92.0
3863.5,92.0
3863.75,94.0
3864.0,94.0
3864.25,94.75
3864.5,94.75
3864.75,94.75
3865.0,90.75
3865.25,90.75
3865.5,94.25
3865.75,94.25
3866.0,94.25
3866.25,87.25
3866.5,87.25
3866.75,87.25
3867.0,95.0
3867.25,95.0
3867.5,95.0
3867.75,95.0
3868.0,95.0
3868.25,95.25
3868.5,95.25
3868.75,94.0
3869.0,94.0
3869.25,94.0
3869.5,88.75
3869.75,88.75
3870.0,88.75
3870.25,84.25
3870.5,84.25
3870.75,84.25
3871.0,65.75
3871.25,65.75
3871.5,65.75
3871.75,65.75
3872.0,70.0
3872.25,70.0
3872.5,70.0
3872.75,70.5
3873.0,70.5
3873.25,70.5
3873.5,78.0
3873.75,78.0
3874.0,78.0
3874.25,82.0
3874.5,82.0
3874.75,82.0
3875.0,81.0
3875.25,81.0
3875.5,81.0
3875.75,88.25
3876.0,88.25
3876.25,88.25
3876.5,87.5
3876.75,87.5
3877.0,96.75
3877.25,96.75
3877.5,96.75
3877.75,96.25
3878.0,96.25
3878.25,99.0
3878.5,99.0
3878.75,99.0
3879.0,77.5
3879.25,77.5
3879.5,77.5
3879.75,85.5
3880.0,85.5
3880.25,85.5
3880.5,90.0
3880.75,90.0
3881.0,94.0
3881.25,94.0
3881.5,94.0
3881.75,95.25
3882.0,95.25
3882.25,96.25
3882.5,96.25
3882.75,96.25
3883.0,103.0
3883.25,103.0
3883.5,103.5
3883.75,103.5
3884.0,101.0
3884.25,101.0
3884.5,101.0
3884.75,93.25
3885.0,93.25
3885.25,93.25
3885.5,79.25
3885.75,79.25
3886.0,79.25
3886.25,70.5
3886.5,70.5
3886.75,70.5
3887.0,70.5
3887.25,70.0
3887.5,70.0
3887.75,70.0
3888.0,76.5
3888.25,76.5
3888.5,76.5
3888.75,73.5
3889.0,73.5
3889.25,73.5
3889.5,85.0
3889.75,85.0
3890.0,85.0
3890.25,81.75
3890.5,81.75
3890.75,81.75
3891.0,85.0
3891.25,85.0
3891.5,89.25
3891.75,89.25
3892.0,89.25
3892.25,89.25
3892.5,72.75
3892.75,72.75
3893.0,87.0
3893.25,87.0
3893.5,87.0
3893.75,81.5
3894.0,81.5
3894.25,81.5
3894.5,96.25
3894.75,96.25
3895.0,96.25
3895.25,75.25
3895.5,75.25
3895.75,75.25
3896.0,88.0
3896.25,88.0
3896.5,92.25
3896.75,92.25
3897.0,92.25
3897.25,93.25
3897.5,93.25
3897.75,93.25
3898.0,85.0
3898.25,85.0
3898.5,109.5
3898.75,109.5
3899.0,116.75
3899.25,116.75
3899.5,114.0
3899.75,114.0
3900.0,111.5
3900.25,111.5
3900.5,115.0
3900.75,115.0
3901.0,115.5
3901.25,115.5
3901.5,115.5
3901.75,111.5
3902.0,111.5
3902.25,112.25
3902.5,112.25
3902.75,115.75
3903.0,115.75
3903.25,119.0
3903.5,119.0
3903.75,119.5
3904.0,119.5
3904.25,121.5
3904.5,121.5
3904.75,124.5
3905.0,124.5
3905.25,124.5
3905.5,124.5
3905.75,123.0
3906.0,123.0
3906.25,124.0
3906.5,124.0
3906.75,123.0
3907.0,126.5
3907.25,126.5
3907.5,125.5
3907.75,125.5
3908.0,126.5
3908.25,126.5
3908.5,128.75
3908.75,128.75
3909.0,128.25
3909.25,128.25
3909.5,129.25
3909.75,129.25
3910.0,129.25
3910.25,129.25
3910.5,131.0
3910.75,124.5
3911.0,124.5
3911.25,123.5
3911.5,123.5
3911.75,122.5
3912.0,122.5
3912.25,125.5
3912.5,125.5
3912.75,124.0
3913.0,124.0
3913.25,123.5
3913.5,123.5
3913.75,124.0
3914.0,124.0
3914.25,116.25
3914.5,116.25
3914.75,116.25
3915.0,98.0
3915.25,98.0
3915.5,97.75
3915.75,97.75
3916.0,97.75
3916.25,89.75
3916.5,89.75
3916.75,89.75
3917.0,78.75
3917.25,78.75
3917.5,78.75
3917.75,75.0
3918.0,75.0
3918.25,75.0
3918.5,70.25
3918.75,70.25
3919.0,70.25
3919.25,70.25
3919.5,59.0
3919.75,59.0
3920.0,59.0
3920.25,59.0
3920.5,64.0
3920.75,64.0
3921.0,64.0
3921.25,82.5
3921.5,82.5
3921.75,82.5
3922.0,86.0
3922.25,86.0
3922.5,86.0
3922.75,84.5
3923.0,84.5
3923.25,84.5
3923.5,84.5
3923.75,58.5
3924.0,58.5
3924.25,58.5
3924.5,69.75
3924.75,69.75
3925.0,69.75
3925.25,84.0
3925.5,84.0
3925.75,84.0
3926.0,87.75
3926.25,87.75
3926.5,87.75
3926.75,86.25
3927.0,86.25
3927.25,88.5
3927.5,88.5
3927.75,88.5
3928.0,83.25
3928.25,83.25
3928.5,83.25
3928.75,86.75
3929.0,86.75
3929.25,98.0
3929.5,98.0
3929.75,98.0
3930.0,80.5
3930.25,80.5
3930.5,80.5
3930.75,87.75
3931.0,87.75
3931.25,87.75
3931.5,88.5
3931.75,88.5
3932.0,88.5
3932.25,84.25
3932.5,84.25
3932.75,84.25
3933.0,85.25
3933.25,85.25
3933.5,86.75
3933.75,86.75
3934.0,86.75
3934.25,86.0
3934.5,86.0
3934.75,86.0
3935.0,80.0
3935.25,80.0
3935.5,80.0
3935.75,80.0
3936.0,66.25
3936.25,66.25
3936.5,66.25
3936.75,66.0
3937.0,66.0
3937.25,66.0
3937.5,66.0
3937.75,66.0
3938.0,66.0
3938.25,66.0
3938.5,66.0
3938.75,67.25
3939.0,67.25
3939.25,67.25
3939.5,69.5
3939.75,69.5
3940.0,69.5
3940.25,73.25
3940.5,73.25
3940.75,73.25
3941.0,73.25
3941.25,74.5
3941.5,74.5
3941.75,85.25
3942.0,85.25
3942.25,85.25
3942.5,88.75
3942.75,88.75
3943.0,88.75
3943.25,71.5
3943.5,71.5
3943.75,71.5
3944.0,71.5
3944.25,74.5
3944.5,74.5
3944.75,74.5
3945.0,78.25
3945.25,78.25
3945.5,78.25
3945.75,84.25
3946.0,84.25
3946.25,89.25
3946.5,89.25
3946.75,89.25
3947.0,85.5
3947.25,85.5
3947.5,85.5
3947.75,93.75
3948.0,93.75
3948.25,87.5
3948.5,87.5
3948.75,87.5
3949.0,91.0
3949.25,91.0
3949.5,91.0
3949.75,87.0
3950.0,87.0
3950.25,93.0
3950.5,93.0
3950.75,93.0
3951.0,93.5
3951.25,93.5
3951.5,96.5
3951.75,96.5
3952.0,120.0
3952.25,120.0
3952.5,129.25
3952.75,129.25
3953.0,137.0
3953.25,137.0
3953.5,137.5
3953.75,139.5
3954.0,139.5
3954.25,139.0
3954.5,139.0
3954.75,139.5
3955.0,139.5
3955.25,139.5
3955.5,139.5
3955.75,139.5
3956.0,139.5
3956.25,139.5
3956.5,134.5
3956.75,134.5
3957.0,132.75
3957.25,132.75
3957.5,122.5
3957.75,122.5
3958.0,100.25
3958.25,100.25
3958.5,110.25
3958.75,110.25
3959.0,108.75
3959.25,108.75
3959.5,108.75
3959.75,109.5
3960.0,109.5
3960.25,106.0
3960.5,106.0
3960.75,107.5
3961.0,107.5
3961.25,105.25
3961.5,105.25
3961.75,105.25
3962.0,102.75
3962.25,102.75
3962.5,102.0
3962.75,102.0
3963.0,101.0
3963.25,101.0
3963.5,101.0
3963.75,100.75
3964.0,100.75
3964.25,98.25
3964.5,98.25
3964.75,98.25
3965.0,95.75
3965.25,95.75
3965.5,96.25
3965.75,96.25
3966.0,96.25
3966.25,94.0
3966.5,94.0
3966.75,91.75
3967.0,91.75
3967.25,91.75
3967.5,90.0
3967.75,90.0
3968.0,90.0
3968.25,88.0
3968.5,88.0
3968.75,88.0
3969.0,87.0
3969.25,87.0
3969.5,87.0
3969.75,81.75
3970.0,81.75
3970.25,81.75
3970.5,77.25
3970.75,77.25
3971.0,77.25
3971.25,76.25
3971.5,76.25
3971.75,76.25
3972.0,76.25
3972.25,59.0
3972.5,59.0
3972.75,59.0
3973.0,59.0
3973.25,57.25
3973.5,57.25
3973.75,57.25
3974.0,57.25
3974.25,62.25
3974.5,62.25
3974.75,62.25
3975.0,62.25
3975.25,56.25
3975.5,56.25
3975.75,56.25
3976.0,56.25
3976.25,63.5
3976.5,63.5
3976.75,63.5
3977.0,63.5
3977.25,59.5
3977.5,59.5
3977.75,59.5
3978.0,59.5
3978.25,58.75
3978.5,58.75
3978.75,58.75
3979.0,58.75
3979.25,61.0
3979.5,61.0
3979.75,61.0
3980.0,61.0
3980.25,62.75
3980.5,62.75
3980.75,62.75
3981.0,62.75
3981.25,64.0
3981.5,64.0
3981.75,64.0
3982.0,66.25
3982.25,66.25
3982.5,66.25
3982.75,74.75
3983.0,74.75
3983.25,74.75
3983.5,74.75
3983.75,66.5
3984.0,66.5
3984.25,66.5
3984.5,71.5
3984.75,71.5
3985.0,71.5
3985.25,71.5
3985.5,74.25
3985.75,74.25
3986.0,74.25
3986.25,76.25
3986.5,76.25
3986.75,76.25
3987.0,77.25
3987.25,77.25
3987.5,77.25
3987.75,77.0
3988.0,77.0
3988.25,77.0
3988.5,75.5
3988.75,75.5
3989.0,75.5
3989.25,75.5
3989.5,71.5
3989.75,71.5
3990.0,71.5
3990.25,72.5
3990.5,72.5
3990.75,72.5
3991.0,73.25
3991.25,73.25
3991.5,73.25
3991.75,73.0
3992.0,73.0
3992.25,73.0
3992.5,73.0
3992.75,71.75
3993.0,71.75
3993.25,71.75
3993.5,73.75
3993.75,73.75
3994.0,73.75
3994.25,76.25
3994.5,76.25
3994.75,76.25
3995.0,75.75
3995.25,75.75
3995.5,75.75
3995.75,77.0
3996.0,77.0
3996.25,77.0
3996.5,80.0
3996.75,80.0
3997.0,80.0
3997.25,79.25
3997.5,79.25
3997.75,79.25
3998.0,86.25
3998.25,86.25
3998.5,86.25
3998.75,86.25
3999.0,86.5
3999.25,86.5
3999.5,89.75
3999.75,89.75
4000.0,90.75
4000.25,90.75
4000.5,90.75
4000.75,88.75
4001.0,88.75
4001.25,88.75
4001.5,88.5
4001.75,88.5
4002.0,89.25
4002.25,89.25
4002.5,89.25
4002.75,92.0
4003.0,92.0
4003.25,92.0
4003.5,93.5
4003.75,93.5
4004.0,90.25
4004.25,90.25
4004.5,90.25
4004.75,90.25
4005.0,82.5
4005.25,82.5
4005.5,77.0
4005.75,77.0
4006.0,77.0
4006.25,76.75
4006.5,76.75
4006.75,76.75
4007.0,76.75
4007.25,75.75
4007.5,75.75
4007.75,75.75
4008.0,76.75
4008.25,76.75
4008.5,76.75
4008.75,74.75
4009.0,74.75
4009.25,74.75
4009.5,75.75
4009.75,75.75
4010.0,75.75
4010.25,76.0
4010.5,76.0
4010.75,76.0
4011.0,80.0
4011.25,80.0
4011.5,80.0
4011.75,88.0
4012.0,88.0
4012.25,88.0
4012.5,90.25
4012.75,90.25
4013.0,89.0
4013.25,89.0
4013.5,89.0
4013.75,93.0
4014.0,93.0
4014.25,95.25
4014.5,95.25
4014.75,95.25
4015.0,95.25
4015.25,95.25
4015.5,95.25
4015.75,95.25
4016.0,95.25
4016.25,93.0
4016.5,93.0
4016.75,109.5
4017.0,109.5
4017.25,118.5
4017.5,118.5
4017.75,125.5
4018.0,125.5
4018.25,126.0
4018.5,126.0
4018.75,125.0
4019.0,125.0
4019.25,117.25
4019.5,117.25
4019.75,117.25
4020.0,95.25
4020.25,95.25
4020.5,97.5
4020.75,97.5
4021.0,97.5
4021.25,95.0
4021.5,95.0
4021.75,96.5
4022.0,96.5
4022.25,100.25
4022.5,100.25
4022.75,100.25
4023.0,99.0
4023.25,99.0
4023.5,100.0
4023.75,100.0
4024.0,100.0
4024.25,101.75
4024.5,101.75
4024.75,103.0
4025.0,103.0
4025.25,102.75
4025.5,102.75
4025.75,102.75
4026.0,103.0
4026.25,103.0
4026.5,88.5
4026.75,88.5
4027.0,88.5
4027.25,88.5
4027.5,75.75
4027.75,75.75
4028.0,75.75
4028.25,69.75
4028.5,69.75
4028.75,69.75
4029.0,70.5
4029.25,70.5
4029.5,70.5
4029.75,70.5
4030.0,74.0
4030.25,74.0
4030.5,74.0
4030.75,75.0
4031.0,75.0
4031.25,75.0
4031.5,75.0
4031.75,61.5
4032.0,61.5
4032.25,61.5
4032.5,66.5
4032.75,66.5
4033.0,66.5
4033.25,66.5
4033.5,71.25
4033.75,71.25
4034.0,71.25
4034.25,80.75
4034.5,80.75
4034.75,87.25
4035.0,87.25
4035.25,87.25
4035.5,91.25
4035.75,91.25
4036.0,91.25
4036.25,89.0
4036.5,89.0
4036.75,91.5
4037.0,91.5
4037.25,91.5
4037.5,93.0
4037.75,93.0
4038.0,93.0
4038.25,89.0
4038.5,89.0
4038.75,92.25
4039.0,92.25
4039.25,92.25
4039.5,92.0
4039.75,92.0
4040.0,90.75
4040.25,90.75
4040.5,90.75
4040.75,84.75
4041.0,84.75
4041.25,84.75
4041.5,90.75
4041.75,90.75
4042.0,90.75
4042.25,94.75
4042.5,94.75
4042.75,91.5
4043.0,91.5
4043.25,91.5
4043.5,93.75
4043.75,93.75
4044.0,94.25
4044.25,94.25
4044.5,94.25
4044.75,89.5
4045.0,89.5
4045.25,89.5
4045.5,89.5
4045.75,89.5
4046.0,87.0
4046.25,87.0
4046.5,87.0
4046.75,84.0
4047.0,84.0
4047.25,84.0
4047.5,85.0
4047.75,85.0
4048.0,103.5
4048.25,103.5
4048.5,103.5
4048.75,108.75
4049.0,108.75
4049.25,90.75
4049.5,90.75
4049.75,90.75
4050.0,95.25
4050.25,95.25
4050.5,93.0
4050.75,93.0
4051.0,93.0
4051.25,94.75
4051.5,94.75
4051.75,94.75
4052.0,94.75
4052.25,94.75
4052.5,92.0
4052.75,92.0
4053.0,92.0
4053.25,95.0
4053.5,95.0
4053.75,99.0
4054.0,99.0
4054.25,101.75
4054.5,101.75
4054.75,101.75
4055.0,101.75
4055.25,71.75
4055.5,71.75
4055.75,71.75
4056.0,70.5
4056.25,70.5
4056.5,70.5
4056.75,70.5
4057.0,68.25
4057.25,68.25
4057.5,68.25
4057.75,65.25
4058.0,65.25
4058.25,65.25
4058.5,65.25
4058.75,64.75
4059.0,64.75
4059.25,64.75
4059.5,64.75
4059.75,66.0
4060.0,66.0
4060.25,66.0
4060.5,70.5
4060.75,70.5
4061.0,70.5
4061.25,81.75
4061.5,81.75
4061.75,98.75
4062.0,98.75
4062.25,98.75
4062.5,76.5
4062.75,76.5
4063.0,76.5
4063.25,90.75
4063.5,90.75
4063.75,90.75
4064.0,96.75
4064.25,96.75
4064.5,87.75
4064.75,87.75
4065.0,87.75
4065.25,92.5
4065.5,92.5
4065.75,92.5
4066.0,92.25
4066.25,92.25
4066.5,92.0
4066.75,92.0
4067.0,92.0
4067.25,89.75
4067.5,89.75
4067.75,89.75
4068.0,87.5
4068.25,87.5
4068.5,87.5
4068.75,81.25
4069.0,81.25
4069.25,84.5
4069.5,84.5
4069.75,84.5
4070.0,77.5
4070.25,77.5
4070.5,77.5
4070.75,77.5
4071.0,78.5
4071.25,78.5
4071.5,78.5
4071.75,74.75
4072.0,74.75
4072.25,74.75
4072.5,68.0
4072.75,68.0
4073.0,68.0
4073.25,78.25
4073.5,78.25
4073.75,78.25
4074.0,78.25
4074.25,78.25
4074.5,78.25
4074.75,82.5
4075.0,82.5
4075.25,82.5
4075.5,83.75
4075.75,83.75
4076.0,83.75
4076.25,83.5
4076.5,83.5
4076.75,83.5
4077.0,82.75
4077.25,82.75
4077.5,82.75
4077.75,80.5
4078.0,80.5
4078.25,80.5
4078.5,80.75
4078.75,80.75
4079.0,80.75
4079.25,80.75
4079.5,80.75
4079.75,80.75
4080.0,80.75
4080.25,80.75
4080.5,80.75
4080.75,79.25
4081.0,79.25
4081.25,79.25
4081.5,81.75
4081.75,81.75
4082.0,81.75
4082.25,80.75
4082.5,80.75
4082.75,80.75
4083.0,83.75
4083.25,83.75
4083.5,83.75
4083.75,70.0
4084.0,70.0
4084.25,70.0
4084.5,77.5
4084.75,77.5
4085.0,77.5
4085.25,79.25
4085.5,79.25
4085.75,79.25
4086.0,79.75
4086.25,79.75
4086.5,79.75
4086.75,76.25
4087.0,76.25
4087.25,76.25
4087.5,78.0
4087.75,78.0
4088.0,78.0
4088.25,78.0
4088.5,76.25
4088.75,76.25
4089.0,76.25
4089.25,77.0
4089.5,77.0
4089.75,77.0
4090.0,77.25
4090.25,77.25
4090.5,77.25
4090.75,77.75
4091.0,77.75
4091.25,77.75
4091.5,78.75
4091.75,78.75
4092.0,78.75
4092.25,79.0
4092.5,79.0
4092.75,79.0
4093.0,78.25
4093.25,78.25
4093.5,78.25
4093.75,78.25
4094.0,78.25
4094.25,78.25
4094.5,77.5
4094.75,77.5
4095.0,77.5
4095.25,77.25
4095.5,77.25
4095.75,77.25
4096.0,76.25
4096.25,76.25
4096.5,76.25
4096.75,76.25
4097.0,77.25
4097.25,77.25
4097.5,77.25
4097.75,78.75
4098.0,78.75
4098.25,84.5
4098.5,84.5
4098.75,84.5
4099.0,81.25
4099.25,81.25
4099.5,81.25
4099.75,83.75
4100.0,83.75
4100.25,83.75
4100.5,83.75
4100.75,83.75
4101.0,83.75
4101.25,76.5
4101.5,76.5
4101.75,76.5
4102.0,84.75
4102.25,84.75
4102.5,84.75
4102.75,86.0
4103.0,86.0
4103.25,86.0
4103.5,87.5
4103.75,87.5
4104.0,89.5
4104.25,89.5
4104.5,89.5
4104.75,89.75
4105.0,89.75
4105.25,89.75
4105.5,87.25
4105.75,87.25
4106.0,87.0
4106.25,87.0
4106.5,87.0
4106.75,85.5
4107.0,85.5
4107.25,85.5
4107.5,84.25
4107.75,84.25
4108.0,84.25
4108.25,84.75
4108.5,84.75
4108.75,84.75
4109.0,86.25
4109.25,86.25
4109.5,86.25
4109.75,85.5
4110.0,85.5
4110.25,97.75
4110.5,97.75
4110.75,96.75
4111.0,96.75
4111.25,96.75
4111.5,98.25
4111.75,98.25
4112.0,98.25
4112.25,92.0
4112.5,92.0
4112.75,92.0
4113.0,76.25
4113.25,76.25
4113.5,76.25
4113.75,80.75
4114.0,80.75
4114.25,84.25
4114.5,84.25
4114.75,84.25
4115.0,93.0
4115.25,93.0
4115.5,93.0
4115.75,95.75
4116.0,95.75
4116.25,92.5
4116.5,92.5
4116.75,92.5
4117.0,74.5
4117.25,74.5
4117.5,74.5
4117.75,80.5
4118.0,80.5
4118.25,80.5
4118.5,83.75
4118.75,83.75
4119.0,83.75
4119.25,84.5
4119.5,84.5
4119.75,84.5
4120.0,73.25
4120.25,73.25
4120.5,73.25
4120.75,82.0
4121.0,82.0
4121.25,0.0
4121.5,0.0
4121.75,0.0
4122.0,0.0
4122.25,0.0
4122.5,0.0
4122.75,0.0
4123.0,0.0
4123.25,77.75
4123.5,77.75
4123.75,77.75
4124.0,76.0
4124.25,76.0
4124.5,76.0
4124.75,72.0
4125.0,72.0
4125.25,72.0
4125.5,72.0
4125.75,77.5
4126.0,77.5
4126.25,77.5
4126.5,79.25
4126.75,79.25
4127.0,79.25
4127.25,81.0
4127.5,81.0
4127.75,81.0
4128.0,77.5
4128.25,77.5
4128.5,77.5
4128.75,81.25
4129.0,81.25
4129.25,83.25
4129.5,83.25
4129.75,83.25
4130.0,83.5
4130.25,83.5
4130.5,83.5
4130.75,86.75
4131.0,86.75
4131.25,86.75
4131.5,87.25
4131.75,87.25
4132.0,87.25
4132.25,81.25
4132.5,81.25
4132.75,81.25
4133.0,80.5
4133.25,80.5
4133.5,80.5
4133.75,65.75
4134.0,65.75
4134.25,65.75
4134.5,65.75
4134.75,68.0
4135.0,68.0
4135.25,68.0
4135.5,68.25
4135.75,68.25
4136.0,68.25
4136.25,68.25
4136.5,68.25
4136.75,68.25
4137.0,68.25
4137.25,68.25
4137.5,67.75
4137.75,67.75
4138.0,67.75
4138.25,69.0
4138.5,69.0
4138.75,69.0
4139.0,71.0
4139.25,71.0
4139.5,71.0
4139.75,71.0
4140.0,74.0
4140.25,74.0
4140.5,74.0
4140.75,74.0
4141.0,75.75
4141.25,75.75
4141.5,77.75
4141.75,77.75
4142.0,77.75
4142.25,78.0
4142.5,78.0
4142.75,78.0
4143.0,78.25
4143.25,78.25
4143.5,78.25
4143.75,77.25
4144.0,77.25
4144.25,77.25
4144.5,75.75
4144.75,75.75
4145.0,75.75
4145.25,75.25
4145.5,75.25
4145.75,75.25
4146.0,75.25
4146.25,74.75
4146.5,74.75
4146.75,74.75
4147.0,72.5
4147.25,72.5
4147.5,72.5
4147.75,70.0
4148.0,70.0
4148.25,70.0
4148.5,70.0
4148.75,68.75
4149.0,68.75
4149.25,68.75
4149.5,67.25
4149.75,67.25
4150.0,67.25
4150.25,67.25
4150.5,67.5
4150.75,67.5
4151.0,67.5
4151.25,67.5
4151.5,68.25
4151.75,68.25
4152.0,68.25
4152.25,68.25
4152.5,0.0
4152.75,0.0
4153.0,0.0
4153.25,0.0
4153.5,0.0
4153.75,0.0
4154.0,0.0
4154.25,0.0
4154.5,0.0
4154.75,0.0
4155.0,0.0
4155.25,0.0
4155.5,0.0
4155.75,0.0
4156.0,0.0
4156.25,0.0
4156.5,0.0
4156.75,0.0
4157.0,0.0
4157.25,0.0
4157.5,0.0
4157.75,0.0
4158.0,0.0
4158.25,65.75
4158.5,65.75
4158.75,65.75
4159.0,69.25
4159.25,69.25
4159.5,69.25
4159.75,74.0
4160.0,74.0
4160.25,74.0
4160.5,74.0
4160.75,69.5
4161.0,69.5
4161.25,69.5
4161.5,70.5
4161.75,70.5
4162.0,70.5
4162.25,70.5
4162.5,68.5
4162.75,68.5
4163.0,68.5
4163.25,67.0
4163.5,67.0
4163.75,67.0
4164.0,67.0
4164.25,65.0
4164.5,65.0
4164.75,65.0
4165.0,65.0
4165.25,61.5
4165.5,61.5
4165.75,61.5
4166.0,61.5
4166.25,58.0
4166.5,58.0
4166.75,58.0
4167.0,58.0
4167.25,58.0
4167.5,58.0
4167.75,0.0
4168.0,0.0
4168.25,0.0
4168.5,0.0
4168.75,0.0
4169.0,0.0
4169.25,0.0
4169.5,0.0
4169.75,0.0
4170.0,0.0
4170.25,0.0
4170.5,0.0
4170.75,0.0
4171.0,0.0
4171.25,0.0
4171.5,0.0
4171.75,0.0
4172.0,0.0
4172.25,0.0
4172.5,0.0
4172.75,0.0
4173.0,0.0
4173.25,0.0
4173.5,0.0
4173.75,0.0
4174.0,0.0
4174.25,0.0
4174.5,0.0
4174.75,0.0
4175.0,0.0
4175.25,0.0
4175.5,0.0
4175.75,0.0
4176.0,0.0
4176.25,0.0
4176.5,0.0
4176.75,0.0
4177.0,0.0
4177.25,0.0
4177.5,0.0
4177.75,0.0
4178.0,0.0
4178.25,0.0
4178.5,0.0
4178.75,0.0
4179.0,0.0
4179.25,0.0
4179.5,0.0
4179.75,0.0
4180.0,0.0
4180.25,0.0
4180.5,0.0
4180.75,0.0
4181.0,0.0
4181.25,0.0
4181.5,0.0
4181.75,0.0
4182.0,0.0
4182.25,0.0
4182.5,0.0
4182.75,0.0
4183.0,0.0
4183.25,0.0
4183.5,0.0
4183.75,0.0
4184.0,0.0
4184.25,0.0
4184.5,0.0
4184.75,0.0
4185.0,0.0
4185.25,0.0
4185.5,0.0
4185.75,0.0
4186.0,0.0
4186.25,0.0
4186.5,0.0
4186.75,0.0
4187.0,0.0
4187.25,0.0
4187.5,0.0
4187.75,0.0
4188.0,0.0
4188.25,0.0
4188.5,0.0
4188.75,0.0
4189.0,0.0
4189.25,0.0
4189.5,0.0
4189.75,0.0
4190.0,0.0
4190.25,0.0
4190.5,0.0
4190.75,0.0
4191.0,0.0
4191.25,0.0
4191.5,0.0
4191.75,0.0
4192.0,0.0
4192.25,0.0
4192.5,0.0
4192.75,0.0
4193.0,0.0
4193.25,0.0
4193.5,0.0
4193.75,0.0
4194.0,0.0
4194.25,0.0
4194.5,0.0
4194.75,0.0
4195.0,0.0
4195.25,0.0
4195.5,0.0
4195.75,0.0
4196.0,0.0
4196.25,0.0
4196.5,0.0
4196.75,0.0
4197.0,0.0
4197.25,0.0
4197.5,0.0
4197.75,0.0
4198.0,0.0
4198.25,0.0
4198.5,0.0
4198.75,0.0
4199.0,0.0
4199.25,0.0
4199.5,0.0
4199.75,0.0
